country_code,country,sex_code,sex,measure_code,measure,year,cancer_id,cancer,icd10,asr_world,asr_europe_1976,asr_europe_2013,asr_nordic_2000,crude_rate,count,population,unit,standard_population,source_version,source_url,retrieved_at
208,Denmark,1,Male,0,Incidence,1960,160,Lung,C33-C34,31.07271355,43.98476828,60.49509204,51.54462933,40.19966863,913,2271163,"per 100,000 person-years",Multiple rate definitions; see rate columns,NORDCAN 9.6 (30 June 2026),https://nordcan.iarc.fr/en/dataviz/trends?cancers=160&key=asr_n&populations=208_246_352_578_752&sexes=1_2&types=0_1&years=1960_2024,2026-07-30
208,Denmark,1,Male,0,Incidence,1961,160,Lung,C33-C34,35.05399241,49.31173316,67.21100961,56.79427213,45.47724432,1040,2286858,"per 100,000 person-years",Multiple rate definitions; see rate columns,NORDCAN 9.6 (30 June 2026),https://nordcan.iarc.fr/en/dataviz/trends?cancers=160&key=asr_n&populations=208_246_352_578_752&sexes=1_2&types=0_1&years=1960_2024,2026-07-30
208,Denmark,1,Male,0,Incidence,1962,160,Lung,C33-C34,33.16857481,47.15969022,65.19640334,55.60712123,44.29859509,1021,2304813.5,"per 100,000 person-years",Multiple rate definitions; see rate columns,NORDCAN 9.6 (30 June 2026),https://nordcan.iarc.fr/en/dataviz/trends?cancers=160&key=asr_n&populations=208_246_352_578_752&sexes=1_2&types=0_1&years=1960_2024,2026-07-30
208,Denmark,1,Male,0,Incidence,1963,160,Lung,C33-C34,36.46762319,51.87823464,72.18269176,61.3159555,48.56249839,1128,2322780,"per 100,000 person-years",Multiple rate definitions; see rate columns,NORDCAN 9.6 (30 June 2026),https://nordcan.iarc.fr/en/dataviz/trends?cancers=160&key=asr_n&populations=208_246_352_578_752&sexes=1_2&types=0_1&years=1960_2024,2026-07-30
208,Denmark,1,Male,0,Incidence,1964,160,Lung,C33-C34,38.59470611,54.20989447,73.96563402,62.79721466,51.30003515,1201,2341129,"per 100,000 person-years",Multiple rate definitions; see rate columns,NORDCAN 9.6 (30 June 2026),https://nordcan.iarc.fr/en/dataviz/trends?cancers=160&key=asr_n&populations=208_246_352_578_752&sexes=1_2&types=0_1&years=1960_2024,2026-07-30
208,Denmark,1,Male,0,Incidence,1965,160,Lung,C33-C34,41.26764117,58.87823747,82.18034885,69.61795757,55.87500448,1318,2358836.5,"per 100,000 person-years",Multiple rate definitions; see rate columns,NORDCAN 9.6 (30 June 2026),https://nordcan.iarc.fr/en/dataviz/trends?cancers=160&key=asr_n&populations=208_246_352_578_752&sexes=1_2&types=0_1&years=1960_2024,2026-07-30
208,Denmark,1,Male,0,Incidence,1966,160,Lung,C33-C34,41.55872128,59.47256367,83.95310077,70.66978407,56.91043232,1353,2377420,"per 100,000 person-years",Multiple rate definitions; see rate columns,NORDCAN 9.6 (30 June 2026),https://nordcan.iarc.fr/en/dataviz/trends?cancers=160&key=asr_n&populations=208_246_352_578_752&sexes=1_2&types=0_1&years=1960_2024,2026-07-30
208,Denmark,1,Male,0,Incidence,1967,160,Lung,C33-C34,45.09134446,64.3331315,90.25168018,76.10865897,61.72154278,1479,2396246,"per 100,000 person-years",Multiple rate definitions; see rate columns,NORDCAN 9.6 (30 June 2026),https://nordcan.iarc.fr/en/dataviz/trends?cancers=160&key=asr_n&populations=208_246_352_578_752&sexes=1_2&types=0_1&years=1960_2024,2026-07-30
208,Denmark,1,Male,0,Incidence,1968,160,Lung,C33-C34,47.8910427,68.3068975,97.24615591,81.9862855,66.16841916,1595,2410515.5,"per 100,000 person-years",Multiple rate definitions; see rate columns,NORDCAN 9.6 (30 June 2026),https://nordcan.iarc.fr/en/dataviz/trends?cancers=160&key=asr_n&populations=208_246_352_578_752&sexes=1_2&types=0_1&years=1960_2024,2026-07-30
208,Denmark,1,Male,0,Incidence,1969,160,Lung,C33-C34,47.33537578,68.14310911,98.20079567,82.4663517,66.28753114,1607,2424287,"per 100,000 person-years",Multiple rate definitions; see rate columns,NORDCAN 9.6 (30 June 2026),https://nordcan.iarc.fr/en/dataviz/trends?cancers=160&key=asr_n&populations=208_246_352_578_752&sexes=1_2&types=0_1&years=1960_2024,2026-07-30
208,Denmark,1,Male,0,Incidence,1970,160,Lung,C33-C34,49.54286563,70.72051783,101.1250882,84.88248048,69.33337149,1696,2446152.5,"per 100,000 person-years",Multiple rate definitions; see rate columns,NORDCAN 9.6 (30 June 2026),https://nordcan.iarc.fr/en/dataviz/trends?cancers=160&key=asr_n&populations=208_246_352_578_752&sexes=1_2&types=0_1&years=1960_2024,2026-07-30
208,Denmark,1,Male,0,Incidence,1971,160,Lung,C33-C34,51.48744243,74.5758324,108.8847057,91.70937583,73.42788763,1810,2465003.5,"per 100,000 person-years",Multiple rate definitions; see rate columns,NORDCAN 9.6 (30 June 2026),https://nordcan.iarc.fr/en/dataviz/trends?cancers=160&key=asr_n&populations=208_246_352_578_752&sexes=1_2&types=0_1&years=1960_2024,2026-07-30
208,Denmark,1,Male,0,Incidence,1972,160,Lung,C33-C34,53.91379667,77.98156136,114.2474806,95.86126534,77.41668826,1918,2477502,"per 100,000 person-years",Multiple rate definitions; see rate columns,NORDCAN 9.6 (30 June 2026),https://nordcan.iarc.fr/en/dataviz/trends?cancers=160&key=asr_n&populations=208_246_352_578_752&sexes=1_2&types=0_1&years=1960_2024,2026-07-30
208,Denmark,1,Male,0,Incidence,1973,160,Lung,C33-C34,53.49546416,77.67287502,114.1739636,96.09598995,77.30321746,1926,2491487.5,"per 100,000 person-years",Multiple rate definitions; see rate columns,NORDCAN 9.6 (30 June 2026),https://nordcan.iarc.fr/en/dataviz/trends?cancers=160&key=asr_n&populations=208_246_352_578_752&sexes=1_2&types=0_1&years=1960_2024,2026-07-30
208,Denmark,1,Male,0,Incidence,1974,160,Lung,C33-C34,54.02002341,78.76489836,116.5273028,97.9489212,78.60256946,1966,2501190.5,"per 100,000 person-years",Multiple rate definitions; see rate columns,NORDCAN 9.6 (30 June 2026),https://nordcan.iarc.fr/en/dataviz/trends?cancers=160&key=asr_n&populations=208_246_352_578_752&sexes=1_2&types=0_1&years=1960_2024,2026-07-30
208,Denmark,1,Male,0,Incidence,1975,160,Lung,C33-C34,53.95274631,78.33213635,115.6871655,97.0771618,79.38438586,1989,2505530.5,"per 100,000 person-years",Multiple rate definitions; see rate columns,NORDCAN 9.6 (30 June 2026),https://nordcan.iarc.fr/en/dataviz/trends?cancers=160&key=asr_n&populations=208_246_352_578_752&sexes=1_2&types=0_1&years=1960_2024,2026-07-30
208,Denmark,1,Male,0,Incidence,1976,160,Lung,C33-C34,55.84660264,82.1469038,122.6277792,103.5861558,83.47160601,2095,2509835.5,"per 100,000 person-years",Multiple rate definitions; see rate columns,NORDCAN 9.6 (30 June 2026),https://nordcan.iarc.fr/en/dataviz/trends?cancers=160&key=asr_n&populations=208_246_352_578_752&sexes=1_2&types=0_1&years=1960_2024,2026-07-30
208,Denmark,1,Male,0,Incidence,1977,160,Lung,C33-C34,55.93746212,81.99448644,122.3663908,103.1250415,84.28923727,2121,2516335.5,"per 100,000 person-years",Multiple rate definitions; see rate columns,NORDCAN 9.6 (30 June 2026),https://nordcan.iarc.fr/en/dataviz/trends?cancers=160&key=asr_n&populations=208_246_352_578_752&sexes=1_2&types=0_1&years=1960_2024,2026-07-30
208,Denmark,1,Male,0,Incidence,1978,160,Lung,C33-C34,56.97989739,83.00281776,122.3365762,103.4612406,85.42382207,2155,2522715.5,"per 100,000 person-years",Multiple rate definitions; see rate columns,NORDCAN 9.6 (30 June 2026),https://nordcan.iarc.fr/en/dataviz/trends?cancers=160&key=asr_n&populations=208_246_352_578_752&sexes=1_2&types=0_1&years=1960_2024,2026-07-30
208,Denmark,1,Male,0,Incidence,1979,160,Lung,C33-C34,57.12354527,83.32395969,123.3606848,103.6489543,86.13867654,2177,2527320,"per 100,000 person-years",Multiple rate definitions; see rate columns,NORDCAN 9.6 (30 June 2026),https://nordcan.iarc.fr/en/dataviz/trends?cancers=160&key=asr_n&populations=208_246_352_578_752&sexes=1_2&types=0_1&years=1960_2024,2026-07-30
208,Denmark,1,Male,0,Incidence,1980,160,Lung,C33-C34,56.63860907,83.25929871,125.5974827,105.6667064,86.71229903,2193,2529053,"per 100,000 person-years",Multiple rate definitions; see rate columns,NORDCAN 9.6 (30 June 2026),https://nordcan.iarc.fr/en/dataviz/trends?cancers=160&key=asr_n&populations=208_246_352_578_752&sexes=1_2&types=0_1&years=1960_2024,2026-07-30
208,Denmark,1,Male,0,Incidence,1981,160,Lung,C33-C34,58.93448567,86.46606314,128.9876568,108.8163359,90.18184695,2280,2528225,"per 100,000 person-years",Multiple rate definitions; see rate columns,NORDCAN 9.6 (30 June 2026),https://nordcan.iarc.fr/en/dataviz/trends?cancers=160&key=asr_n&populations=208_246_352_578_752&sexes=1_2&types=0_1&years=1960_2024,2026-07-30
208,Denmark,1,Male,0,Incidence,1982,160,Lung,C33-C34,58.90700232,86.77117509,130.2366462,110.1443912,91.29000624,2304,2523825,"per 100,000 person-years",Multiple rate definitions; see rate columns,NORDCAN 9.6 (30 June 2026),https://nordcan.iarc.fr/en/dataviz/trends?cancers=160&key=asr_n&populations=208_246_352_578_752&sexes=1_2&types=0_1&years=1960_2024,2026-07-30
208,Denmark,1,Male,0,Incidence,1983,160,Lung,C33-C34,59.72367667,88.10304859,132.7196063,112.032535,93.08985332,2347,2521220,"per 100,000 person-years",Multiple rate definitions; see rate columns,NORDCAN 9.6 (30 June 2026),https://nordcan.iarc.fr/en/dataviz/trends?cancers=160&key=asr_n&populations=208_246_352_578_752&sexes=1_2&types=0_1&years=1960_2024,2026-07-30
208,Denmark,1,Male,0,Incidence,1984,160,Lung,C33-C34,57.75174244,85.11228648,128.1904592,108.2316677,90.31184992,2274,2517942,"per 100,000 person-years",Multiple rate definitions; see rate columns,NORDCAN 9.6 (30 June 2026),https://nordcan.iarc.fr/en/dataviz/trends?cancers=160&key=asr_n&populations=208_246_352_578_752&sexes=1_2&types=0_1&years=1960_2024,2026-07-30
208,Denmark,1,Male,0,Incidence,1985,160,Lung,C33-C34,60.42368166,89.18824826,135.1111277,113.9313432,95.11050935,2394,2517072,"per 100,000 person-years",Multiple rate definitions; see rate columns,NORDCAN 9.6 (30 June 2026),https://nordcan.iarc.fr/en/dataviz/trends?cancers=160&key=asr_n&populations=208_246_352_578_752&sexes=1_2&types=0_1&years=1960_2024,2026-07-30
208,Denmark,1,Male,0,Incidence,1986,160,Lung,C33-C34,55.77926492,82.04180166,123.9897075,104.4436525,87.59947678,2208,2520563,"per 100,000 person-years",Multiple rate definitions; see rate columns,NORDCAN 9.6 (30 June 2026),https://nordcan.iarc.fr/en/dataviz/trends?cancers=160&key=asr_n&populations=208_246_352_578_752&sexes=1_2&types=0_1&years=1960_2024,2026-07-30
208,Denmark,1,Male,0,Incidence,1987,160,Lung,C33-C34,58.78055635,86.62089755,131.6560005,110.8406446,92.35873033,2333,2526020,"per 100,000 person-years",Multiple rate definitions; see rate columns,NORDCAN 9.6 (30 June 2026),https://nordcan.iarc.fr/en/dataviz/trends?cancers=160&key=asr_n&populations=208_246_352_578_752&sexes=1_2&types=0_1&years=1960_2024,2026-07-30
208,Denmark,1,Male,0,Incidence,1988,160,Lung,C33-C34,56.22172932,82.92689614,124.980648,105.4457607,88.88463431,2247,2527996,"per 100,000 person-years",Multiple rate definitions; see rate columns,NORDCAN 9.6 (30 June 2026),https://nordcan.iarc.fr/en/dataviz/trends?cancers=160&key=asr_n&populations=208_246_352_578_752&sexes=1_2&types=0_1&years=1960_2024,2026-07-30
208,Denmark,1,Male,0,Incidence,1989,160,Lung,C33-C34,54.77136448,80.67769706,121.8667172,102.2815775,86.86141925,2196,2528165,"per 100,000 person-years",Multiple rate definitions; see rate columns,NORDCAN 9.6 (30 June 2026),https://nordcan.iarc.fr/en/dataviz/trends?cancers=160&key=asr_n&populations=208_246_352_578_752&sexes=1_2&types=0_1&years=1960_2024,2026-07-30
208,Denmark,1,Male,0,Incidence,1990,160,Lung,C33-C34,51.01305555,74.64633483,112.0115723,94.08118389,80.85048706,2046,2530597,"per 100,000 person-years",Multiple rate definitions; see rate columns,NORDCAN 9.6 (30 June 2026),https://nordcan.iarc.fr/en/dataviz/trends?cancers=160&key=asr_n&populations=208_246_352_578_752&sexes=1_2&types=0_1&years=1960_2024,2026-07-30
208,Denmark,1,Male,0,Incidence,1991,160,Lung,C33-C34,50.4630653,74.09809773,111.8956509,93.76685174,79.99555274,2029,2536391,"per 100,000 person-years",Multiple rate definitions; see rate columns,NORDCAN 9.6 (30 June 2026),https://nordcan.iarc.fr/en/dataviz/trends?cancers=160&key=asr_n&populations=208_246_352_578_752&sexes=1_2&types=0_1&years=1960_2024,2026-07-30
208,Denmark,1,Male,0,Incidence,1992,160,Lung,C33-C34,52.25949572,76.4123233,114.6369488,95.84815649,82.25733301,2093,2544454,"per 100,000 person-years",Multiple rate definitions; see rate columns,NORDCAN 9.6 (30 June 2026),https://nordcan.iarc.fr/en/dataviz/trends?cancers=160&key=asr_n&populations=208_246_352_578_752&sexes=1_2&types=0_1&years=1960_2024,2026-07-30
208,Denmark,1,Male,0,Incidence,1993,160,Lung,C33-C34,51.17762666,75.32359095,114.3534088,95.88131419,81.57852089,2084,2554594,"per 100,000 person-years",Multiple rate definitions; see rate columns,NORDCAN 9.6 (30 June 2026),https://nordcan.iarc.fr/en/dataviz/trends?cancers=160&key=asr_n&populations=208_246_352_578_752&sexes=1_2&types=0_1&years=1960_2024,2026-07-30
208,Denmark,1,Male,0,Incidence,1994,160,Lung,C33-C34,51.01337526,75.1674773,114.6725036,96.17790368,81.68704422,2094,2563442,"per 100,000 person-years",Multiple rate definitions; see rate columns,NORDCAN 9.6 (30 June 2026),https://nordcan.iarc.fr/en/dataviz/trends?cancers=160&key=asr_n&populations=208_246_352_578_752&sexes=1_2&types=0_1&years=1960_2024,2026-07-30
208,Denmark,1,Male,0,Incidence,1995,160,Lung,C33-C34,49.60237902,73.20289234,111.9003434,93.94956327,79.50806039,2046,2573324,"per 100,000 person-years",Multiple rate definitions; see rate columns,NORDCAN 9.6 (30 June 2026),https://nordcan.iarc.fr/en/dataviz/trends?cancers=160&key=asr_n&populations=208_246_352_578_752&sexes=1_2&types=0_1&years=1960_2024,2026-07-30
208,Denmark,1,Male,0,Incidence,1996,160,Lung,C33-C34,48.07817645,70.56597855,106.6741247,89.62599855,76.18946217,1975,2592222,"per 100,000 person-years",Multiple rate definitions; see rate columns,NORDCAN 9.6 (30 June 2026),https://nordcan.iarc.fr/en/dataviz/trends?cancers=160&key=asr_n&populations=208_246_352_578_752&sexes=1_2&types=0_1&years=1960_2024,2026-07-30
208,Denmark,1,Male,0,Incidence,1997,160,Lung,C33-C34,49.02972281,72.41466642,110.4337814,92.72560863,78.58155495,2047,2604937,"per 100,000 person-years",Multiple rate definitions; see rate columns,NORDCAN 9.6 (30 June 2026),https://nordcan.iarc.fr/en/dataviz/trends?cancers=160&key=asr_n&populations=208_246_352_578_752&sexes=1_2&types=0_1&years=1960_2024,2026-07-30
208,Denmark,1,Male,0,Incidence,1998,160,Lung,C33-C34,46.49327636,68.82805689,105.9546704,88.40549687,74.97125974,1961,2615669,"per 100,000 person-years",Multiple rate definitions; see rate columns,NORDCAN 9.6 (30 June 2026),https://nordcan.iarc.fr/en/dataviz/trends?cancers=160&key=asr_n&populations=208_246_352_578_752&sexes=1_2&types=0_1&years=1960_2024,2026-07-30
208,Denmark,1,Male,0,Incidence,1999,160,Lung,C33-C34,46.75219187,69.32269352,106.3884232,89.57446312,76.3687043,2005,2625421,"per 100,000 person-years",Multiple rate definitions; see rate columns,NORDCAN 9.6 (30 June 2026),https://nordcan.iarc.fr/en/dataviz/trends?cancers=160&key=asr_n&populations=208_246_352_578_752&sexes=1_2&types=0_1&years=1960_2024,2026-07-30
208,Denmark,1,Male,0,Incidence,2000,160,Lung,C33-C34,49.36702551,73.42034621,113.0509564,94.78775133,81.35538141,2143,2634122,"per 100,000 person-years",Multiple rate definitions; see rate columns,NORDCAN 9.6 (30 June 2026),https://nordcan.iarc.fr/en/dataviz/trends?cancers=160&key=asr_n&populations=208_246_352_578_752&sexes=1_2&types=0_1&years=1960_2024,2026-07-30
208,Denmark,1,Male,0,Incidence,2001,160,Lung,C33-C34,47.23198475,70.50969549,110.3911984,92.70350442,79.18863042,2094,2644319,"per 100,000 person-years",Multiple rate definitions; see rate columns,NORDCAN 9.6 (30 June 2026),https://nordcan.iarc.fr/en/dataviz/trends?cancers=160&key=asr_n&populations=208_246_352_578_752&sexes=1_2&types=0_1&years=1960_2024,2026-07-30
208,Denmark,1,Male,0,Incidence,2002,160,Lung,C33-C34,47.52250941,70.54890217,109.2562178,91.64722846,79.64897184,2114,2654146,"per 100,000 person-years",Multiple rate definitions; see rate columns,NORDCAN 9.6 (30 June 2026),https://nordcan.iarc.fr/en/dataviz/trends?cancers=160&key=asr_n&populations=208_246_352_578_752&sexes=1_2&types=0_1&years=1960_2024,2026-07-30
208,Denmark,1,Male,0,Incidence,2003,160,Lung,C33-C34,45.20070051,67.72770444,106.1244422,89.35937586,77.67503739,2068,2662374,"per 100,000 person-years",Multiple rate definitions; see rate columns,NORDCAN 9.6 (30 June 2026),https://nordcan.iarc.fr/en/dataviz/trends?cancers=160&key=asr_n&populations=208_246_352_578_752&sexes=1_2&types=0_1&years=1960_2024,2026-07-30
208,Denmark,1,Male,0,Incidence,2004,160,Lung,C33-C34,45.39853116,68.17371293,107.7828464,90.44658732,79.71834349,2130,2671907,"per 100,000 person-years",Multiple rate definitions; see rate columns,NORDCAN 9.6 (30 June 2026),https://nordcan.iarc.fr/en/dataviz/trends?cancers=160&key=asr_n&populations=208_246_352_578_752&sexes=1_2&types=0_1&years=1960_2024,2026-07-30
208,Denmark,1,Male,0,Incidence,2005,160,Lung,C33-C34,44.65581726,67.36562415,106.7312628,89.91265923,80.3401077,2153,2679857,"per 100,000 person-years",Multiple rate definitions; see rate columns,NORDCAN 9.6 (30 June 2026),https://nordcan.iarc.fr/en/dataviz/trends?cancers=160&key=asr_n&populations=208_246_352_578_752&sexes=1_2&types=0_1&years=1960_2024,2026-07-30
208,Denmark,1,Male,0,Incidence,2006,160,Lung,C33-C34,44.32206169,66.64854844,104.9753226,88.21155157,80.5150884,2166,2690179,"per 100,000 person-years",Multiple rate definitions; see rate columns,NORDCAN 9.6 (30 June 2026),https://nordcan.iarc.fr/en/dataviz/trends?cancers=160&key=asr_n&populations=208_246_352_578_752&sexes=1_2&types=0_1&years=1960_2024,2026-07-30
208,Denmark,1,Male,0,Incidence,2007,160,Lung,C33-C34,45.29363939,68.54603794,108.8709958,91.85680235,84.24303728,2277,2702894,"per 100,000 person-years",Multiple rate definitions; see rate columns,NORDCAN 9.6 (30 June 2026),https://nordcan.iarc.fr/en/dataviz/trends?cancers=160&key=asr_n&populations=208_246_352_578_752&sexes=1_2&types=0_1&years=1960_2024,2026-07-30
208,Denmark,1,Male,0,Incidence,2008,160,Lung,C33-C34,43.6547382,65.92932108,105.2056922,88.53224741,82.42598573,2242,2720016,"per 100,000 person-years",Multiple rate definitions; see rate columns,NORDCAN 9.6 (30 June 2026),https://nordcan.iarc.fr/en/dataviz/trends?cancers=160&key=asr_n&populations=208_246_352_578_752&sexes=1_2&types=0_1&years=1960_2024,2026-07-30
208,Denmark,1,Male,0,Incidence,2009,160,Lung,C33-C34,43.2126794,65.74856892,104.8711469,88.33834326,83.00490171,2271,2735983,"per 100,000 person-years",Multiple rate definitions; see rate columns,NORDCAN 9.6 (30 June 2026),https://nordcan.iarc.fr/en/dataviz/trends?cancers=160&key=asr_n&populations=208_246_352_578_752&sexes=1_2&types=0_1&years=1960_2024,2026-07-30
208,Denmark,1,Male,0,Incidence,2010,160,Lung,C33-C34,42.75707434,65.10981919,104.9911013,88.71087413,84.31019018,2317,2748185,"per 100,000 person-years",Multiple rate definitions; see rate columns,NORDCAN 9.6 (30 June 2026),https://nordcan.iarc.fr/en/dataviz/trends?cancers=160&key=asr_n&populations=208_246_352_578_752&sexes=1_2&types=0_1&years=1960_2024,2026-07-30
208,Denmark,1,Male,0,Incidence,2011,160,Lung,C33-C34,41.34366569,62.98455158,101.6873076,85.72411112,83.2566464,2298,2760140,"per 100,000 person-years",Multiple rate definitions; see rate columns,NORDCAN 9.6 (30 June 2026),https://nordcan.iarc.fr/en/dataviz/trends?cancers=160&key=asr_n&populations=208_246_352_578_752&sexes=1_2&types=0_1&years=1960_2024,2026-07-30
208,Denmark,1,Male,0,Incidence,2012,160,Lung,C33-C34,42.22366156,63.99252376,103.3570427,87.03440145,86.42440409,2395,2771208,"per 100,000 person-years",Multiple rate definitions; see rate columns,NORDCAN 9.6 (30 June 2026),https://nordcan.iarc.fr/en/dataviz/trends?cancers=160&key=asr_n&populations=208_246_352_578_752&sexes=1_2&types=0_1&years=1960_2024,2026-07-30
208,Denmark,1,Male,0,Incidence,2013,160,Lung,C33-C34,39.29951471,59.61938037,95.58036578,80.71521168,81.61252844,2271,2782661,"per 100,000 person-years",Multiple rate definitions; see rate columns,NORDCAN 9.6 (30 June 2026),https://nordcan.iarc.fr/en/dataviz/trends?cancers=160&key=asr_n&populations=208_246_352_578_752&sexes=1_2&types=0_1&years=1960_2024,2026-07-30
208,Denmark,1,Male,0,Incidence,2014,160,Lung,C33-C34,40.90423762,61.99575592,100.1322449,84.12503543,87.36041887,2446,2799895,"per 100,000 person-years",Multiple rate definitions; see rate columns,NORDCAN 9.6 (30 June 2026),https://nordcan.iarc.fr/en/dataviz/trends?cancers=160&key=asr_n&populations=208_246_352_578_752&sexes=1_2&types=0_1&years=1960_2024,2026-07-30
208,Denmark,1,Male,0,Incidence,2015,160,Lung,C33-C34,37.99087026,58.02769368,94.78800865,79.48525378,82.93962697,2341,2822535,"per 100,000 person-years",Multiple rate definitions; see rate columns,NORDCAN 9.6 (30 June 2026),https://nordcan.iarc.fr/en/dataviz/trends?cancers=160&key=asr_n&populations=208_246_352_578_752&sexes=1_2&types=0_1&years=1960_2024,2026-07-30
208,Denmark,1,Male,0,Incidence,2016,160,Lung,C33-C34,38.40620251,57.91751193,92.58736512,77.69624177,83.49631149,2378,2848030,"per 100,000 person-years",Multiple rate definitions; see rate columns,NORDCAN 9.6 (30 June 2026),https://nordcan.iarc.fr/en/dataviz/trends?cancers=160&key=asr_n&populations=208_246_352_578_752&sexes=1_2&types=0_1&years=1960_2024,2026-07-30
208,Denmark,1,Male,0,Incidence,2017,160,Lung,C33-C34,38.31703963,58.05845221,93.39558733,78.29552707,85.31708937,2446,2866952,"per 100,000 person-years",Multiple rate definitions; see rate columns,NORDCAN 9.6 (30 June 2026),https://nordcan.iarc.fr/en/dataviz/trends?cancers=160&key=asr_n&populations=208_246_352_578_752&sexes=1_2&types=0_1&years=1960_2024,2026-07-30
208,Denmark,1,Male,0,Incidence,2018,160,Lung,C33-C34,36.88847802,55.81662409,90.42406069,75.41571957,83.84172792,2416,2881620,"per 100,000 person-years",Multiple rate definitions; see rate columns,NORDCAN 9.6 (30 June 2026),https://nordcan.iarc.fr/en/dataviz/trends?cancers=160&key=asr_n&populations=208_246_352_578_752&sexes=1_2&types=0_1&years=1960_2024,2026-07-30
208,Denmark,1,Male,0,Incidence,2019,160,Lung,C33-C34,35.68834804,54.38559746,88.87308226,74.25267294,83.65711158,2421,2893956,"per 100,000 person-years",Multiple rate definitions; see rate columns,NORDCAN 9.6 (30 June 2026),https://nordcan.iarc.fr/en/dataviz/trends?cancers=160&key=asr_n&populations=208_246_352_578_752&sexes=1_2&types=0_1&years=1960_2024,2026-07-30
208,Denmark,1,Male,0,Incidence,2020,160,Lung,C33-C34,36.34504142,55.34143125,89.93633736,75.36777932,86.10407861,2495,2897656,"per 100,000 person-years",Multiple rate definitions; see rate columns,NORDCAN 9.6 (30 June 2026),https://nordcan.iarc.fr/en/dataviz/trends?cancers=160&key=asr_n&populations=208_246_352_578_752&sexes=1_2&types=0_1&years=1960_2024,2026-07-30
208,Denmark,1,Male,0,Incidence,2021,160,Lung,C33-C34,35.14831622,53.83795931,88.70280082,74.04280562,86.37379514,2514,2910605,"per 100,000 person-years",Multiple rate definitions; see rate columns,NORDCAN 9.6 (30 June 2026),https://nordcan.iarc.fr/en/dataviz/trends?cancers=160&key=asr_n&populations=208_246_352_578_752&sexes=1_2&types=0_1&years=1960_2024,2026-07-30
208,Denmark,1,Male,0,Incidence,2022,160,Lung,C33-C34,34.57382758,52.84570009,86.81155337,72.60407316,85.5707148,2514,2937921,"per 100,000 person-years",Multiple rate definitions; see rate columns,NORDCAN 9.6 (30 June 2026),https://nordcan.iarc.fr/en/dataviz/trends?cancers=160&key=asr_n&populations=208_246_352_578_752&sexes=1_2&types=0_1&years=1960_2024,2026-07-30
208,Denmark,1,Male,0,Incidence,2023,160,Lung,C33-C34,33.78086292,51.61055466,84.97310283,71.05997314,84.62687365,2501,2955326,"per 100,000 person-years",Multiple rate definitions; see rate columns,NORDCAN 9.6 (30 June 2026),https://nordcan.iarc.fr/en/dataviz/trends?cancers=160&key=asr_n&populations=208_246_352_578_752&sexes=1_2&types=0_1&years=1960_2024,2026-07-30
208,Denmark,1,Male,0,Incidence,2024,160,Lung,C33-C34,31.62051513,48.43634799,80.05750849,67.09647545,81.12143566,2409,2969622,"per 100,000 person-years",Multiple rate definitions; see rate columns,NORDCAN 9.6 (30 June 2026),https://nordcan.iarc.fr/en/dataviz/trends?cancers=160&key=asr_n&populations=208_246_352_578_752&sexes=1_2&types=0_1&years=1960_2024,2026-07-30
246,Finland,1,Male,0,Incidence,1960,160,Lung,C33-C34,63.0589793,89.4780338,123.5685219,105.0825732,58.99326166,1258.6,2133464,"per 100,000 person-years",Multiple rate definitions; see rate columns,NORDCAN 9.6 (30 June 2026),https://nordcan.iarc.fr/en/dataviz/trends?cancers=160&key=asr_n&populations=208_246_352_578_752&sexes=1_2&types=0_1&years=1960_2024,2026-07-30
246,Finland,1,Male,0,Incidence,1961,160,Lung,C33-C34,65.73914743,93.64498003,129.8753076,110.3935993,62.35151632,1340.6,2150068,"per 100,000 person-years",Multiple rate definitions; see rate columns,NORDCAN 9.6 (30 June 2026),https://nordcan.iarc.fr/en/dataviz/trends?cancers=160&key=asr_n&populations=208_246_352_578_752&sexes=1_2&types=0_1&years=1960_2024,2026-07-30
246,Finland,1,Male,0,Incidence,1962,160,Lung,C33-C34,68.33553442,96.60755618,133.207445,113.2080806,65.63254776,1421.6,2165998.5,"per 100,000 person-years",Multiple rate definitions; see rate columns,NORDCAN 9.6 (30 June 2026),https://nordcan.iarc.fr/en/dataviz/trends?cancers=160&key=asr_n&populations=208_246_352_578_752&sexes=1_2&types=0_1&years=1960_2024,2026-07-30
246,Finland,1,Male,0,Incidence,1963,160,Lung,C33-C34,67.5307532,95.93062679,133.4609303,112.9426332,65.275608,1424.6,2182438.5,"per 100,000 person-years",Multiple rate definitions; see rate columns,NORDCAN 9.6 (30 June 2026),https://nordcan.iarc.fr/en/dataviz/trends?cancers=160&key=asr_n&populations=208_246_352_578_752&sexes=1_2&types=0_1&years=1960_2024,2026-07-30
246,Finland,1,Male,0,Incidence,1964,160,Lung,C33-C34,72.94672107,104.3072339,146.6770714,124.2537549,71.85454738,1577.6,2195546.5,"per 100,000 person-years",Multiple rate definitions; see rate columns,NORDCAN 9.6 (30 June 2026),https://nordcan.iarc.fr/en/dataviz/trends?cancers=160&key=asr_n&populations=208_246_352_578_752&sexes=1_2&types=0_1&years=1960_2024,2026-07-30
246,Finland,1,Male,0,Incidence,1965,160,Lung,C33-C34,73.13167383,104.7751317,148.1987889,125.8356009,72.85614134,1605.6,2203795,"per 100,000 person-years",Multiple rate definitions; see rate columns,NORDCAN 9.6 (30 June 2026),https://nordcan.iarc.fr/en/dataviz/trends?cancers=160&key=asr_n&populations=208_246_352_578_752&sexes=1_2&types=0_1&years=1960_2024,2026-07-30
246,Finland,1,Male,0,Incidence,1966,160,Lung,C33-C34,71.98369472,103.3031474,147.4987524,124.7615301,72.14883646,1596.6,2212925.5,"per 100,000 person-years",Multiple rate definitions; see rate columns,NORDCAN 9.6 (30 June 2026),https://nordcan.iarc.fr/en/dataviz/trends?cancers=160&key=asr_n&populations=208_246_352_578_752&sexes=1_2&types=0_1&years=1960_2024,2026-07-30
246,Finland,1,Male,0,Incidence,1967,160,Lung,C33-C34,76.52392032,109.2382673,153.8452632,130.9853543,78.432976,1745.6,2225594.5,"per 100,000 person-years",Multiple rate definitions; see rate columns,NORDCAN 9.6 (30 June 2026),https://nordcan.iarc.fr/en/dataviz/trends?cancers=160&key=asr_n&populations=208_246_352_578_752&sexes=1_2&types=0_1&years=1960_2024,2026-07-30
246,Finland,1,Male,0,Incidence,1968,160,Lung,C33-C34,74.85813947,108.1016418,155.0321614,131.1973152,77.39248243,1730.6,2236134.5,"per 100,000 person-years",Multiple rate definitions; see rate columns,NORDCAN 9.6 (30 June 2026),https://nordcan.iarc.fr/en/dataviz/trends?cancers=160&key=asr_n&populations=208_246_352_578_752&sexes=1_2&types=0_1&years=1960_2024,2026-07-30
246,Finland,1,Male,0,Incidence,1969,160,Lung,C33-C34,80.79568129,116.2231977,166.8784666,140.68447,84.45830308,1887.6,2234949,"per 100,000 person-years",Multiple rate definitions; see rate columns,NORDCAN 9.6 (30 June 2026),https://nordcan.iarc.fr/en/dataviz/trends?cancers=160&key=asr_n&populations=208_246_352_578_752&sexes=1_2&types=0_1&years=1960_2024,2026-07-30
246,Finland,1,Male,0,Incidence,1970,160,Lung,C33-C34,78.72322676,113.5529904,164.0819459,137.9374123,83.55575769,1859.2,2225101,"per 100,000 person-years",Multiple rate definitions; see rate columns,NORDCAN 9.6 (30 June 2026),https://nordcan.iarc.fr/en/dataviz/trends?cancers=160&key=asr_n&populations=208_246_352_578_752&sexes=1_2&types=0_1&years=1960_2024,2026-07-30
246,Finland,1,Male,0,Incidence,1971,160,Lung,C33-C34,81.64968489,117.4250248,168.9180995,142.4081461,88.33364541,1967.2,2227011,"per 100,000 person-years",Multiple rate definitions; see rate columns,NORDCAN 9.6 (30 June 2026),https://nordcan.iarc.fr/en/dataviz/trends?cancers=160&key=asr_n&populations=208_246_352_578_752&sexes=1_2&types=0_1&years=1960_2024,2026-07-30
246,Finland,1,Male,0,Incidence,1972,160,Lung,C33-C34,77.345410330000007,112.3852412,163.6881555,138.2733267,84.50425243,1894.2,2241544,"per 100,000 person-years",Multiple rate definitions; see rate columns,NORDCAN 9.6 (30 June 2026),https://nordcan.iarc.fr/en/dataviz/trends?cancers=160&key=asr_n&populations=208_246_352_578_752&sexes=1_2&types=0_1&years=1960_2024,2026-07-30
246,Finland,1,Male,0,Incidence,1973,160,Lung,C33-C34,76.44614772,109.8006643,157.2625194,132.197568,84.50979597,1906.2,2255596.5,"per 100,000 person-years",Multiple rate definitions; see rate columns,NORDCAN 9.6 (30 June 2026),https://nordcan.iarc.fr/en/dataviz/trends?cancers=160&key=asr_n&populations=208_246_352_578_752&sexes=1_2&types=0_1&years=1960_2024,2026-07-30
246,Finland,1,Male,0,Incidence,1974,160,Lung,C33-C34,76.40864087,110.0553603,158.1780372,132.9598328,85.45936392,1938.2,2267978.5,"per 100,000 person-years",Multiple rate definitions; see rate columns,NORDCAN 9.6 (30 June 2026),https://nordcan.iarc.fr/en/dataviz/trends?cancers=160&key=asr_n&populations=208_246_352_578_752&sexes=1_2&types=0_1&years=1960_2024,2026-07-30
246,Finland,1,Male,0,Incidence,1975,160,Lung,C33-C34,73.75381416,107.1904555,156.4605547,132.0690612,82.71419506,1884.2,2277964.5,"per 100,000 person-years",Multiple rate definitions; see rate columns,NORDCAN 9.6 (30 June 2026),https://nordcan.iarc.fr/en/dataviz/trends?cancers=160&key=asr_n&populations=208_246_352_578_752&sexes=1_2&types=0_1&years=1960_2024,2026-07-30
246,Finland,1,Male,0,Incidence,1976,160,Lung,C33-C34,80.04603443,116.9877285,173.9871321,146.3338604,90.58541239,2069.2,2284253,"per 100,000 person-years",Multiple rate definitions; see rate columns,NORDCAN 9.6 (30 June 2026),https://nordcan.iarc.fr/en/dataviz/trends?cancers=160&key=asr_n&populations=208_246_352_578_752&sexes=1_2&types=0_1&years=1960_2024,2026-07-30
246,Finland,1,Male,0,Incidence,1977,160,Lung,C33-C34,78.82633582,114.8153767,168.3498629,142.039188,91.32137074,2092.2,2291030,"per 100,000 person-years",Multiple rate definitions; see rate columns,NORDCAN 9.6 (30 June 2026),https://nordcan.iarc.fr/en/dataviz/trends?cancers=160&key=asr_n&populations=208_246_352_578_752&sexes=1_2&types=0_1&years=1960_2024,2026-07-30
246,Finland,1,Male,0,Incidence,1978,160,Lung,C33-C34,77.18366496,113.3972623,169.0587038,142.7022428,90.38263811,2077.2,2298229,"per 100,000 person-years",Multiple rate definitions; see rate columns,NORDCAN 9.6 (30 June 2026),https://nordcan.iarc.fr/en/dataviz/trends?cancers=160&key=asr_n&populations=208_246_352_578_752&sexes=1_2&types=0_1&years=1960_2024,2026-07-30
246,Finland,1,Male,0,Incidence,1979,160,Lung,C33-C34,73.59313105,108.6661355,163.8229293,137.968819,87.5167713,2016.2,2303787,"per 100,000 person-years",Multiple rate definitions; see rate columns,NORDCAN 9.6 (30 June 2026),https://nordcan.iarc.fr/en/dataviz/trends?cancers=160&key=asr_n&populations=208_246_352_578_752&sexes=1_2&types=0_1&years=1960_2024,2026-07-30
246,Finland,1,Male,0,Incidence,1980,160,Lung,C33-C34,73.94025791,108.5771164,162.6819012,137.2404654,88.21135933,2038.4,2310813.5,"per 100,000 person-years",Multiple rate definitions; see rate columns,NORDCAN 9.6 (30 June 2026),https://nordcan.iarc.fr/en/dataviz/trends?cancers=160&key=asr_n&populations=208_246_352_578_752&sexes=1_2&types=0_1&years=1960_2024,2026-07-30
246,Finland,1,Male,0,Incidence,1981,160,Lung,C33-C34,71.61271393,105.3621254,157.5334106,132.9783631,86.78426889,2014.4,2321158,"per 100,000 person-years",Multiple rate definitions; see rate columns,NORDCAN 9.6 (30 June 2026),https://nordcan.iarc.fr/en/dataviz/trends?cancers=160&key=asr_n&populations=208_246_352_578_752&sexes=1_2&types=0_1&years=1960_2024,2026-07-30
246,Finland,1,Male,0,Incidence,1982,160,Lung,C33-C34,70.50023431,103.824902,156.8295811,131.3016685,86.39196016,2017.4,2335171,"per 100,000 person-years",Multiple rate definitions; see rate columns,NORDCAN 9.6 (30 June 2026),https://nordcan.iarc.fr/en/dataviz/trends?cancers=160&key=asr_n&populations=208_246_352_578_752&sexes=1_2&types=0_1&years=1960_2024,2026-07-30
246,Finland,1,Male,0,Incidence,1983,160,Lung,C33-C34,69.15286185,102.5539484,157.8397887,132.4615659,85.29287298,2004.4,2350020.5,"per 100,000 person-years",Multiple rate definitions; see rate columns,NORDCAN 9.6 (30 June 2026),https://nordcan.iarc.fr/en/dataviz/trends?cancers=160&key=asr_n&populations=208_246_352_578_752&sexes=1_2&types=0_1&years=1960_2024,2026-07-30
246,Finland,1,Male,0,Incidence,1984,160,Lung,C33-C34,66.22935316,98.02758645,149.5729079,125.7098635,83.08226134,1963.4,2363200,"per 100,000 person-years",Multiple rate definitions; see rate columns,NORDCAN 9.6 (30 June 2026),https://nordcan.iarc.fr/en/dataviz/trends?cancers=160&key=asr_n&populations=208_246_352_578_752&sexes=1_2&types=0_1&years=1960_2024,2026-07-30
246,Finland,1,Male,0,Incidence,1985,160,Lung,C33-C34,67.24856032,99.28012407,151.5844189,126.8216585,84.56695249,2007.2,2373504,"per 100,000 person-years",Multiple rate definitions; see rate columns,NORDCAN 9.6 (30 June 2026),https://nordcan.iarc.fr/en/dataviz/trends?cancers=160&key=asr_n&populations=208_246_352_578_752&sexes=1_2&types=0_1&years=1960_2024,2026-07-30
246,Finland,1,Male,0,Incidence,1986,160,Lung,C33-C34,61.33252554,90.14370257,137.0813186,114.6472184,77.97388807,1857.2,2381823,"per 100,000 person-years",Multiple rate definitions; see rate columns,NORDCAN 9.6 (30 June 2026),https://nordcan.iarc.fr/en/dataviz/trends?cancers=160&key=asr_n&populations=208_246_352_578_752&sexes=1_2&types=0_1&years=1960_2024,2026-07-30
246,Finland,1,Male,0,Incidence,1987,160,Lung,C33-C34,59.66683656,88.8019484,137.6090079,115.5121117,77.68584734,1856.2,2389367,"per 100,000 person-years",Multiple rate definitions; see rate columns,NORDCAN 9.6 (30 June 2026),https://nordcan.iarc.fr/en/dataviz/trends?cancers=160&key=asr_n&populations=208_246_352_578_752&sexes=1_2&types=0_1&years=1960_2024,2026-07-30
246,Finland,1,Male,0,Incidence,1988,160,Lung,C33-C34,58.61743328,86.04178457,131.4559921,109.4354514,75.47396499,1809.2,2397118,"per 100,000 person-years",Multiple rate definitions; see rate columns,NORDCAN 9.6 (30 June 2026),https://nordcan.iarc.fr/en/dataviz/trends?cancers=160&key=asr_n&populations=208_246_352_578_752&sexes=1_2&types=0_1&years=1960_2024,2026-07-30
246,Finland,1,Male,0,Incidence,1989,160,Lung,C33-C34,50.89960151,75.04006809,114.9257227,95.68584364,66.85322866,1609.2,2407064,"per 100,000 person-years",Multiple rate definitions; see rate columns,NORDCAN 9.6 (30 June 2026),https://nordcan.iarc.fr/en/dataviz/trends?cancers=160&key=asr_n&populations=208_246_352_578_752&sexes=1_2&types=0_1&years=1960_2024,2026-07-30
246,Finland,1,Male,0,Incidence,1990,160,Lung,C33-C34,51.85584438,77.04865965,120.7335639,100.4082012,69.59340884,1683.8,2419482,"per 100,000 person-years",Multiple rate definitions; see rate columns,NORDCAN 9.6 (30 June 2026),https://nordcan.iarc.fr/en/dataviz/trends?cancers=160&key=asr_n&populations=208_246_352_578_752&sexes=1_2&types=0_1&years=1960_2024,2026-07-30
246,Finland,1,Male,0,Incidence,1991,160,Lung,C33-C34,51.73662434,76.65886248,118.7644215,98.81246738,69.81779109,1699.8,2434623,"per 100,000 person-years",Multiple rate definitions; see rate columns,NORDCAN 9.6 (30 June 2026),https://nordcan.iarc.fr/en/dataviz/trends?cancers=160&key=asr_n&populations=208_246_352_578_752&sexes=1_2&types=0_1&years=1960_2024,2026-07-30
246,Finland,1,Male,0,Incidence,1992,160,Lung,C33-C34,54.69436328,81.68758791,129.1921849,107.662061,75.29298063,1844.8,2450162,"per 100,000 person-years",Multiple rate definitions; see rate columns,NORDCAN 9.6 (30 June 2026),https://nordcan.iarc.fr/en/dataviz/trends?cancers=160&key=asr_n&populations=208_246_352_578_752&sexes=1_2&types=0_1&years=1960_2024,2026-07-30
246,Finland,1,Male,0,Incidence,1993,160,Lung,C33-C34,49.2924435,73.91995108,117.0985461,97.93964503,69.47976226,1711.8,2463739,"per 100,000 person-years",Multiple rate definitions; see rate columns,NORDCAN 9.6 (30 June 2026),https://nordcan.iarc.fr/en/dataviz/trends?cancers=160&key=asr_n&populations=208_246_352_578_752&sexes=1_2&types=0_1&years=1960_2024,2026-07-30
246,Finland,1,Male,0,Incidence,1994,160,Lung,C33-C34,49.06256619,73.40359418,115.6005653,96.52480904,69.7033126,1725.8,2475922.5,"per 100,000 person-years",Multiple rate definitions; see rate columns,NORDCAN 9.6 (30 June 2026),https://nordcan.iarc.fr/en/dataviz/trends?cancers=160&key=asr_n&populations=208_246_352_578_752&sexes=1_2&types=0_1&years=1960_2024,2026-07-30
246,Finland,1,Male,0,Incidence,1995,160,Lung,C33-C34,45.08577108,68.27885476,109.6978807,91.68773953,65.58959253,1631,2486675,"per 100,000 person-years",Multiple rate definitions; see rate columns,NORDCAN 9.6 (30 June 2026),https://nordcan.iarc.fr/en/dataviz/trends?cancers=160&key=asr_n&populations=208_246_352_578_752&sexes=1_2&types=0_1&years=1960_2024,2026-07-30
246,Finland,1,Male,0,Incidence,1996,160,Lung,C33-C34,47.16764822,71.66229788,115.1511854,96.60012508,70.30831699,1755,2496148.5,"per 100,000 person-years",Multiple rate definitions; see rate columns,NORDCAN 9.6 (30 June 2026),https://nordcan.iarc.fr/en/dataviz/trends?cancers=160&key=asr_n&populations=208_246_352_578_752&sexes=1_2&types=0_1&years=1960_2024,2026-07-30
246,Finland,1,Male,0,Incidence,1997,160,Lung,C33-C34,43.09827656,65.40295369,105.0737389,87.76645472,65.31337044,1636,2504847,"per 100,000 person-years",Multiple rate definitions; see rate columns,NORDCAN 9.6 (30 June 2026),https://nordcan.iarc.fr/en/dataviz/trends?cancers=160&key=asr_n&populations=208_246_352_578_752&sexes=1_2&types=0_1&years=1960_2024,2026-07-30
246,Finland,1,Male,0,Incidence,1998,160,Lung,C33-C34,41.66895456,63.14639783,101.5844526,84.78054162,64.11719557,1611,2512586.5,"per 100,000 person-years",Multiple rate definitions; see rate columns,NORDCAN 9.6 (30 June 2026),https://nordcan.iarc.fr/en/dataviz/trends?cancers=160&key=asr_n&populations=208_246_352_578_752&sexes=1_2&types=0_1&years=1960_2024,2026-07-30
246,Finland,1,Male,0,Incidence,1999,160,Lung,C33-C34,40.10599207,60.70496339,96.91637594,81.38939736,63.06680497,1589,2519550.5,"per 100,000 person-years",Multiple rate definitions; see rate columns,NORDCAN 9.6 (30 June 2026),https://nordcan.iarc.fr/en/dataviz/trends?cancers=160&key=asr_n&populations=208_246_352_578_752&sexes=1_2&types=0_1&years=1960_2024,2026-07-30
246,Finland,1,Male,0,Incidence,2000,160,Lung,C33-C34,37.755342,57.82586061,94.13876483,78.93774691,61.49197,1553.4,2526183.5,"per 100,000 person-years",Multiple rate definitions; see rate columns,NORDCAN 9.6 (30 June 2026),https://nordcan.iarc.fr/en/dataviz/trends?cancers=160&key=asr_n&populations=208_246_352_578_752&sexes=1_2&types=0_1&years=1960_2024,2026-07-30
246,Finland,1,Male,0,Incidence,2001,160,Lung,C33-C34,36.83247606,56.52421928,92.60235611,77.80103301,61.43355218,1556.4,2533469,"per 100,000 person-years",Multiple rate definitions; see rate columns,NORDCAN 9.6 (30 June 2026),https://nordcan.iarc.fr/en/dataviz/trends?cancers=160&key=asr_n&populations=208_246_352_578_752&sexes=1_2&types=0_1&years=1960_2024,2026-07-30
246,Finland,1,Male,0,Incidence,2002,160,Lung,C33-C34,36.32940885,55.61620388,90.99306119,76.35600029,61.87490322,1572.4,2541256.5,"per 100,000 person-years",Multiple rate definitions; see rate columns,NORDCAN 9.6 (30 June 2026),https://nordcan.iarc.fr/en/dataviz/trends?cancers=160&key=asr_n&populations=208_246_352_578_752&sexes=1_2&types=0_1&years=1960_2024,2026-07-30
246,Finland,1,Male,0,Incidence,2003,160,Lung,C33-C34,36.13369925,55.92173401,92.20668966,77.71775604,63.65087433,1622.4,2548904.5,"per 100,000 person-years",Multiple rate definitions; see rate columns,NORDCAN 9.6 (30 June 2026),https://nordcan.iarc.fr/en/dataviz/trends?cancers=160&key=asr_n&populations=208_246_352_578_752&sexes=1_2&types=0_1&years=1960_2024,2026-07-30
246,Finland,1,Male,0,Incidence,2004,160,Lung,C33-C34,35.90690309,54.93676779,89.52159322,75.54902573,64.06293683,1638.4,2557485,"per 100,000 person-years",Multiple rate definitions; see rate columns,NORDCAN 9.6 (30 June 2026),https://nordcan.iarc.fr/en/dataviz/trends?cancers=160&key=asr_n&populations=208_246_352_578_752&sexes=1_2&types=0_1&years=1960_2024,2026-07-30
246,Finland,1,Male,0,Incidence,2005,160,Lung,C33-C34,35.94379793,55.23585119,90.85034933,76.07180461,65.78338732,1688.8,2567213.5,"per 100,000 person-years",Multiple rate definitions; see rate columns,NORDCAN 9.6 (30 June 2026),https://nordcan.iarc.fr/en/dataviz/trends?cancers=160&key=asr_n&populations=208_246_352_578_752&sexes=1_2&types=0_1&years=1960_2024,2026-07-30
246,Finland,1,Male,0,Incidence,2006,160,Lung,C33-C34,33.24912528,51.40757471,85.59631958,72.12799987,62.94689854,1622.8,2578046,"per 100,000 person-years",Multiple rate definitions; see rate columns,NORDCAN 9.6 (30 June 2026),https://nordcan.iarc.fr/en/dataviz/trends?cancers=160&key=asr_n&populations=208_246_352_578_752&sexes=1_2&types=0_1&years=1960_2024,2026-07-30
246,Finland,1,Male,0,Incidence,2007,160,Lung,C33-C34,32.00452509,48.93827828,79.85715892,67.16106465,61.45318364,1591.8,2590264.5,"per 100,000 person-years",Multiple rate definitions; see rate columns,NORDCAN 9.6 (30 June 2026),https://nordcan.iarc.fr/en/dataviz/trends?cancers=160&key=asr_n&populations=208_246_352_578_752&sexes=1_2&types=0_1&years=1960_2024,2026-07-30
246,Finland,1,Male,0,Incidence,2008,160,Lung,C33-C34,32.35774639,49.09909368,79.94313787,66.96706141,63.04382886,1641.8,2604220,"per 100,000 person-years",Multiple rate definitions; see rate columns,NORDCAN 9.6 (30 June 2026),https://nordcan.iarc.fr/en/dataviz/trends?cancers=160&key=asr_n&populations=208_246_352_578_752&sexes=1_2&types=0_1&years=1960_2024,2026-07-30
246,Finland,1,Male,0,Incidence,2009,160,Lung,C33-C34,33.84394304,51.46905359,83.8351657,70.31032427,67.3627767,1763.8,2618360,"per 100,000 person-years",Multiple rate definitions; see rate columns,NORDCAN 9.6 (30 June 2026),https://nordcan.iarc.fr/en/dataviz/trends?cancers=160&key=asr_n&populations=208_246_352_578_752&sexes=1_2&types=0_1&years=1960_2024,2026-07-30
246,Finland,1,Male,0,Incidence,2010,160,Lung,C33-C34,31.90791124,48.79965229,80.21179199,66.90494571,64.77839864,1704.8,2631741.5,"per 100,000 person-years",Multiple rate definitions; see rate columns,NORDCAN 9.6 (30 June 2026),https://nordcan.iarc.fr/en/dataviz/trends?cancers=160&key=asr_n&populations=208_246_352_578_752&sexes=1_2&types=0_1&years=1960_2024,2026-07-30
246,Finland,1,Male,0,Incidence,2011,160,Lung,C33-C34,29.44514128,44.74768829,72.77661003,60.74771773,60.88887629,1610.8,2645475,"per 100,000 person-years",Multiple rate definitions; see rate columns,NORDCAN 9.6 (30 June 2026),https://nordcan.iarc.fr/en/dataviz/trends?cancers=160&key=asr_n&populations=208_246_352_578_752&sexes=1_2&types=0_1&years=1960_2024,2026-07-30
246,Finland,1,Male,0,Incidence,2012,160,Lung,C33-C34,29.62832372,44.78370261,72.76304624,60.7167652,62.59639687,1664.8,2659578,"per 100,000 person-years",Multiple rate definitions; see rate columns,NORDCAN 9.6 (30 June 2026),https://nordcan.iarc.fr/en/dataviz/trends?cancers=160&key=asr_n&populations=208_246_352_578_752&sexes=1_2&types=0_1&years=1960_2024,2026-07-30
246,Finland,1,Male,0,Incidence,2013,160,Lung,C33-C34,30.36140089,46.27415256,75.73128638,62.93648525,65.56216904,1752.8,2673493,"per 100,000 person-years",Multiple rate definitions; see rate columns,NORDCAN 9.6 (30 June 2026),https://nordcan.iarc.fr/en/dataviz/trends?cancers=160&key=asr_n&populations=208_246_352_578_752&sexes=1_2&types=0_1&years=1960_2024,2026-07-30
246,Finland,1,Male,0,Incidence,2014,160,Lung,C33-C34,29.42386848,44.80445135,73.620876,61.19774449,65.44027272,1757.8,2686113.5,"per 100,000 person-years",Multiple rate definitions; see rate columns,NORDCAN 9.6 (30 June 2026),https://nordcan.iarc.fr/en/dataviz/trends?cancers=160&key=asr_n&populations=208_246_352_578_752&sexes=1_2&types=0_1&years=1960_2024,2026-07-30
246,Finland,1,Male,0,Incidence,2015,160,Lung,C33-C34,29.77088252,45.32687274,74.36115396,61.73110922,67.67589661,1825,2696676.5,"per 100,000 person-years",Multiple rate definitions; see rate columns,NORDCAN 9.6 (30 June 2026),https://nordcan.iarc.fr/en/dataviz/trends?cancers=160&key=asr_n&populations=208_246_352_578_752&sexes=1_2&types=0_1&years=1960_2024,2026-07-30
246,Finland,1,Male,0,Incidence,2016,160,Lung,C33-C34,29.51127438,45.18255677,74.26147885,61.99025123,68.34364737,1850,2706908.5,"per 100,000 person-years",Multiple rate definitions; see rate columns,NORDCAN 9.6 (30 June 2026),https://nordcan.iarc.fr/en/dataviz/trends?cancers=160&key=asr_n&populations=208_246_352_578_752&sexes=1_2&types=0_1&years=1960_2024,2026-07-30
246,Finland,1,Male,0,Incidence,2017,160,Lung,C33-C34,27.7007291,42.55907723,70.60288292,58.82584703,66.72241597,1812,2715729,"per 100,000 person-years",Multiple rate definitions; see rate columns,NORDCAN 9.6 (30 June 2026),https://nordcan.iarc.fr/en/dataviz/trends?cancers=160&key=asr_n&populations=208_246_352_578_752&sexes=1_2&types=0_1&years=1960_2024,2026-07-30
246,Finland,1,Male,0,Incidence,2018,160,Lung,C33-C34,26.9801431,41.44188184,69.0392169,57.26760609,67.06574151,1825,2721210.5,"per 100,000 person-years",Multiple rate definitions; see rate columns,NORDCAN 9.6 (30 June 2026),https://nordcan.iarc.fr/en/dataviz/trends?cancers=160&key=asr_n&populations=208_246_352_578_752&sexes=1_2&types=0_1&years=1960_2024,2026-07-30
246,Finland,1,Male,0,Incidence,2019,160,Lung,C33-C34,25.91451043,40.03475519,66.96304117,55.82093359,65.99955389,1799,2725776,"per 100,000 person-years",Multiple rate definitions; see rate columns,NORDCAN 9.6 (30 June 2026),https://nordcan.iarc.fr/en/dataviz/trends?cancers=160&key=asr_n&populations=208_246_352_578_752&sexes=1_2&types=0_1&years=1960_2024,2026-07-30
246,Finland,1,Male,0,Incidence,2020,160,Lung,C33-C34,25.35024703,38.96347796,64.57851846,53.87670844,65.2646341,1782.4,2731035,"per 100,000 person-years",Multiple rate definitions; see rate columns,NORDCAN 9.6 (30 June 2026),https://nordcan.iarc.fr/en/dataviz/trends?cancers=160&key=asr_n&populations=208_246_352_578_752&sexes=1_2&types=0_1&years=1960_2024,2026-07-30
246,Finland,1,Male,0,Incidence,2021,160,Lung,C33-C34,25.57183973,39.44821446,66.08636594,55.11257927,67.86309577,1858.4,2738454.5,"per 100,000 person-years",Multiple rate definitions; see rate columns,NORDCAN 9.6 (30 June 2026),https://nordcan.iarc.fr/en/dataviz/trends?cancers=160&key=asr_n&populations=208_246_352_578_752&sexes=1_2&types=0_1&years=1960_2024,2026-07-30
246,Finland,1,Male,0,Incidence,2022,160,Lung,C33-C34,24.69037448,38.15771078,63.69916442,53.22012512,66.4558931,1826.4,2748289,"per 100,000 person-years",Multiple rate definitions; see rate columns,NORDCAN 9.6 (30 June 2026),https://nordcan.iarc.fr/en/dataviz/trends?cancers=160&key=asr_n&populations=208_246_352_578_752&sexes=1_2&types=0_1&years=1960_2024,2026-07-30
246,Finland,1,Male,0,Incidence,2023,160,Lung,C33-C34,23.20216289,35.62566425,58.95189895,49.53079616,62.25016396,1720.4,2763687.5,"per 100,000 person-years",Multiple rate definitions; see rate columns,NORDCAN 9.6 (30 June 2026),https://nordcan.iarc.fr/en/dataviz/trends?cancers=160&key=asr_n&populations=208_246_352_578_752&sexes=1_2&types=0_1&years=1960_2024,2026-07-30
246,Finland,1,Male,0,Incidence,2024,160,Lung,C33-C34,22.70509638,34.82713366,57.59414761,48.28008092,61.61731064,1714.4,2782335,"per 100,000 person-years",Multiple rate definitions; see rate columns,NORDCAN 9.6 (30 June 2026),https://nordcan.iarc.fr/en/dataviz/trends?cancers=160&key=asr_n&populations=208_246_352_578_752&sexes=1_2&types=0_1&years=1960_2024,2026-07-30
352,Iceland,1,Male,0,Incidence,1960,160,Lung,C33-C34,14.68173497,21.78122893,28.21334967,26.29903072,14.63535451,13,88826,"per 100,000 person-years",Multiple rate definitions; see rate columns,NORDCAN 9.6 (30 June 2026),https://nordcan.iarc.fr/en/dataviz/trends?cancers=160&key=asr_n&populations=208_246_352_578_752&sexes=1_2&types=0_1&years=1960_2024,2026-07-30
352,Iceland,1,Male,0,Incidence,1961,160,Lung,C33-C34,15.44933072,20.69652614,23.29087463,21.17728916,14.38069005,13,90399,"per 100,000 person-years",Multiple rate definitions; see rate columns,NORDCAN 9.6 (30 June 2026),https://nordcan.iarc.fr/en/dataviz/trends?cancers=160&key=asr_n&populations=208_246_352_578_752&sexes=1_2&types=0_1&years=1960_2024,2026-07-30
352,Iceland,1,Male,0,Incidence,1962,160,Lung,C33-C34,13.2735348,17.27045217,19.06331153,17.36965226,11.95418288,11,92018,"per 100,000 person-years",Multiple rate definitions; see rate columns,NORDCAN 9.6 (30 June 2026),https://nordcan.iarc.fr/en/dataviz/trends?cancers=160&key=asr_n&populations=208_246_352_578_752&sexes=1_2&types=0_1&years=1960_2024,2026-07-30
352,Iceland,1,Male,0,Incidence,1963,160,Lung,C33-C34,13.70878443,18.78636146,21.96349074,19.67586695,12.79563242,12,93782,"per 100,000 person-years",Multiple rate definitions; see rate columns,NORDCAN 9.6 (30 June 2026),https://nordcan.iarc.fr/en/dataviz/trends?cancers=160&key=asr_n&populations=208_246_352_578_752&sexes=1_2&types=0_1&years=1960_2024,2026-07-30
352,Iceland,1,Male,0,Incidence,1964,160,Lung,C33-C34,13.2026302,18.3983704,24.74190337,22.26004409,12.57255411,12,95446,"per 100,000 person-years",Multiple rate definitions; see rate columns,NORDCAN 9.6 (30 June 2026),https://nordcan.iarc.fr/en/dataviz/trends?cancers=160&key=asr_n&populations=208_246_352_578_752&sexes=1_2&types=0_1&years=1960_2024,2026-07-30
352,Iceland,1,Male,0,Incidence,1965,160,Lung,C33-C34,11.08514625,15.44857261,18.34215819,16.79201421,10.29007728,10,97181,"per 100,000 person-years",Multiple rate definitions; see rate columns,NORDCAN 9.6 (30 June 2026),https://nordcan.iarc.fr/en/dataviz/trends?cancers=160&key=asr_n&populations=208_246_352_578_752&sexes=1_2&types=0_1&years=1960_2024,2026-07-30
352,Iceland,1,Male,0,Incidence,1966,160,Lung,C33-C34,15.30479687,20.64063156,24.5235127,22.38514824,14.15871924,14,98879,"per 100,000 person-years",Multiple rate definitions; see rate columns,NORDCAN 9.6 (30 June 2026),https://nordcan.iarc.fr/en/dataviz/trends?cancers=160&key=asr_n&populations=208_246_352_578_752&sexes=1_2&types=0_1&years=1960_2024,2026-07-30
352,Iceland,1,Male,0,Incidence,1967,160,Lung,C33-C34,17.86108707,24.72681491,30.52328813,26.46104844,16.92232652,17,100459,"per 100,000 person-years",Multiple rate definitions; see rate columns,NORDCAN 9.6 (30 June 2026),https://nordcan.iarc.fr/en/dataviz/trends?cancers=160&key=asr_n&populations=208_246_352_578_752&sexes=1_2&types=0_1&years=1960_2024,2026-07-30
352,Iceland,1,Male,0,Incidence,1968,160,Lung,C33-C34,16.18879377,23.28155283,35.12401345,29.59479843,16.70630319,17,101758,"per 100,000 person-years",Multiple rate definitions; see rate columns,NORDCAN 9.6 (30 June 2026),https://nordcan.iarc.fr/en/dataviz/trends?cancers=160&key=asr_n&populations=208_246_352_578_752&sexes=1_2&types=0_1&years=1960_2024,2026-07-30
352,Iceland,1,Male,0,Incidence,1969,160,Lung,C33-C34,15.9827004,23.4423335,35.36396377,30.01090996,15.59864682,16,102573,"per 100,000 person-years",Multiple rate definitions; see rate columns,NORDCAN 9.6 (30 June 2026),https://nordcan.iarc.fr/en/dataviz/trends?cancers=160&key=asr_n&populations=208_246_352_578_752&sexes=1_2&types=0_1&years=1960_2024,2026-07-30
352,Iceland,1,Male,0,Incidence,1970,160,Lung,C33-C34,22.65333185,31.05855226,40.71997695,34.69718425,22.29027756,23,103184,"per 100,000 person-years",Multiple rate definitions; see rate columns,NORDCAN 9.6 (30 June 2026),https://nordcan.iarc.fr/en/dataviz/trends?cancers=160&key=asr_n&populations=208_246_352_578_752&sexes=1_2&types=0_1&years=1960_2024,2026-07-30
352,Iceland,1,Male,0,Incidence,1971,160,Lung,C33-C34,19.43117634,24.79725835,27.90697599,24.73683275,17.27596433,18,104191,"per 100,000 person-years",Multiple rate definitions; see rate columns,NORDCAN 9.6 (30 June 2026),https://nordcan.iarc.fr/en/dataviz/trends?cancers=160&key=asr_n&populations=208_246_352_578_752&sexes=1_2&types=0_1&years=1960_2024,2026-07-30
352,Iceland,1,Male,0,Incidence,1972,160,Lung,C33-C34,15.749866280000001,22.9648921,34.01144261,29.6454284,17.01950625,18,105761,"per 100,000 person-years",Multiple rate definitions; see rate columns,NORDCAN 9.6 (30 June 2026),https://nordcan.iarc.fr/en/dataviz/trends?cancers=160&key=asr_n&populations=208_246_352_578_752&sexes=1_2&types=0_1&years=1960_2024,2026-07-30
352,Iceland,1,Male,0,Incidence,1973,160,Lung,C33-C34,15.66767489,22.00177697,29.53999221,25.07967492,15.84195322,17,107310,"per 100,000 person-years",Multiple rate definitions; see rate columns,NORDCAN 9.6 (30 June 2026),https://nordcan.iarc.fr/en/dataviz/trends?cancers=160&key=asr_n&populations=208_246_352_578_752&sexes=1_2&types=0_1&years=1960_2024,2026-07-30
352,Iceland,1,Male,0,Incidence,1974,160,Lung,C33-C34,16.79916482,24.23533151,32.57778744,28.75147808,17.45810056,19,108832,"per 100,000 person-years",Multiple rate definitions; see rate columns,NORDCAN 9.6 (30 June 2026),https://nordcan.iarc.fr/en/dataviz/trends?cancers=160&key=asr_n&populations=208_246_352_578_752&sexes=1_2&types=0_1&years=1960_2024,2026-07-30
352,Iceland,1,Male,0,Incidence,1975,160,Lung,C33-C34,26.41498204,38.15114224,50.78613303,44.47792733,27.23237385,30,110163,"per 100,000 person-years",Multiple rate definitions; see rate columns,NORDCAN 9.6 (30 June 2026),https://nordcan.iarc.fr/en/dataviz/trends?cancers=160&key=asr_n&populations=208_246_352_578_752&sexes=1_2&types=0_1&years=1960_2024,2026-07-30
352,Iceland,1,Male,0,Incidence,1976,160,Lung,C33-C34,20.41177442,28.45703172,38.75026294,33.182933,20.69070987,23,111161,"per 100,000 person-years",Multiple rate definitions; see rate columns,NORDCAN 9.6 (30 June 2026),https://nordcan.iarc.fr/en/dataviz/trends?cancers=160&key=asr_n&populations=208_246_352_578_752&sexes=1_2&types=0_1&years=1960_2024,2026-07-30
352,Iceland,1,Male,0,Incidence,1977,160,Lung,C33-C34,26.62036155,37.05427802,51.08347533,42.9916421,26.79552336,30,111959,"per 100,000 person-years",Multiple rate definitions; see rate columns,NORDCAN 9.6 (30 June 2026),https://nordcan.iarc.fr/en/dataviz/trends?cancers=160&key=asr_n&populations=208_246_352_578_752&sexes=1_2&types=0_1&years=1960_2024,2026-07-30
352,Iceland,1,Male,0,Incidence,1978,160,Lung,C33-C34,23.6379266,33.26980693,46.80799468,39.27302895,24.82533603,28,112788,"per 100,000 person-years",Multiple rate definitions; see rate columns,NORDCAN 9.6 (30 June 2026),https://nordcan.iarc.fr/en/dataviz/trends?cancers=160&key=asr_n&populations=208_246_352_578_752&sexes=1_2&types=0_1&years=1960_2024,2026-07-30
352,Iceland,1,Male,0,Incidence,1979,160,Lung,C33-C34,27.98479508,39.81646449,51.87405773,44.8970292,28.98627105,33,113847,"per 100,000 person-years",Multiple rate definitions; see rate columns,NORDCAN 9.6 (30 June 2026),https://nordcan.iarc.fr/en/dataviz/trends?cancers=160&key=asr_n&populations=208_246_352_578_752&sexes=1_2&types=0_1&years=1960_2024,2026-07-30
352,Iceland,1,Male,0,Incidence,1980,160,Lung,C33-C34,34.17142972,48.06296247,64.69610974,55.67957132,35.64256592,41,115031,"per 100,000 person-years",Multiple rate definitions; see rate columns,NORDCAN 9.6 (30 June 2026),https://nordcan.iarc.fr/en/dataviz/trends?cancers=160&key=asr_n&populations=208_246_352_578_752&sexes=1_2&types=0_1&years=1960_2024,2026-07-30
352,Iceland,1,Male,0,Incidence,1981,160,Lung,C33-C34,35.95214759,50.33269673,70.71362535,59.58721822,37.82863628,44,116314,"per 100,000 person-years",Multiple rate definitions; see rate columns,NORDCAN 9.6 (30 June 2026),https://nordcan.iarc.fr/en/dataviz/trends?cancers=160&key=asr_n&populations=208_246_352_578_752&sexes=1_2&types=0_1&years=1960_2024,2026-07-30
352,Iceland,1,Male,0,Incidence,1982,160,Lung,C33-C34,25.16048405,35.24513304,47.85029434,41.33610955,26.29235401,31,117905,"per 100,000 person-years",Multiple rate definitions; see rate columns,NORDCAN 9.6 (30 June 2026),https://nordcan.iarc.fr/en/dataviz/trends?cancers=160&key=asr_n&populations=208_246_352_578_752&sexes=1_2&types=0_1&years=1960_2024,2026-07-30
352,Iceland,1,Male,0,Incidence,1983,160,Lung,C33-C34,40.14736023,57.50420865,81.43898391,68.49131788,43.56933389,52,119350,"per 100,000 person-years",Multiple rate definitions; see rate columns,NORDCAN 9.6 (30 June 2026),https://nordcan.iarc.fr/en/dataviz/trends?cancers=160&key=asr_n&populations=208_246_352_578_752&sexes=1_2&types=0_1&years=1960_2024,2026-07-30
352,Iceland,1,Male,0,Incidence,1984,160,Lung,C33-C34,34.3914337,48.89187888,70.89900323,59.32482354,37.34966759,45,120483,"per 100,000 person-years",Multiple rate definitions; see rate columns,NORDCAN 9.6 (30 June 2026),https://nordcan.iarc.fr/en/dataviz/trends?cancers=160&key=asr_n&populations=208_246_352_578_752&sexes=1_2&types=0_1&years=1960_2024,2026-07-30
352,Iceland,1,Male,0,Incidence,1985,160,Lung,C33-C34,37.15948659,51.6611408,72.76865755,58.4056174,39.55142097,48,121361,"per 100,000 person-years",Multiple rate definitions; see rate columns,NORDCAN 9.6 (30 June 2026),https://nordcan.iarc.fr/en/dataviz/trends?cancers=160&key=asr_n&populations=208_246_352_578_752&sexes=1_2&types=0_1&years=1960_2024,2026-07-30
352,Iceland,1,Male,0,Incidence,1986,160,Lung,C33-C34,31.47523936,46.35971498,71.40958715,60.04712378,37.64413202,46,122197,"per 100,000 person-years",Multiple rate definitions; see rate columns,NORDCAN 9.6 (30 June 2026),https://nordcan.iarc.fr/en/dataviz/trends?cancers=160&key=asr_n&populations=208_246_352_578_752&sexes=1_2&types=0_1&years=1960_2024,2026-07-30
352,Iceland,1,Male,0,Incidence,1987,160,Lung,C33-C34,38.32078266,57.74264129,89.75988591,75.92890692,46.94835681,58,123540,"per 100,000 person-years",Multiple rate definitions; see rate columns,NORDCAN 9.6 (30 June 2026),https://nordcan.iarc.fr/en/dataviz/trends?cancers=160&key=asr_n&populations=208_246_352_578_752&sexes=1_2&types=0_1&years=1960_2024,2026-07-30
352,Iceland,1,Male,0,Incidence,1988,160,Lung,C33-C34,32.26748886,46.88863852,69.62628005,58.02314829,37.44453031,47,125519,"per 100,000 person-years",Multiple rate definitions; see rate columns,NORDCAN 9.6 (30 June 2026),https://nordcan.iarc.fr/en/dataviz/trends?cancers=160&key=asr_n&populations=208_246_352_578_752&sexes=1_2&types=0_1&years=1960_2024,2026-07-30
352,Iceland,1,Male,0,Incidence,1989,160,Lung,C33-C34,32.40086531,48.08207161,74.18711911,62.07526705,38.61247262,49,126902,"per 100,000 person-years",Multiple rate definitions; see rate columns,NORDCAN 9.6 (30 June 2026),https://nordcan.iarc.fr/en/dataviz/trends?cancers=160&key=asr_n&populations=208_246_352_578_752&sexes=1_2&types=0_1&years=1960_2024,2026-07-30
352,Iceland,1,Male,0,Incidence,1990,160,Lung,C33-C34,39.20840548,57.38876432,87.17358802,72.91376729,46.91421735,60,127893,"per 100,000 person-years",Multiple rate definitions; see rate columns,NORDCAN 9.6 (30 June 2026),https://nordcan.iarc.fr/en/dataviz/trends?cancers=160&key=asr_n&populations=208_246_352_578_752&sexes=1_2&types=0_1&years=1960_2024,2026-07-30
352,Iceland,1,Male,0,Incidence,1991,160,Lung,C33-C34,38.13169515,57.35737861,92.102892,77.7004804,47.91677937,62,129391,"per 100,000 person-years",Multiple rate definitions; see rate columns,NORDCAN 9.6 (30 June 2026),https://nordcan.iarc.fr/en/dataviz/trends?cancers=160&key=asr_n&populations=208_246_352_578_752&sexes=1_2&types=0_1&years=1960_2024,2026-07-30
352,Iceland,1,Male,0,Incidence,1992,160,Lung,C33-C34,29.82690767,43.00011124,65.00935554,54.01110618,35.89457686,47,130939,"per 100,000 person-years",Multiple rate definitions; see rate columns,NORDCAN 9.6 (30 June 2026),https://nordcan.iarc.fr/en/dataviz/trends?cancers=160&key=asr_n&populations=208_246_352_578_752&sexes=1_2&types=0_1&years=1960_2024,2026-07-30
352,Iceland,1,Male,0,Incidence,1993,160,Lung,C33-C34,33.71569599,49.28092983,75.39046857,63.10142456,41.52635791,55,132446,"per 100,000 person-years",Multiple rate definitions; see rate columns,NORDCAN 9.6 (30 June 2026),https://nordcan.iarc.fr/en/dataviz/trends?cancers=160&key=asr_n&populations=208_246_352_578_752&sexes=1_2&types=0_1&years=1960_2024,2026-07-30
352,Iceland,1,Male,0,Incidence,1994,160,Lung,C33-C34,31.56595566,47.85681311,71.86515558,61.61013975,38.98050975,52,133400,"per 100,000 person-years",Multiple rate definitions; see rate columns,NORDCAN 9.6 (30 June 2026),https://nordcan.iarc.fr/en/dataviz/trends?cancers=160&key=asr_n&populations=208_246_352_578_752&sexes=1_2&types=0_1&years=1960_2024,2026-07-30
352,Iceland,1,Male,0,Incidence,1995,160,Lung,C33-C34,39.65002499,58.41319613,89.66915709,74.81725135,50.73415304,68,134032,"per 100,000 person-years",Multiple rate definitions; see rate columns,NORDCAN 9.6 (30 June 2026),https://nordcan.iarc.fr/en/dataviz/trends?cancers=160&key=asr_n&populations=208_246_352_578_752&sexes=1_2&types=0_1&years=1960_2024,2026-07-30
352,Iceland,1,Male,0,Incidence,1996,160,Lung,C33-C34,34.34312603,52.17467586,82.81821149,69.74925616,44.5189725,60,134774,"per 100,000 person-years",Multiple rate definitions; see rate columns,NORDCAN 9.6 (30 June 2026),https://nordcan.iarc.fr/en/dataviz/trends?cancers=160&key=asr_n&populations=208_246_352_578_752&sexes=1_2&types=0_1&years=1960_2024,2026-07-30
352,Iceland,1,Male,0,Incidence,1997,160,Lung,C33-C34,45.64353944,67.46455669,102.0182948,87.00748576,58.92144299,80,135774,"per 100,000 person-years",Multiple rate definitions; see rate columns,NORDCAN 9.6 (30 June 2026),https://nordcan.iarc.fr/en/dataviz/trends?cancers=160&key=asr_n&populations=208_246_352_578_752&sexes=1_2&types=0_1&years=1960_2024,2026-07-30
352,Iceland,1,Male,0,Incidence,1998,160,Lung,C33-C34,31.49235262,46.9189147,73.20293942,61.14858145,42.25403417,58,137265,"per 100,000 person-years",Multiple rate definitions; see rate columns,NORDCAN 9.6 (30 June 2026),https://nordcan.iarc.fr/en/dataviz/trends?cancers=160&key=asr_n&populations=208_246_352_578_752&sexes=1_2&types=0_1&years=1960_2024,2026-07-30
352,Iceland,1,Male,0,Incidence,1999,160,Lung,C33-C34,33.94514585,49.81813214,75.71877354,63.85516224,43.20416488,60,138875.5,"per 100,000 person-years",Multiple rate definitions; see rate columns,NORDCAN 9.6 (30 June 2026),https://nordcan.iarc.fr/en/dataviz/trends?cancers=160&key=asr_n&populations=208_246_352_578_752&sexes=1_2&types=0_1&years=1960_2024,2026-07-30
352,Iceland,1,Male,0,Incidence,2000,160,Lung,C33-C34,38.00113189,55.71112735,86.46562494,71.40346086,49.72738736,70,140767.5,"per 100,000 person-years",Multiple rate definitions; see rate columns,NORDCAN 9.6 (30 June 2026),https://nordcan.iarc.fr/en/dataviz/trends?cancers=160&key=asr_n&populations=208_246_352_578_752&sexes=1_2&types=0_1&years=1960_2024,2026-07-30
352,Iceland,1,Male,0,Incidence,2001,160,Lung,C33-C34,31.50016457,45.60000418,66.88481975,56.23226437,39.95513809,57,142660,"per 100,000 person-years",Multiple rate definitions; see rate columns,NORDCAN 9.6 (30 June 2026),https://nordcan.iarc.fr/en/dataviz/trends?cancers=160&key=asr_n&populations=208_246_352_578_752&sexes=1_2&types=0_1&years=1960_2024,2026-07-30
352,Iceland,1,Male,0,Incidence,2002,160,Lung,C33-C34,29.0619066,43.24364663,67.30008471,56.89050682,39.61951365,57,143868.5,"per 100,000 person-years",Multiple rate definitions; see rate columns,NORDCAN 9.6 (30 June 2026),https://nordcan.iarc.fr/en/dataviz/trends?cancers=160&key=asr_n&populations=208_246_352_578_752&sexes=1_2&types=0_1&years=1960_2024,2026-07-30
352,Iceland,1,Male,0,Incidence,2003,160,Lung,C33-C34,41.14075825,59.88051319,88.53029464,75.17187902,55.92223358,81,144844,"per 100,000 person-years",Multiple rate definitions; see rate columns,NORDCAN 9.6 (30 June 2026),https://nordcan.iarc.fr/en/dataviz/trends?cancers=160&key=asr_n&populations=208_246_352_578_752&sexes=1_2&types=0_1&years=1960_2024,2026-07-30
352,Iceland,1,Male,0,Incidence,2004,160,Lung,C33-C34,32.59918858,50.74662225,82.18267979,70.98912257,50.5860116,74,146285.5,"per 100,000 person-years",Multiple rate definitions; see rate columns,NORDCAN 9.6 (30 June 2026),https://nordcan.iarc.fr/en/dataviz/trends?cancers=160&key=asr_n&populations=208_246_352_578_752&sexes=1_2&types=0_1&years=1960_2024,2026-07-30
352,Iceland,1,Male,0,Incidence,2005,160,Lung,C33-C34,33.93120262,52.46947768,86.0201459,72.67757299,51.61342217,77,149186,"per 100,000 person-years",Multiple rate definitions; see rate columns,NORDCAN 9.6 (30 June 2026),https://nordcan.iarc.fr/en/dataviz/trends?cancers=160&key=asr_n&populations=208_246_352_578_752&sexes=1_2&types=0_1&years=1960_2024,2026-07-30
352,Iceland,1,Male,0,Incidence,2006,160,Lung,C33-C34,33.60013986,50.49702986,82.26936125,67.45465578,47.43678885,73,153889,"per 100,000 person-years",Multiple rate definitions; see rate columns,NORDCAN 9.6 (30 June 2026),https://nordcan.iarc.fr/en/dataviz/trends?cancers=160&key=asr_n&populations=208_246_352_578_752&sexes=1_2&types=0_1&years=1960_2024,2026-07-30
352,Iceland,1,Male,0,Incidence,2007,160,Lung,C33-C34,39.69600686,60.66468869,100.0761495,85.46902029,60.47777442,96,158736,"per 100,000 person-years",Multiple rate definitions; see rate columns,NORDCAN 9.6 (30 June 2026),https://nordcan.iarc.fr/en/dataviz/trends?cancers=160&key=asr_n&populations=208_246_352_578_752&sexes=1_2&types=0_1&years=1960_2024,2026-07-30
352,Iceland,1,Male,0,Incidence,2008,160,Lung,C33-C34,34.76706655,52.35852193,81.95833278,68.88511382,49.54112533,80,161482,"per 100,000 person-years",Multiple rate definitions; see rate columns,NORDCAN 9.6 (30 June 2026),https://nordcan.iarc.fr/en/dataviz/trends?cancers=160&key=asr_n&populations=208_246_352_578_752&sexes=1_2&types=0_1&years=1960_2024,2026-07-30
352,Iceland,1,Male,0,Incidence,2009,160,Lung,C33-C34,30.52025496,47.79758909,81.53698716,68.74523186,48.44660315,78,161002,"per 100,000 person-years",Multiple rate definitions; see rate columns,NORDCAN 9.6 (30 June 2026),https://nordcan.iarc.fr/en/dataviz/trends?cancers=160&key=asr_n&populations=208_246_352_578_752&sexes=1_2&types=0_1&years=1960_2024,2026-07-30
352,Iceland,1,Male,0,Incidence,2010,160,Lung,C33-C34,33.29025915,52.00853273,85.64909148,72.44367303,53.7986601,85,157996.5,"per 100,000 person-years",Multiple rate definitions; see rate columns,NORDCAN 9.6 (30 June 2026),https://nordcan.iarc.fr/en/dataviz/trends?cancers=160&key=asr_n&populations=208_246_352_578_752&sexes=1_2&types=0_1&years=1960_2024,2026-07-30
352,Iceland,1,Male,0,Incidence,2011,160,Lung,C33-C34,33.57904024,50.73359525,83.13877173,68.86366369,53.74417771,84,156296,"per 100,000 person-years",Multiple rate definitions; see rate columns,NORDCAN 9.6 (30 June 2026),https://nordcan.iarc.fr/en/dataviz/trends?cancers=160&key=asr_n&populations=208_246_352_578_752&sexes=1_2&types=0_1&years=1960_2024,2026-07-30
352,Iceland,1,Male,0,Incidence,2012,160,Lung,C33-C34,30.83953946,46.68991317,77.16541553,64.15289234,51.52589813,81,157202.5,"per 100,000 person-years",Multiple rate definitions; see rate columns,NORDCAN 9.6 (30 June 2026),https://nordcan.iarc.fr/en/dataviz/trends?cancers=160&key=asr_n&populations=208_246_352_578_752&sexes=1_2&types=0_1&years=1960_2024,2026-07-30
352,Iceland,1,Male,0,Incidence,2013,160,Lung,C33-C34,35.61270682,55.44553029,90.3634285,76.56592099,61.07677729,97,158816.5,"per 100,000 person-years",Multiple rate definitions; see rate columns,NORDCAN 9.6 (30 June 2026),https://nordcan.iarc.fr/en/dataviz/trends?cancers=160&key=asr_n&populations=208_246_352_578_752&sexes=1_2&types=0_1&years=1960_2024,2026-07-30
352,Iceland,1,Male,0,Incidence,2014,160,Lung,C33-C34,23.09027521,36.32448981,60.41981218,51.71020114,41.70829715,67,160639.5,"per 100,000 person-years",Multiple rate definitions; see rate columns,NORDCAN 9.6 (30 June 2026),https://nordcan.iarc.fr/en/dataviz/trends?cancers=160&key=asr_n&populations=208_246_352_578_752&sexes=1_2&types=0_1&years=1960_2024,2026-07-30
352,Iceland,1,Male,0,Incidence,2015,160,Lung,C33-C34,36.75869645,55.66850088,91.87741161,76.63665629,64.03211457,104,162418.5,"per 100,000 person-years",Multiple rate definitions; see rate columns,NORDCAN 9.6 (30 June 2026),https://nordcan.iarc.fr/en/dataviz/trends?cancers=160&key=asr_n&populations=208_246_352_578_752&sexes=1_2&types=0_1&years=1960_2024,2026-07-30
352,Iceland,1,Male,0,Incidence,2016,160,Lung,C33-C34,27.05930278,41.69560646,67.75070182,56.9513988,48.36203822,80,165419,"per 100,000 person-years",Multiple rate definitions; see rate columns,NORDCAN 9.6 (30 June 2026),https://nordcan.iarc.fr/en/dataviz/trends?cancers=160&key=asr_n&populations=208_246_352_578_752&sexes=1_2&types=0_1&years=1960_2024,2026-07-30
352,Iceland,1,Male,0,Incidence,2017,160,Lung,C33-C34,26.42355886,40.73431932,65.89835714,55.74345001,47.47656211,81,170610.5,"per 100,000 person-years",Multiple rate definitions; see rate columns,NORDCAN 9.6 (30 June 2026),https://nordcan.iarc.fr/en/dataviz/trends?cancers=160&key=asr_n&populations=208_246_352_578_752&sexes=1_2&types=0_1&years=1960_2024,2026-07-30
352,Iceland,1,Male,0,Incidence,2018,160,Lung,C33-C34,23.4222338,35.63474731,58.78356424,48.52950329,42.08634526,74,175829,"per 100,000 person-years",Multiple rate definitions; see rate columns,NORDCAN 9.6 (30 June 2026),https://nordcan.iarc.fr/en/dataviz/trends?cancers=160&key=asr_n&populations=208_246_352_578_752&sexes=1_2&types=0_1&years=1960_2024,2026-07-30
352,Iceland,1,Male,0,Incidence,2019,160,Lung,C33-C34,25.14614456,38.13891956,61.02981253,51.12072441,45.22701449,81,179096.5,"per 100,000 person-years",Multiple rate definitions; see rate columns,NORDCAN 9.6 (30 June 2026),https://nordcan.iarc.fr/en/dataviz/trends?cancers=160&key=asr_n&populations=208_246_352_578_752&sexes=1_2&types=0_1&years=1960_2024,2026-07-30
352,Iceland,1,Male,0,Incidence,2020,160,Lung,C33-C34,23.25137576,36.22248868,62.19195538,51.24316897,45.25548654,82,181193.5,"per 100,000 person-years",Multiple rate definitions; see rate columns,NORDCAN 9.6 (30 June 2026),https://nordcan.iarc.fr/en/dataviz/trends?cancers=160&key=asr_n&populations=208_246_352_578_752&sexes=1_2&types=0_1&years=1960_2024,2026-07-30
352,Iceland,1,Male,0,Incidence,2021,160,Lung,C33-C34,24.3254989,36.86697445,60.40610672,50.29984155,45.66433452,84,183951,"per 100,000 person-years",Multiple rate definitions; see rate columns,NORDCAN 9.6 (30 June 2026),https://nordcan.iarc.fr/en/dataviz/trends?cancers=160&key=asr_n&populations=208_246_352_578_752&sexes=1_2&types=0_1&years=1960_2024,2026-07-30
352,Iceland,1,Male,0,Incidence,2022,160,Lung,C33-C34,28.26949528,42.62187195,69.78461963,57.96578542,52.45144268,99,188746,"per 100,000 person-years",Multiple rate definitions; see rate columns,NORDCAN 9.6 (30 June 2026),https://nordcan.iarc.fr/en/dataviz/trends?cancers=160&key=asr_n&populations=208_246_352_578_752&sexes=1_2&types=0_1&years=1960_2024,2026-07-30
352,Iceland,1,Male,0,Incidence,2023,160,Lung,C33-C34,27.52801151,41.12074055,67.47432192,56.21392175,52.02297252,101,194145,"per 100,000 person-years",Multiple rate definitions; see rate columns,NORDCAN 9.6 (30 June 2026),https://nordcan.iarc.fr/en/dataviz/trends?cancers=160&key=asr_n&populations=208_246_352_578_752&sexes=1_2&types=0_1&years=1960_2024,2026-07-30
352,Iceland,1,Male,0,Incidence,2024,160,Lung,C33-C34,24.27502383,36.85837586,60.51640193,49.84094635,46.94906783,93,198087,"per 100,000 person-years",Multiple rate definitions; see rate columns,NORDCAN 9.6 (30 June 2026),https://nordcan.iarc.fr/en/dataviz/trends?cancers=160&key=asr_n&populations=208_246_352_578_752&sexes=1_2&types=0_1&years=1960_2024,2026-07-30
578,Norway,1,Male,0,Incidence,1960,160,Lung,C33-C34,12.18663502,16.58568968,21.18378829,18.18454125,15.57902122,278,1784451,"per 100,000 person-years",Multiple rate definitions; see rate columns,NORDCAN 9.6 (30 June 2026),https://nordcan.iarc.fr/en/dataviz/trends?cancers=160&key=asr_n&populations=208_246_352_578_752&sexes=1_2&types=0_1&years=1960_2024,2026-07-30
578,Norway,1,Male,0,Incidence,1961,160,Lung,C33-C34,11.95313409,16.43998683,21.06906088,17.81255768,15.45584743,278,1798672,"per 100,000 person-years",Multiple rate definitions; see rate columns,NORDCAN 9.6 (30 June 2026),https://nordcan.iarc.fr/en/dataviz/trends?cancers=160&key=asr_n&populations=208_246_352_578_752&sexes=1_2&types=0_1&years=1960_2024,2026-07-30
578,Norway,1,Male,0,Incidence,1962,160,Lung,C33-C34,10.93902573,15.18761086,19.73607557,16.84586957,14.39465512,261,1813173,"per 100,000 person-years",Multiple rate definitions; see rate columns,NORDCAN 9.6 (30 June 2026),https://nordcan.iarc.fr/en/dataviz/trends?cancers=160&key=asr_n&populations=208_246_352_578_752&sexes=1_2&types=0_1&years=1960_2024,2026-07-30
578,Norway,1,Male,0,Incidence,1963,160,Lung,C33-C34,12.46870727,17.376478379999998,22.50134638,19.27640088,16.64031039,304,1826889,"per 100,000 person-years",Multiple rate definitions; see rate columns,NORDCAN 9.6 (30 June 2026),https://nordcan.iarc.fr/en/dataviz/trends?cancers=160&key=asr_n&populations=208_246_352_578_752&sexes=1_2&types=0_1&years=1960_2024,2026-07-30
578,Norway,1,Male,0,Incidence,1964,160,Lung,C33-C34,13.9195861,19.18930663,25.24180066,21.29240678,18.57862643,342,1840825,"per 100,000 person-years",Multiple rate definitions; see rate columns,NORDCAN 9.6 (30 June 2026),https://nordcan.iarc.fr/en/dataviz/trends?cancers=160&key=asr_n&populations=208_246_352_578_752&sexes=1_2&types=0_1&years=1960_2024,2026-07-30
578,Norway,1,Male,0,Incidence,1965,160,Lung,C33-C34,14.09316455,19.52108127,25.90413821,21.97903057,19.13563011,355,1855178,"per 100,000 person-years",Multiple rate definitions; see rate columns,NORDCAN 9.6 (30 June 2026),https://nordcan.iarc.fr/en/dataviz/trends?cancers=160&key=asr_n&populations=208_246_352_578_752&sexes=1_2&types=0_1&years=1960_2024,2026-07-30
578,Norway,1,Male,0,Incidence,1966,160,Lung,C33-C34,15.28535753,21.32847798,28.89548708,24.42814236,21.02662918,393,1869058.5,"per 100,000 person-years",Multiple rate definitions; see rate columns,NORDCAN 9.6 (30 June 2026),https://nordcan.iarc.fr/en/dataviz/trends?cancers=160&key=asr_n&populations=208_246_352_578_752&sexes=1_2&types=0_1&years=1960_2024,2026-07-30
578,Norway,1,Male,0,Incidence,1967,160,Lung,C33-C34,16.90726152,23.98411469,32.51922475,27.69567725,23.77509819,448,1884324.5,"per 100,000 person-years",Multiple rate definitions; see rate columns,NORDCAN 9.6 (30 June 2026),https://nordcan.iarc.fr/en/dataviz/trends?cancers=160&key=asr_n&populations=208_246_352_578_752&sexes=1_2&types=0_1&years=1960_2024,2026-07-30
578,Norway,1,Male,0,Incidence,1968,160,Lung,C33-C34,20.2387163,28.47552537,39.05907761,32.99701554,28.35719757,539,1900752,"per 100,000 person-years",Multiple rate definitions; see rate columns,NORDCAN 9.6 (30 June 2026),https://nordcan.iarc.fr/en/dataviz/trends?cancers=160&key=asr_n&populations=208_246_352_578_752&sexes=1_2&types=0_1&years=1960_2024,2026-07-30
578,Norway,1,Male,0,Incidence,1969,160,Lung,C33-C34,18.77416866,26.35557916,35.97867368,30.46394771,26.40846219,506,1916052.5,"per 100,000 person-years",Multiple rate definitions; see rate columns,NORDCAN 9.6 (30 June 2026),https://nordcan.iarc.fr/en/dataviz/trends?cancers=160&key=asr_n&populations=208_246_352_578_752&sexes=1_2&types=0_1&years=1960_2024,2026-07-30
578,Norway,1,Male,0,Incidence,1970,160,Lung,C33-C34,21.56001981,30.49293486,42.79184621,35.937931,30.7479238,593,1928585.5,"per 100,000 person-years",Multiple rate definitions; see rate columns,NORDCAN 9.6 (30 June 2026),https://nordcan.iarc.fr/en/dataviz/trends?cancers=160&key=asr_n&populations=208_246_352_578_752&sexes=1_2&types=0_1&years=1960_2024,2026-07-30
578,Norway,1,Male,0,Incidence,1971,160,Lung,C33-C34,22.76903467,32.24447095,44.46720867,37.9023961,32.40531684,629,1941039.5,"per 100,000 person-years",Multiple rate definitions; see rate columns,NORDCAN 9.6 (30 June 2026),https://nordcan.iarc.fr/en/dataviz/trends?cancers=160&key=asr_n&populations=208_246_352_578_752&sexes=1_2&types=0_1&years=1960_2024,2026-07-30
578,Norway,1,Male,0,Incidence,1972,160,Lung,C33-C34,23.27760178,32.76976832,45.35476736,38.40650282,33.13439911,648,1955671.5,"per 100,000 person-years",Multiple rate definitions; see rate columns,NORDCAN 9.6 (30 June 2026),https://nordcan.iarc.fr/en/dataviz/trends?cancers=160&key=asr_n&populations=208_246_352_578_752&sexes=1_2&types=0_1&years=1960_2024,2026-07-30
578,Norway,1,Male,0,Incidence,1973,160,Lung,C33-C34,20.37437978,28.56361495,39.22165692,32.99043067,29.10493931,573,1968738,"per 100,000 person-years",Multiple rate definitions; see rate columns,NORDCAN 9.6 (30 June 2026),https://nordcan.iarc.fr/en/dataviz/trends?cancers=160&key=asr_n&populations=208_246_352_578_752&sexes=1_2&types=0_1&years=1960_2024,2026-07-30
578,Norway,1,Male,0,Incidence,1974,160,Lung,C33-C34,23.96341342,34.35763667,48.17326866,40.97046435,35.09455837,695,1980364,"per 100,000 person-years",Multiple rate definitions; see rate columns,NORDCAN 9.6 (30 June 2026),https://nordcan.iarc.fr/en/dataviz/trends?cancers=160&key=asr_n&populations=208_246_352_578_752&sexes=1_2&types=0_1&years=1960_2024,2026-07-30
578,Norway,1,Male,0,Incidence,1975,160,Lung,C33-C34,25.79209374,36.88925544,52.06513347,43.99808039,38.13032785,759,1990541.5,"per 100,000 person-years",Multiple rate definitions; see rate columns,NORDCAN 9.6 (30 June 2026),https://nordcan.iarc.fr/en/dataviz/trends?cancers=160&key=asr_n&populations=208_246_352_578_752&sexes=1_2&types=0_1&years=1960_2024,2026-07-30
578,Norway,1,Male,0,Incidence,1976,160,Lung,C33-C34,26.9166081,38.44989577,54.25250027,45.95760662,39.62001801,792,1998989.5,"per 100,000 person-years",Multiple rate definitions; see rate columns,NORDCAN 9.6 (30 June 2026),https://nordcan.iarc.fr/en/dataviz/trends?cancers=160&key=asr_n&populations=208_246_352_578_752&sexes=1_2&types=0_1&years=1960_2024,2026-07-30
578,Norway,1,Male,0,Incidence,1977,160,Lung,C33-C34,27.0469922,39.25012834,57.36063241,48.62028203,40.86698817,820,2006509.5,"per 100,000 person-years",Multiple rate definitions; see rate columns,NORDCAN 9.6 (30 June 2026),https://nordcan.iarc.fr/en/dataviz/trends?cancers=160&key=asr_n&populations=208_246_352_578_752&sexes=1_2&types=0_1&years=1960_2024,2026-07-30
578,Norway,1,Male,0,Incidence,1978,160,Lung,C33-C34,28.77119606,41.56175966,59.32868554,50.42885785,43.61357873,878,2013134.5,"per 100,000 person-years",Multiple rate definitions; see rate columns,NORDCAN 9.6 (30 June 2026),https://nordcan.iarc.fr/en/dataviz/trends?cancers=160&key=asr_n&populations=208_246_352_578_752&sexes=1_2&types=0_1&years=1960_2024,2026-07-30
578,Norway,1,Male,0,Incidence,1979,160,Lung,C33-C34,28.24281744,40.53184304,58.29502268,49.07426463,42.98921654,868,2019111,"per 100,000 person-years",Multiple rate definitions; see rate columns,NORDCAN 9.6 (30 June 2026),https://nordcan.iarc.fr/en/dataviz/trends?cancers=160&key=asr_n&populations=208_246_352_578_752&sexes=1_2&types=0_1&years=1960_2024,2026-07-30
578,Norway,1,Male,0,Incidence,1980,160,Lung,C33-C34,30.7345248,43.99171798,62.60220486,53.05721911,46.57434114,943,2024720,"per 100,000 person-years",Multiple rate definitions; see rate columns,NORDCAN 9.6 (30 June 2026),https://nordcan.iarc.fr/en/dataviz/trends?cancers=160&key=asr_n&populations=208_246_352_578_752&sexes=1_2&types=0_1&years=1960_2024,2026-07-30
578,Norway,1,Male,0,Incidence,1981,160,Lung,C33-C34,32.7012741,47.06028456,67.50342159,57.01846351,49.83867683,1012,2030551.5,"per 100,000 person-years",Multiple rate definitions; see rate columns,NORDCAN 9.6 (30 June 2026),https://nordcan.iarc.fr/en/dataviz/trends?cancers=160&key=asr_n&populations=208_246_352_578_752&sexes=1_2&types=0_1&years=1960_2024,2026-07-30
578,Norway,1,Male,0,Incidence,1982,160,Lung,C33-C34,32.39765449,46.99141955,67.56767339,57.37920167,49.97546637,1018,2036999.5,"per 100,000 person-years",Multiple rate definitions; see rate columns,NORDCAN 9.6 (30 June 2026),https://nordcan.iarc.fr/en/dataviz/trends?cancers=160&key=asr_n&populations=208_246_352_578_752&sexes=1_2&types=0_1&years=1960_2024,2026-07-30
578,Norway,1,Male,0,Incidence,1983,160,Lung,C33-C34,30.67137316,44.91207297,66.84558989,56.44102166,48.55610445,992,2042997.5,"per 100,000 person-years",Multiple rate definitions; see rate columns,NORDCAN 9.6 (30 June 2026),https://nordcan.iarc.fr/en/dataviz/trends?cancers=160&key=asr_n&populations=208_246_352_578_752&sexes=1_2&types=0_1&years=1960_2024,2026-07-30
578,Norway,1,Male,0,Incidence,1984,160,Lung,C33-C34,34.63726706,50.56600184,74.29934638,62.85466256,54.39969763,1114,2047805.5,"per 100,000 person-years",Multiple rate definitions; see rate columns,NORDCAN 9.6 (30 June 2026),https://nordcan.iarc.fr/en/dataviz/trends?cancers=160&key=asr_n&populations=208_246_352_578_752&sexes=1_2&types=0_1&years=1960_2024,2026-07-30
578,Norway,1,Male,0,Incidence,1985,160,Lung,C33-C34,33.55211384,48.65091405,71.15784406,60.02844032,52.5996526,1080,2053245.5,"per 100,000 person-years",Multiple rate definitions; see rate columns,NORDCAN 9.6 (30 June 2026),https://nordcan.iarc.fr/en/dataviz/trends?cancers=160&key=asr_n&populations=208_246_352_578_752&sexes=1_2&types=0_1&years=1960_2024,2026-07-30
578,Norway,1,Male,0,Incidence,1986,160,Lung,C33-C34,36.83386059,53.6177072,78.75637074,66.45032917,57.72096839,1189,2059910,"per 100,000 person-years",Multiple rate definitions; see rate columns,NORDCAN 9.6 (30 June 2026),https://nordcan.iarc.fr/en/dataviz/trends?cancers=160&key=asr_n&populations=208_246_352_578_752&sexes=1_2&types=0_1&years=1960_2024,2026-07-30
578,Norway,1,Male,0,Incidence,1987,160,Lung,C33-C34,33.92704681,49.19466518,72.38665887,60.93595653,53.38712307,1105,2069787.5,"per 100,000 person-years",Multiple rate definitions; see rate columns,NORDCAN 9.6 (30 June 2026),https://nordcan.iarc.fr/en/dataviz/trends?cancers=160&key=asr_n&populations=208_246_352_578_752&sexes=1_2&types=0_1&years=1960_2024,2026-07-30
578,Norway,1,Male,0,Incidence,1988,160,Lung,C33-C34,34.77058046,50.54765489,74.28979209,62.44261764,54.46377199,1134,2082118,"per 100,000 person-years",Multiple rate definitions; see rate columns,NORDCAN 9.6 (30 June 2026),https://nordcan.iarc.fr/en/dataviz/trends?cancers=160&key=asr_n&populations=208_246_352_578_752&sexes=1_2&types=0_1&years=1960_2024,2026-07-30
578,Norway,1,Male,0,Incidence,1989,160,Lung,C33-C34,34.06802186,49.84785528,74.47900689,62.77924271,54.33636217,1136,2090681,"per 100,000 person-years",Multiple rate definitions; see rate columns,NORDCAN 9.6 (30 June 2026),https://nordcan.iarc.fr/en/dataviz/trends?cancers=160&key=asr_n&populations=208_246_352_578_752&sexes=1_2&types=0_1&years=1960_2024,2026-07-30
578,Norway,1,Male,0,Incidence,1990,160,Lung,C33-C34,34.96767045,51.41596804,77.37491848,65.3206392,56.02876684,1175,2097137,"per 100,000 person-years",Multiple rate definitions; see rate columns,NORDCAN 9.6 (30 June 2026),https://nordcan.iarc.fr/en/dataviz/trends?cancers=160&key=asr_n&populations=208_246_352_578_752&sexes=1_2&types=0_1&years=1960_2024,2026-07-30
578,Norway,1,Male,0,Incidence,1991,160,Lung,C33-C34,35.0341332,50.91351474,75.40406927,63.15883767,54.90759792,1157,2107176.5,"per 100,000 person-years",Multiple rate definitions; see rate columns,NORDCAN 9.6 (30 June 2026),https://nordcan.iarc.fr/en/dataviz/trends?cancers=160&key=asr_n&populations=208_246_352_578_752&sexes=1_2&types=0_1&years=1960_2024,2026-07-30
578,Norway,1,Male,0,Incidence,1992,160,Lung,C33-C34,35.79005596,52.49838487,78.58622006,66.25946447,56.70106862,1202,2119889.5,"per 100,000 person-years",Multiple rate definitions; see rate columns,NORDCAN 9.6 (30 June 2026),https://nordcan.iarc.fr/en/dataviz/trends?cancers=160&key=asr_n&populations=208_246_352_578_752&sexes=1_2&types=0_1&years=1960_2024,2026-07-30
578,Norway,1,Male,0,Incidence,1993,160,Lung,C33-C34,37.12764399,54.2492536,81.12827231,68.19452752,58.15454523,1240,2132249.5,"per 100,000 person-years",Multiple rate definitions; see rate columns,NORDCAN 9.6 (30 June 2026),https://nordcan.iarc.fr/en/dataviz/trends?cancers=160&key=asr_n&populations=208_246_352_578_752&sexes=1_2&types=0_1&years=1960_2024,2026-07-30
578,Norway,1,Male,0,Incidence,1994,160,Lung,C33-C34,36.7652837,54.21753714,82.06853004,69.12292787,58.20493735,1248,2144148,"per 100,000 person-years",Multiple rate definitions; see rate columns,NORDCAN 9.6 (30 June 2026),https://nordcan.iarc.fr/en/dataviz/trends?cancers=160&key=asr_n&populations=208_246_352_578_752&sexes=1_2&types=0_1&years=1960_2024,2026-07-30
578,Norway,1,Male,0,Incidence,1995,160,Lung,C33-C34,36.16171834,53.21647654,81.00870484,67.83800773,57.52833677,1240,2155459.5,"per 100,000 person-years",Multiple rate definitions; see rate columns,NORDCAN 9.6 (30 June 2026),https://nordcan.iarc.fr/en/dataviz/trends?cancers=160&key=asr_n&populations=208_246_352_578_752&sexes=1_2&types=0_1&years=1960_2024,2026-07-30
578,Norway,1,Male,0,Incidence,1996,160,Lung,C33-C34,37.84503136,55.46007377,83.52376036,70.40831204,59.72979423,1294,2166423,"per 100,000 person-years",Multiple rate definitions; see rate columns,NORDCAN 9.6 (30 June 2026),https://nordcan.iarc.fr/en/dataviz/trends?cancers=160&key=asr_n&populations=208_246_352_578_752&sexes=1_2&types=0_1&years=1960_2024,2026-07-30
578,Norway,1,Male,0,Incidence,1997,160,Lung,C33-C34,37.15814348,54.63088839,83.4489004,70.08569681,58.98215618,1285,2178625,"per 100,000 person-years",Multiple rate definitions; see rate columns,NORDCAN 9.6 (30 June 2026),https://nordcan.iarc.fr/en/dataviz/trends?cancers=160&key=asr_n&populations=208_246_352_578_752&sexes=1_2&types=0_1&years=1960_2024,2026-07-30
578,Norway,1,Male,0,Incidence,1998,160,Lung,C33-C34,35.57887386,52.48434081,79.479846,66.89648107,56.51514996,1239,2192332.5,"per 100,000 person-years",Multiple rate definitions; see rate columns,NORDCAN 9.6 (30 June 2026),https://nordcan.iarc.fr/en/dataviz/trends?cancers=160&key=asr_n&populations=208_246_352_578_752&sexes=1_2&types=0_1&years=1960_2024,2026-07-30
578,Norway,1,Male,0,Incidence,1999,160,Lung,C33-C34,36.33074091,53.63253559,81.9639833,69.18813924,58.0524052,1282,2208349.5,"per 100,000 person-years",Multiple rate definitions; see rate columns,NORDCAN 9.6 (30 June 2026),https://nordcan.iarc.fr/en/dataviz/trends?cancers=160&key=asr_n&populations=208_246_352_578_752&sexes=1_2&types=0_1&years=1960_2024,2026-07-30
578,Norway,1,Male,0,Incidence,2000,160,Lung,C33-C34,35.37463,52.99669895,82.27574767,69.71061831,58.26760431,1296,2224220.5,"per 100,000 person-years",Multiple rate definitions; see rate columns,NORDCAN 9.6 (30 June 2026),https://nordcan.iarc.fr/en/dataviz/trends?cancers=160&key=asr_n&populations=208_246_352_578_752&sexes=1_2&types=0_1&years=1960_2024,2026-07-30
578,Norway,1,Male,0,Incidence,2001,160,Lung,C33-C34,36.26643471,54.18076093,84.50196698,71.26518598,59.55421524,1332,2236617.5,"per 100,000 person-years",Multiple rate definitions; see rate columns,NORDCAN 9.6 (30 June 2026),https://nordcan.iarc.fr/en/dataviz/trends?cancers=160&key=asr_n&populations=208_246_352_578_752&sexes=1_2&types=0_1&years=1960_2024,2026-07-30
578,Norway,1,Male,0,Incidence,2002,160,Lung,C33-C34,36.73452023,54.89931588,85.76047134,71.85538558,60.20398658,1354,2249020.5,"per 100,000 person-years",Multiple rate definitions; see rate columns,NORDCAN 9.6 (30 June 2026),https://nordcan.iarc.fr/en/dataviz/trends?cancers=160&key=asr_n&populations=208_246_352_578_752&sexes=1_2&types=0_1&years=1960_2024,2026-07-30
578,Norway,1,Male,0,Incidence,2003,160,Lung,C33-C34,38.02751805,56.92857878,89.43545019,75.04247107,63.0254515,1426,2262578,"per 100,000 person-years",Multiple rate definitions; see rate columns,NORDCAN 9.6 (30 June 2026),https://nordcan.iarc.fr/en/dataviz/trends?cancers=160&key=asr_n&populations=208_246_352_578_752&sexes=1_2&types=0_1&years=1960_2024,2026-07-30
578,Norway,1,Male,0,Incidence,2004,160,Lung,C33-C34,36.35319223,54.71173439,86.72486206,73.01488197,61.67200989,1404,2276559.5,"per 100,000 person-years",Multiple rate definitions; see rate columns,NORDCAN 9.6 (30 June 2026),https://nordcan.iarc.fr/en/dataviz/trends?cancers=160&key=asr_n&populations=208_246_352_578_752&sexes=1_2&types=0_1&years=1960_2024,2026-07-30
578,Norway,1,Male,0,Incidence,2005,160,Lung,C33-C34,35.37107797,53.51421811,86.0704388,72.34506133,61.14192799,1402,2293025.5,"per 100,000 person-years",Multiple rate definitions; see rate columns,NORDCAN 9.6 (30 June 2026),https://nordcan.iarc.fr/en/dataviz/trends?cancers=160&key=asr_n&populations=208_246_352_578_752&sexes=1_2&types=0_1&years=1960_2024,2026-07-30
578,Norway,1,Male,0,Incidence,2006,160,Lung,C33-C34,37.15809307,55.62156698,87.0452784,73.08178464,63.01092384,1458,2313884.5,"per 100,000 person-years",Multiple rate definitions; see rate columns,NORDCAN 9.6 (30 June 2026),https://nordcan.iarc.fr/en/dataviz/trends?cancers=160&key=asr_n&populations=208_246_352_578_752&sexes=1_2&types=0_1&years=1960_2024,2026-07-30
578,Norway,1,Male,0,Incidence,2007,160,Lung,C33-C34,36.38578269,55.18385526,87.99109458,74.38293291,63.7288234,1493,2342739,"per 100,000 person-years",Multiple rate definitions; see rate columns,NORDCAN 9.6 (30 June 2026),https://nordcan.iarc.fr/en/dataviz/trends?cancers=160&key=asr_n&populations=208_246_352_578_752&sexes=1_2&types=0_1&years=1960_2024,2026-07-30
578,Norway,1,Male,0,Incidence,2008,160,Lung,C33-C34,35.66586982,53.7889108,86.0091485,72.22971202,62.25362759,1480,2377371.5,"per 100,000 person-years",Multiple rate definitions; see rate columns,NORDCAN 9.6 (30 June 2026),https://nordcan.iarc.fr/en/dataviz/trends?cancers=160&key=asr_n&populations=208_246_352_578_752&sexes=1_2&types=0_1&years=1960_2024,2026-07-30
578,Norway,1,Male,0,Incidence,2009,160,Lung,C33-C34,35.87227241,54.03303134,86.2109665,72.35192257,62.79806006,1514,2410902.5,"per 100,000 person-years",Multiple rate definitions; see rate columns,NORDCAN 9.6 (30 June 2026),https://nordcan.iarc.fr/en/dataviz/trends?cancers=160&key=asr_n&populations=208_246_352_578_752&sexes=1_2&types=0_1&years=1960_2024,2026-07-30
578,Norway,1,Male,0,Incidence,2010,160,Lung,C33-C34,34.78300228,53.03276242,86.32743239,72.54856938,62.89384097,1537,2443800.5,"per 100,000 person-years",Multiple rate definitions; see rate columns,NORDCAN 9.6 (30 June 2026),https://nordcan.iarc.fr/en/dataviz/trends?cancers=160&key=asr_n&populations=208_246_352_578_752&sexes=1_2&types=0_1&years=1960_2024,2026-07-30
578,Norway,1,Male,0,Incidence,2011,160,Lung,C33-C34,35.46235726,54.15436879,88.80927801,74.7416541,65.12464413,1615,2479860,"per 100,000 person-years",Multiple rate definitions; see rate columns,NORDCAN 9.6 (30 June 2026),https://nordcan.iarc.fr/en/dataviz/trends?cancers=160&key=asr_n&populations=208_246_352_578_752&sexes=1_2&types=0_1&years=1960_2024,2026-07-30
578,Norway,1,Male,0,Incidence,2012,160,Lung,C33-C34,35.07544448,53.54372467,87.63313077,73.5371374,64.78933832,1631,2517389.5,"per 100,000 person-years",Multiple rate definitions; see rate columns,NORDCAN 9.6 (30 June 2026),https://nordcan.iarc.fr/en/dataviz/trends?cancers=160&key=asr_n&populations=208_246_352_578_752&sexes=1_2&types=0_1&years=1960_2024,2026-07-30
578,Norway,1,Male,0,Incidence,2013,160,Lung,C33-C34,32.92003017,50.16755702,81.92545112,68.90663944,61.29316828,1564,2551671,"per 100,000 person-years",Multiple rate definitions; see rate columns,NORDCAN 9.6 (30 June 2026),https://nordcan.iarc.fr/en/dataviz/trends?cancers=160&key=asr_n&populations=208_246_352_578_752&sexes=1_2&types=0_1&years=1960_2024,2026-07-30
578,Norway,1,Male,0,Incidence,2014,160,Lung,C33-C34,32.98234413,50.55626813,83.40978974,69.55537816,62.8694889,1624,2583129,"per 100,000 person-years",Multiple rate definitions; see rate columns,NORDCAN 9.6 (30 June 2026),https://nordcan.iarc.fr/en/dataviz/trends?cancers=160&key=asr_n&populations=208_246_352_578_752&sexes=1_2&types=0_1&years=1960_2024,2026-07-30
578,Norway,1,Male,0,Incidence,2015,160,Lung,C33-C34,31.76349341,48.96668806,81.82405776,68.35629861,62.25192312,1626,2611967.5,"per 100,000 person-years",Multiple rate definitions; see rate columns,NORDCAN 9.6 (30 June 2026),https://nordcan.iarc.fr/en/dataviz/trends?cancers=160&key=asr_n&populations=208_246_352_578_752&sexes=1_2&types=0_1&years=1960_2024,2026-07-30
578,Norway,1,Male,0,Incidence,2016,160,Lung,C33-C34,32.40001852,49.72960426,82.65405256,68.86631824,64.35049138,1697,2637120.5,"per 100,000 person-years",Multiple rate definitions; see rate columns,NORDCAN 9.6 (30 June 2026),https://nordcan.iarc.fr/en/dataviz/trends?cancers=160&key=asr_n&populations=208_246_352_578_752&sexes=1_2&types=0_1&years=1960_2024,2026-07-30
578,Norway,1,Male,0,Incidence,2017,160,Lung,C33-C34,32.48549813,49.60643248,82.30139005,68.73718704,65.55713504,1743,2658749.5,"per 100,000 person-years",Multiple rate definitions; see rate columns,NORDCAN 9.6 (30 June 2026),https://nordcan.iarc.fr/en/dataviz/trends?cancers=160&key=asr_n&populations=208_246_352_578_752&sexes=1_2&types=0_1&years=1960_2024,2026-07-30
578,Norway,1,Male,0,Incidence,2018,160,Lung,C33-C34,30.63954548,46.91376375,77.4821267,64.89291172,63.13695002,1690,2676721,"per 100,000 person-years",Multiple rate definitions; see rate columns,NORDCAN 9.6 (30 June 2026),https://nordcan.iarc.fr/en/dataviz/trends?cancers=160&key=asr_n&populations=208_246_352_578_752&sexes=1_2&types=0_1&years=1960_2024,2026-07-30
578,Norway,1,Male,0,Incidence,2019,160,Lung,C33-C34,29.20458089,44.93507634,75.0128405,62.5881337,62.0590971,1673,2695817.5,"per 100,000 person-years",Multiple rate definitions; see rate columns,NORDCAN 9.6 (30 June 2026),https://nordcan.iarc.fr/en/dataviz/trends?cancers=160&key=asr_n&populations=208_246_352_578_752&sexes=1_2&types=0_1&years=1960_2024,2026-07-30
578,Norway,1,Male,0,Incidence,2020,160,Lung,C33-C34,29.02909891,44.85005514,75.01468527,62.64568841,63.58484734,1725,2712910.5,"per 100,000 person-years",Multiple rate definitions; see rate columns,NORDCAN 9.6 (30 June 2026),https://nordcan.iarc.fr/en/dataviz/trends?cancers=160&key=asr_n&populations=208_246_352_578_752&sexes=1_2&types=0_1&years=1960_2024,2026-07-30
578,Norway,1,Male,0,Incidence,2021,160,Lung,C33-C34,29.57267204,45.88145513,77.62630233,64.91347913,66.81827537,1823,2728295.5,"per 100,000 person-years",Multiple rate definitions; see rate columns,NORDCAN 9.6 (30 June 2026),https://nordcan.iarc.fr/en/dataviz/trends?cancers=160&key=asr_n&populations=208_246_352_578_752&sexes=1_2&types=0_1&years=1960_2024,2026-07-30
578,Norway,1,Male,0,Incidence,2022,160,Lung,C33-C34,28.45240361,44.31083532,74.78751483,62.58881699,65.930048,1814,2751401,"per 100,000 person-years",Multiple rate definitions; see rate columns,NORDCAN 9.6 (30 June 2026),https://nordcan.iarc.fr/en/dataviz/trends?cancers=160&key=asr_n&populations=208_246_352_578_752&sexes=1_2&types=0_1&years=1960_2024,2026-07-30
578,Norway,1,Male,0,Incidence,2023,160,Lung,C33-C34,26.25272618,40.65794108,68.35408046,56.95180617,61.49765122,1710,2780594,"per 100,000 person-years",Multiple rate definitions; see rate columns,NORDCAN 9.6 (30 June 2026),https://nordcan.iarc.fr/en/dataviz/trends?cancers=160&key=asr_n&populations=208_246_352_578_752&sexes=1_2&types=0_1&years=1960_2024,2026-07-30
578,Norway,1,Male,0,Incidence,2024,160,Lung,C33-C34,24.91730216,38.83687756,66.31807447,55.58200296,60.33929276,1694,2807457.5,"per 100,000 person-years",Multiple rate definitions; see rate columns,NORDCAN 9.6 (30 June 2026),https://nordcan.iarc.fr/en/dataviz/trends?cancers=160&key=asr_n&populations=208_246_352_578_752&sexes=1_2&types=0_1&years=1960_2024,2026-07-30
752,Sweden,1,Male,0,Incidence,1960,160,Lung,C33-C34,13.16754801,18.66467307,25.91157447,21.91673848,18.61300195,695,3733949,"per 100,000 person-years",Multiple rate definitions; see rate columns,NORDCAN 9.6 (30 June 2026),https://nordcan.iarc.fr/en/dataviz/trends?cancers=160&key=asr_n&populations=208_246_352_578_752&sexes=1_2&types=0_1&years=1960_2024,2026-07-30
752,Sweden,1,Male,0,Incidence,1961,160,Lung,C33-C34,15.34265134,21.38845837,28.77590254,24.25728657,21.69750164,814,3751584,"per 100,000 person-years",Multiple rate definitions; see rate columns,NORDCAN 9.6 (30 June 2026),https://nordcan.iarc.fr/en/dataviz/trends?cancers=160&key=asr_n&populations=208_246_352_578_752&sexes=1_2&types=0_1&years=1960_2024,2026-07-30
752,Sweden,1,Male,0,Incidence,1962,160,Lung,C33-C34,17.18739973,24.44899197,34.10908063,28.89143993,25.1017123,947,3772651,"per 100,000 person-years",Multiple rate definitions; see rate columns,NORDCAN 9.6 (30 June 2026),https://nordcan.iarc.fr/en/dataviz/trends?cancers=160&key=asr_n&populations=208_246_352_578_752&sexes=1_2&types=0_1&years=1960_2024,2026-07-30
752,Sweden,1,Male,0,Incidence,1963,160,Lung,C33-C34,18.17356523,25.95951008,37.30799108,31.23682493,26.9637547,1023,3793982,"per 100,000 person-years",Multiple rate definitions; see rate columns,NORDCAN 9.6 (30 June 2026),https://nordcan.iarc.fr/en/dataviz/trends?cancers=160&key=asr_n&populations=208_246_352_578_752&sexes=1_2&types=0_1&years=1960_2024,2026-07-30
752,Sweden,1,Male,0,Incidence,1964,160,Lung,C33-C34,18.56708117,26.76602671,38.73963745,32.64104404,28.06473879,1073,3823303,"per 100,000 person-years",Multiple rate definitions; see rate columns,NORDCAN 9.6 (30 June 2026),https://nordcan.iarc.fr/en/dataviz/trends?cancers=160&key=asr_n&populations=208_246_352_578_752&sexes=1_2&types=0_1&years=1960_2024,2026-07-30
752,Sweden,1,Male,0,Incidence,1965,160,Lung,C33-C34,19.26778085,27.37204815,39.07161334,32.74718592,28.74389192,1110,3861690,"per 100,000 person-years",Multiple rate definitions; see rate columns,NORDCAN 9.6 (30 June 2026),https://nordcan.iarc.fr/en/dataviz/trends?cancers=160&key=asr_n&populations=208_246_352_578_752&sexes=1_2&types=0_1&years=1960_2024,2026-07-30
752,Sweden,1,Male,0,Incidence,1966,160,Lung,C33-C34,18.08505888,25.91402241,37.49722667,31.46490762,27.53263027,1074,3900826,"per 100,000 person-years",Multiple rate definitions; see rate columns,NORDCAN 9.6 (30 June 2026),https://nordcan.iarc.fr/en/dataviz/trends?cancers=160&key=asr_n&populations=208_246_352_578_752&sexes=1_2&types=0_1&years=1960_2024,2026-07-30
752,Sweden,1,Male,0,Incidence,1967,160,Lung,C33-C34,18.83461975,27.25542846,39.81336303,33.49945516,29.15509749,1146,3930702,"per 100,000 person-years",Multiple rate definitions; see rate columns,NORDCAN 9.6 (30 June 2026),https://nordcan.iarc.fr/en/dataviz/trends?cancers=160&key=asr_n&populations=208_246_352_578_752&sexes=1_2&types=0_1&years=1960_2024,2026-07-30
752,Sweden,1,Male,0,Incidence,1968,160,Lung,C33-C34,21.10281626,30.41055636,44.53461809,37.0437035,32.88044881,1299,3950676,"per 100,000 person-years",Multiple rate definitions; see rate columns,NORDCAN 9.6 (30 June 2026),https://nordcan.iarc.fr/en/dataviz/trends?cancers=160&key=asr_n&populations=208_246_352_578_752&sexes=1_2&types=0_1&years=1960_2024,2026-07-30
752,Sweden,1,Male,0,Incidence,1969,160,Lung,C33-C34,20.83563136,30.3480746,44.96956437,37.83109728,33.08340613,1316,3977825,"per 100,000 person-years",Multiple rate definitions; see rate columns,NORDCAN 9.6 (30 June 2026),https://nordcan.iarc.fr/en/dataviz/trends?cancers=160&key=asr_n&populations=208_246_352_578_752&sexes=1_2&types=0_1&years=1960_2024,2026-07-30
752,Sweden,1,Male,0,Incidence,1970,160,Lung,C33-C34,21.70475218,31.68643091,47.25455806,39.85385446,34.61023522,1390,4016153,"per 100,000 person-years",Multiple rate definitions; see rate columns,NORDCAN 9.6 (30 June 2026),https://nordcan.iarc.fr/en/dataviz/trends?cancers=160&key=asr_n&populations=208_246_352_578_752&sexes=1_2&types=0_1&years=1960_2024,2026-07-30
752,Sweden,1,Male,0,Incidence,1971,160,Lung,C33-C34,22.48940742,33.04518892,50.36813243,42.13592572,36.49025586,1475,4042175,"per 100,000 person-years",Multiple rate definitions; see rate columns,NORDCAN 9.6 (30 June 2026),https://nordcan.iarc.fr/en/dataviz/trends?cancers=160&key=asr_n&populations=208_246_352_578_752&sexes=1_2&types=0_1&years=1960_2024,2026-07-30
752,Sweden,1,Male,0,Incidence,1972,160,Lung,C33-C34,23.71589405,34.62769224,51.54182475,43.39950687,38.54370476,1561,4049948,"per 100,000 person-years",Multiple rate definitions; see rate columns,NORDCAN 9.6 (30 June 2026),https://nordcan.iarc.fr/en/dataviz/trends?cancers=160&key=asr_n&populations=208_246_352_578_752&sexes=1_2&types=0_1&years=1960_2024,2026-07-30
752,Sweden,1,Male,0,Incidence,1973,160,Lung,C33-C34,24.4131134,35.95979815,54.52088443,46.09570151,40.31657144,1634,4052924,"per 100,000 person-years",Multiple rate definitions; see rate columns,NORDCAN 9.6 (30 June 2026),https://nordcan.iarc.fr/en/dataviz/trends?cancers=160&key=asr_n&populations=208_246_352_578_752&sexes=1_2&types=0_1&years=1960_2024,2026-07-30
752,Sweden,1,Male,0,Incidence,1974,160,Lung,C33-C34,24.82513428,36.83290407,56.31750941,47.62749639,41.63821635,1691,4061173,"per 100,000 person-years",Multiple rate definitions; see rate columns,NORDCAN 9.6 (30 June 2026),https://nordcan.iarc.fr/en/dataviz/trends?cancers=160&key=asr_n&populations=208_246_352_578_752&sexes=1_2&types=0_1&years=1960_2024,2026-07-30
752,Sweden,1,Male,0,Incidence,1975,160,Lung,C33-C34,24.92835129,36.55111362,54.54134071,46.08035824,41.82068205,1704,4074539,"per 100,000 person-years",Multiple rate definitions; see rate columns,NORDCAN 9.6 (30 June 2026),https://nordcan.iarc.fr/en/dataviz/trends?cancers=160&key=asr_n&populations=208_246_352_578_752&sexes=1_2&types=0_1&years=1960_2024,2026-07-30
752,Sweden,1,Male,0,Incidence,1976,160,Lung,C33-C34,26.49279674,39.06506803,58.84459043,50.0326102,45.11947485,1844,4086927,"per 100,000 person-years",Multiple rate definitions; see rate columns,NORDCAN 9.6 (30 June 2026),https://nordcan.iarc.fr/en/dataviz/trends?cancers=160&key=asr_n&populations=208_246_352_578_752&sexes=1_2&types=0_1&years=1960_2024,2026-07-30
752,Sweden,1,Male,0,Incidence,1977,160,Lung,C33-C34,25.13613832,37.38750674,57.32427838,48.58030776,43.4295273,1780,4098594,"per 100,000 person-years",Multiple rate definitions; see rate columns,NORDCAN 9.6 (30 June 2026),https://nordcan.iarc.fr/en/dataviz/trends?cancers=160&key=asr_n&populations=208_246_352_578_752&sexes=1_2&types=0_1&years=1960_2024,2026-07-30
752,Sweden,1,Male,0,Incidence,1978,160,Lung,C33-C34,25.11654675,37.04243028,55.88760023,47.26560083,42.90177684,1762,4107056,"per 100,000 person-years",Multiple rate definitions; see rate columns,NORDCAN 9.6 (30 June 2026),https://nordcan.iarc.fr/en/dataviz/trends?cancers=160&key=asr_n&populations=208_246_352_578_752&sexes=1_2&types=0_1&years=1960_2024,2026-07-30
752,Sweden,1,Male,0,Incidence,1979,160,Lung,C33-C34,23.64239895,34.89690765,53.07546984,45.13495459,41.02110703,1687,4112517,"per 100,000 person-years",Multiple rate definitions; see rate columns,NORDCAN 9.6 (30 June 2026),https://nordcan.iarc.fr/en/dataviz/trends?cancers=160&key=asr_n&populations=208_246_352_578_752&sexes=1_2&types=0_1&years=1960_2024,2026-07-30
752,Sweden,1,Male,0,Incidence,1980,160,Lung,C33-C34,25.91490919,38.10904344,57.39877293,48.46292551,44.44254478,1830,4117676,"per 100,000 person-years",Multiple rate definitions; see rate columns,NORDCAN 9.6 (30 June 2026),https://nordcan.iarc.fr/en/dataviz/trends?cancers=160&key=asr_n&populations=208_246_352_578_752&sexes=1_2&types=0_1&years=1960_2024,2026-07-30
752,Sweden,1,Male,0,Incidence,1981,160,Lung,C33-C34,26.23806129,38.95827666,60.1238992,50.91378318,46.34365776,1909,4119226,"per 100,000 person-years",Multiple rate definitions; see rate columns,NORDCAN 9.6 (30 June 2026),https://nordcan.iarc.fr/en/dataviz/trends?cancers=160&key=asr_n&populations=208_246_352_578_752&sexes=1_2&types=0_1&years=1960_2024,2026-07-30
752,Sweden,1,Male,0,Incidence,1982,160,Lung,C33-C34,27.15050583,39.85815423,59.94373933,50.66937298,47.28030201,1947,4117994,"per 100,000 person-years",Multiple rate definitions; see rate columns,NORDCAN 9.6 (30 June 2026),https://nordcan.iarc.fr/en/dataviz/trends?cancers=160&key=asr_n&populations=208_246_352_578_752&sexes=1_2&types=0_1&years=1960_2024,2026-07-30
752,Sweden,1,Male,0,Incidence,1983,160,Lung,C33-C34,25.99455958,38.63583436,59.42166424,50.36814809,46.4200904,1911,4116752,"per 100,000 person-years",Multiple rate definitions; see rate columns,NORDCAN 9.6 (30 June 2026),https://nordcan.iarc.fr/en/dataviz/trends?cancers=160&key=asr_n&populations=208_246_352_578_752&sexes=1_2&types=0_1&years=1960_2024,2026-07-30
752,Sweden,1,Male,0,Incidence,1984,160,Lung,C33-C34,26.77251016,39.41023601,59.38890632,50.29011543,47.30051953,1948,4118348,"per 100,000 person-years",Multiple rate definitions; see rate columns,NORDCAN 9.6 (30 June 2026),https://nordcan.iarc.fr/en/dataviz/trends?cancers=160&key=asr_n&populations=208_246_352_578_752&sexes=1_2&types=0_1&years=1960_2024,2026-07-30
752,Sweden,1,Male,0,Incidence,1985,160,Lung,C33-C34,25.39611612,37.53807191,57.84960706,48.70239763,45.87962418,1892,4123835,"per 100,000 person-years",Multiple rate definitions; see rate columns,NORDCAN 9.6 (30 June 2026),https://nordcan.iarc.fr/en/dataviz/trends?cancers=160&key=asr_n&populations=208_246_352_578_752&sexes=1_2&types=0_1&years=1960_2024,2026-07-30
752,Sweden,1,Male,0,Incidence,1986,160,Lung,C33-C34,25.14875007,37.18725942,56.58290151,47.89500849,45.32566112,1873,4132317,"per 100,000 person-years",Multiple rate definitions; see rate columns,NORDCAN 9.6 (30 June 2026),https://nordcan.iarc.fr/en/dataviz/trends?cancers=160&key=asr_n&populations=208_246_352_578_752&sexes=1_2&types=0_1&years=1960_2024,2026-07-30
752,Sweden,1,Male,0,Incidence,1987,160,Lung,C33-C34,24.78499034,36.93620417,57.10972453,48.09504202,45.35525955,1880,4145054,"per 100,000 person-years",Multiple rate definitions; see rate columns,NORDCAN 9.6 (30 June 2026),https://nordcan.iarc.fr/en/dataviz/trends?cancers=160&key=asr_n&populations=208_246_352_578_752&sexes=1_2&types=0_1&years=1960_2024,2026-07-30
752,Sweden,1,Male,0,Incidence,1988,160,Lung,C33-C34,24.45175889,36.10088175,55.14709269,46.50464337,44.20980084,1841,4164235,"per 100,000 person-years",Multiple rate definitions; see rate columns,NORDCAN 9.6 (30 June 2026),https://nordcan.iarc.fr/en/dataviz/trends?cancers=160&key=asr_n&populations=208_246_352_578_752&sexes=1_2&types=0_1&years=1960_2024,2026-07-30
752,Sweden,1,Male,0,Incidence,1989,160,Lung,C33-C34,24.58944893,36.04321004,54.01991552,45.69324113,43.51472097,1825,4193983,"per 100,000 person-years",Multiple rate definitions; see rate columns,NORDCAN 9.6 (30 June 2026),https://nordcan.iarc.fr/en/dataviz/trends?cancers=160&key=asr_n&populations=208_246_352_578_752&sexes=1_2&types=0_1&years=1960_2024,2026-07-30
752,Sweden,1,Male,0,Incidence,1990,160,Lung,C33-C34,24.36697576,35.86098356,54.32471475,45.77485992,43.3532984,1833,4228052,"per 100,000 person-years",Multiple rate definitions; see rate columns,NORDCAN 9.6 (30 June 2026),https://nordcan.iarc.fr/en/dataviz/trends?cancers=160&key=asr_n&populations=208_246_352_578_752&sexes=1_2&types=0_1&years=1960_2024,2026-07-30
752,Sweden,1,Male,0,Incidence,1991,160,Lung,C33-C34,24.62470107,35.89681531,53.11123546,44.7550471,43.03171592,1832,4257325,"per 100,000 person-years",Multiple rate definitions; see rate columns,NORDCAN 9.6 (30 June 2026),https://nordcan.iarc.fr/en/dataviz/trends?cancers=160&key=asr_n&populations=208_246_352_578_752&sexes=1_2&types=0_1&years=1960_2024,2026-07-30
752,Sweden,1,Male,0,Incidence,1992,160,Lung,C33-C34,23.31606117,34.07771309,51.38428763,43.0875204,40.97967338,1755,4282611,"per 100,000 person-years",Multiple rate definitions; see rate columns,NORDCAN 9.6 (30 June 2026),https://nordcan.iarc.fr/en/dataviz/trends?cancers=160&key=asr_n&populations=208_246_352_578_752&sexes=1_2&types=0_1&years=1960_2024,2026-07-30
752,Sweden,1,Male,0,Incidence,1993,160,Lung,C33-C34,22.50079574,33.09135313,49.89168197,42.10882413,39.83495884,1716,4307774,"per 100,000 person-years",Multiple rate definitions; see rate columns,NORDCAN 9.6 (30 June 2026),https://nordcan.iarc.fr/en/dataviz/trends?cancers=160&key=asr_n&populations=208_246_352_578_752&sexes=1_2&types=0_1&years=1960_2024,2026-07-30
752,Sweden,1,Male,0,Incidence,1994,160,Lung,C33-C34,23.65823737,34.57886271,52.27321482,43.97427749,41.85673334,1816,4338609,"per 100,000 person-years",Multiple rate definitions; see rate columns,NORDCAN 9.6 (30 June 2026),https://nordcan.iarc.fr/en/dataviz/trends?cancers=160&key=asr_n&populations=208_246_352_578_752&sexes=1_2&types=0_1&years=1960_2024,2026-07-30
752,Sweden,1,Male,0,Incidence,1995,160,Lung,C33-C34,21.57381897,31.60113742,47.263163,39.79663631,37.87976065,1652,4361168,"per 100,000 person-years",Multiple rate definitions; see rate columns,NORDCAN 9.6 (30 June 2026),https://nordcan.iarc.fr/en/dataviz/trends?cancers=160&key=asr_n&populations=208_246_352_578_752&sexes=1_2&types=0_1&years=1960_2024,2026-07-30
752,Sweden,1,Male,0,Incidence,1996,160,Lung,C33-C34,21.0031825,30.78759125,46.35957896,38.80227145,37.08878666,1620,4367897,"per 100,000 person-years",Multiple rate definitions; see rate columns,NORDCAN 9.6 (30 June 2026),https://nordcan.iarc.fr/en/dataviz/trends?cancers=160&key=asr_n&populations=208_246_352_578_752&sexes=1_2&types=0_1&years=1960_2024,2026-07-30
752,Sweden,1,Male,0,Incidence,1997,160,Lung,C33-C34,21.49082881,31.70312221,47.77700156,40.17821172,38.55112737,1685,4370819,"per 100,000 person-years",Multiple rate definitions; see rate columns,NORDCAN 9.6 (30 June 2026),https://nordcan.iarc.fr/en/dataviz/trends?cancers=160&key=asr_n&populations=208_246_352_578_752&sexes=1_2&types=0_1&years=1960_2024,2026-07-30
752,Sweden,1,Male,0,Incidence,1998,160,Lung,C33-C34,21.25011445,31.40154584,47.98311342,40.39034027,38.91377968,1702,4373772,"per 100,000 person-years",Multiple rate definitions; see rate columns,NORDCAN 9.6 (30 June 2026),https://nordcan.iarc.fr/en/dataviz/trends?cancers=160&key=asr_n&populations=208_246_352_578_752&sexes=1_2&types=0_1&years=1960_2024,2026-07-30
752,Sweden,1,Male,0,Incidence,1999,160,Lung,C33-C34,20.88209844,30.66450662,46.69963209,39.03096737,37.78089548,1654,4377874,"per 100,000 person-years",Multiple rate definitions; see rate columns,NORDCAN 9.6 (30 June 2026),https://nordcan.iarc.fr/en/dataviz/trends?cancers=160&key=asr_n&populations=208_246_352_578_752&sexes=1_2&types=0_1&years=1960_2024,2026-07-30
752,Sweden,1,Male,0,Incidence,2000,160,Lung,C33-C34,20.75760601,30.56114003,46.71731154,39.16934083,38.02628966,1668,4386439,"per 100,000 person-years",Multiple rate definitions; see rate columns,NORDCAN 9.6 (30 June 2026),https://nordcan.iarc.fr/en/dataviz/trends?cancers=160&key=asr_n&populations=208_246_352_578_752&sexes=1_2&types=0_1&years=1960_2024,2026-07-30
752,Sweden,1,Male,0,Incidence,2001,160,Lung,C33-C34,21.30661139,31.6247248,48.95539632,41.0062535,39.92635553,1757,4400602,"per 100,000 person-years",Multiple rate definitions; see rate columns,NORDCAN 9.6 (30 June 2026),https://nordcan.iarc.fr/en/dataviz/trends?cancers=160&key=asr_n&populations=208_246_352_578_752&sexes=1_2&types=0_1&years=1960_2024,2026-07-30
752,Sweden,1,Male,0,Incidence,2002,160,Lung,C33-C34,21.07935751,31.04120386,47.31760933,39.69770279,39.02411641,1724,4417781,"per 100,000 person-years",Multiple rate definitions; see rate columns,NORDCAN 9.6 (30 June 2026),https://nordcan.iarc.fr/en/dataviz/trends?cancers=160&key=asr_n&populations=208_246_352_578_752&sexes=1_2&types=0_1&years=1960_2024,2026-07-30
752,Sweden,1,Male,0,Incidence,2003,160,Lung,C33-C34,20.71794961,30.58046804,46.81377042,39.38625218,38.94622513,1728,4436887,"per 100,000 person-years",Multiple rate definitions; see rate columns,NORDCAN 9.6 (30 June 2026),https://nordcan.iarc.fr/en/dataviz/trends?cancers=160&key=asr_n&populations=208_246_352_578_752&sexes=1_2&types=0_1&years=1960_2024,2026-07-30
752,Sweden,1,Male,0,Incidence,2004,160,Lung,C33-C34,22.20010977,33.00095105,51.26022103,43.00991375,42.79154348,1907,4456488,"per 100,000 person-years",Multiple rate definitions; see rate columns,NORDCAN 9.6 (30 June 2026),https://nordcan.iarc.fr/en/dataviz/trends?cancers=160&key=asr_n&populations=208_246_352_578_752&sexes=1_2&types=0_1&years=1960_2024,2026-07-30
752,Sweden,1,Male,0,Incidence,2005,160,Lung,C33-C34,21.47381852,32.14957683,50.36236032,42.21197039,42.08705318,1884,4476436,"per 100,000 person-years",Multiple rate definitions; see rate columns,NORDCAN 9.6 (30 June 2026),https://nordcan.iarc.fr/en/dataviz/trends?cancers=160&key=asr_n&populations=208_246_352_578_752&sexes=1_2&types=0_1&years=1960_2024,2026-07-30
752,Sweden,1,Male,0,Incidence,2006,160,Lung,C33-C34,20.40938283,30.48032262,47.93047188,40.199946250000004,40.51017516,1825,4505041,"per 100,000 person-years",Multiple rate definitions; see rate columns,NORDCAN 9.6 (30 June 2026),https://nordcan.iarc.fr/en/dataviz/trends?cancers=160&key=asr_n&populations=208_246_352_578_752&sexes=1_2&types=0_1&years=1960_2024,2026-07-30
752,Sweden,1,Male,0,Incidence,2007,160,Lung,C33-C34,19.98418423,30.11106842,47.57012114,39.9534419,40.18728242,1826,4543726,"per 100,000 person-years",Multiple rate definitions; see rate columns,NORDCAN 9.6 (30 June 2026),https://nordcan.iarc.fr/en/dataviz/trends?cancers=160&key=asr_n&populations=208_246_352_578_752&sexes=1_2&types=0_1&years=1960_2024,2026-07-30
752,Sweden,1,Male,0,Incidence,2008,160,Lung,C33-C34,20.14082324,30.17199047,47.39619004,39.91231148,40.68658004,1865,4583821,"per 100,000 person-years",Multiple rate definitions; see rate columns,NORDCAN 9.6 (30 June 2026),https://nordcan.iarc.fr/en/dataviz/trends?cancers=160&key=asr_n&populations=208_246_352_578_752&sexes=1_2&types=0_1&years=1960_2024,2026-07-30
752,Sweden,1,Male,0,Incidence,2009,160,Lung,C33-C34,19.43782748,29.29734616,46.61613456,39.10547545,40.1827092,1859,4626368,"per 100,000 person-years",Multiple rate definitions; see rate columns,NORDCAN 9.6 (30 June 2026),https://nordcan.iarc.fr/en/dataviz/trends?cancers=160&key=asr_n&populations=208_246_352_578_752&sexes=1_2&types=0_1&years=1960_2024,2026-07-30
752,Sweden,1,Male,0,Incidence,2010,160,Lung,C33-C34,20.49238113,30.86137671,49.33107271,41.33374011,42.91555978,2004,4669635,"per 100,000 person-years",Multiple rate definitions; see rate columns,NORDCAN 9.6 (30 June 2026),https://nordcan.iarc.fr/en/dataviz/trends?cancers=160&key=asr_n&populations=208_246_352_578_752&sexes=1_2&types=0_1&years=1960_2024,2026-07-30
752,Sweden,1,Male,0,Incidence,2011,160,Lung,C33-C34,20.17320271,30.3918844,48.49623803,40.74152887,42.6883736,2010,4708542,"per 100,000 person-years",Multiple rate definitions; see rate columns,NORDCAN 9.6 (30 June 2026),https://nordcan.iarc.fr/en/dataviz/trends?cancers=160&key=asr_n&populations=208_246_352_578_752&sexes=1_2&types=0_1&years=1960_2024,2026-07-30
752,Sweden,1,Male,0,Incidence,2012,160,Lung,C33-C34,19.43529771,29.09059138,46.33432818,38.7076315,41.56855673,1973,4746376,"per 100,000 person-years",Multiple rate definitions; see rate columns,NORDCAN 9.6 (30 June 2026),https://nordcan.iarc.fr/en/dataviz/trends?cancers=160&key=asr_n&populations=208_246_352_578_752&sexes=1_2&types=0_1&years=1960_2024,2026-07-30
752,Sweden,1,Male,0,Incidence,2013,160,Lung,C33-C34,18.88057893,28.50918366,45.71950955,38.29749906,41.18880107,1973,4790137,"per 100,000 person-years",Multiple rate definitions; see rate columns,NORDCAN 9.6 (30 June 2026),https://nordcan.iarc.fr/en/dataviz/trends?cancers=160&key=asr_n&populations=208_246_352_578_752&sexes=1_2&types=0_1&years=1960_2024,2026-07-30
752,Sweden,1,Male,0,Incidence,2014,160,Lung,C33-C34,18.04731071,27.4936363,44.83672464,37.60456505,40.6540659,1969,4843304,"per 100,000 person-years",Multiple rate definitions; see rate columns,NORDCAN 9.6 (30 June 2026),https://nordcan.iarc.fr/en/dataviz/trends?cancers=160&key=asr_n&populations=208_246_352_578_752&sexes=1_2&types=0_1&years=1960_2024,2026-07-30
752,Sweden,1,Male,0,Incidence,2015,160,Lung,C33-C34,18.60310027,28.11032461,45.56843876,38.18396883,41.92502581,2055,4901607,"per 100,000 person-years",Multiple rate definitions; see rate columns,NORDCAN 9.6 (30 June 2026),https://nordcan.iarc.fr/en/dataviz/trends?cancers=160&key=asr_n&populations=208_246_352_578_752&sexes=1_2&types=0_1&years=1960_2024,2026-07-30
752,Sweden,1,Male,0,Incidence,2016,160,Lung,C33-C34,17.58082737,26.66969537,43.21476291,36.25687549,40.0831751,1993,4972161,"per 100,000 person-years",Multiple rate definitions; see rate columns,NORDCAN 9.6 (30 June 2026),https://nordcan.iarc.fr/en/dataviz/trends?cancers=160&key=asr_n&populations=208_246_352_578_752&sexes=1_2&types=0_1&years=1960_2024,2026-07-30
752,Sweden,1,Male,0,Incidence,2017,160,Lung,C33-C34,17.51957505,26.90480134,44.59442574,37.45448123,41.28359492,2084,5048010,"per 100,000 person-years",Multiple rate definitions; see rate columns,NORDCAN 9.6 (30 June 2026),https://nordcan.iarc.fr/en/dataviz/trends?cancers=160&key=asr_n&populations=208_246_352_578_752&sexes=1_2&types=0_1&years=1960_2024,2026-07-30
752,Sweden,1,Male,0,Incidence,2018,160,Lung,C33-C34,17.95994415,27.59492912,45.47277903,38.2062311,42.42497147,2169,5112555,"per 100,000 person-years",Multiple rate definitions; see rate columns,NORDCAN 9.6 (30 June 2026),https://nordcan.iarc.fr/en/dataviz/trends?cancers=160&key=asr_n&populations=208_246_352_578_752&sexes=1_2&types=0_1&years=1960_2024,2026-07-30
752,Sweden,1,Male,0,Incidence,2019,160,Lung,C33-C34,16.28128504,25.19925516,42.40541896,35.64503902,40.14213605,2075,5169132,"per 100,000 person-years",Multiple rate definitions; see rate columns,NORDCAN 9.6 (30 June 2026),https://nordcan.iarc.fr/en/dataviz/trends?cancers=160&key=asr_n&populations=208_246_352_578_752&sexes=1_2&types=0_1&years=1960_2024,2026-07-30
752,Sweden,1,Male,0,Incidence,2020,160,Lung,C33-C34,15.63796597,24.04783573,39.93158746,33.61596091,38.39260896,2000,5209336,"per 100,000 person-years",Multiple rate definitions; see rate columns,NORDCAN 9.6 (30 June 2026),https://nordcan.iarc.fr/en/dataviz/trends?cancers=160&key=asr_n&populations=208_246_352_578_752&sexes=1_2&types=0_1&years=1960_2024,2026-07-30
752,Sweden,1,Male,0,Incidence,2021,160,Lung,C33-C34,15.27640896,23.77687204,40.25122577,33.88149688,38.99437252,2044,5241782,"per 100,000 person-years",Multiple rate definitions; see rate columns,NORDCAN 9.6 (30 June 2026),https://nordcan.iarc.fr/en/dataviz/trends?cancers=160&key=asr_n&populations=208_246_352_578_752&sexes=1_2&types=0_1&years=1960_2024,2026-07-30
752,Sweden,1,Male,0,Incidence,2022,160,Lung,C33-C34,15.15097283,23.51087726,39.74566241,33.40396742,38.96187532,2057,5279520,"per 100,000 person-years",Multiple rate definitions; see rate columns,NORDCAN 9.6 (30 June 2026),https://nordcan.iarc.fr/en/dataviz/trends?cancers=160&key=asr_n&populations=208_246_352_578_752&sexes=1_2&types=0_1&years=1960_2024,2026-07-30
752,Sweden,1,Male,0,Incidence,2023,160,Lung,C33-C34,15.28280796,23.62763781,39.5929993,33.37306319,39.29939637,2085,5305425,"per 100,000 person-years",Multiple rate definitions; see rate columns,NORDCAN 9.6 (30 June 2026),https://nordcan.iarc.fr/en/dataviz/trends?cancers=160&key=asr_n&populations=208_246_352_578_752&sexes=1_2&types=0_1&years=1960_2024,2026-07-30
752,Sweden,1,Male,0,Incidence,2024,160,Lung,C33-C34,12.60773683,19.73437604,33.62982695,28.34722655,33.99355025,1808,5318656,"per 100,000 person-years",Multiple rate definitions; see rate columns,NORDCAN 9.6 (30 June 2026),https://nordcan.iarc.fr/en/dataviz/trends?cancers=160&key=asr_n&populations=208_246_352_578_752&sexes=1_2&types=0_1&years=1960_2024,2026-07-30
208,Denmark,2,Female,0,Incidence,1960,160,Lung,C33-C34,5.419175792,7.968635051,12.16961577,10.29685064,7.927433229,183,2308439.5,"per 100,000 person-years",Multiple rate definitions; see rate columns,NORDCAN 9.6 (30 June 2026),https://nordcan.iarc.fr/en/dataviz/trends?cancers=160&key=asr_n&populations=208_246_352_578_752&sexes=1_2&types=0_1&years=1960_2024,2026-07-30
208,Denmark,2,Female,0,Incidence,1961,160,Lung,C33-C34,5.608680548,8.277958073,12.52334358,10.94841284,8.430727593,196,2324829,"per 100,000 person-years",Multiple rate definitions; see rate columns,NORDCAN 9.6 (30 June 2026),https://nordcan.iarc.fr/en/dataviz/trends?cancers=160&key=asr_n&populations=208_246_352_578_752&sexes=1_2&types=0_1&years=1960_2024,2026-07-30
208,Denmark,2,Female,0,Incidence,1962,160,Lung,C33-C34,6.155631819,8.839337393,12.65109443,10.90869495,9.091246666,213,2342913,"per 100,000 person-years",Multiple rate definitions; see rate columns,NORDCAN 9.6 (30 June 2026),https://nordcan.iarc.fr/en/dataviz/trends?cancers=160&key=asr_n&populations=208_246_352_578_752&sexes=1_2&types=0_1&years=1960_2024,2026-07-30
208,Denmark,2,Female,0,Incidence,1963,160,Lung,C33-C34,6.44876667,9.33214917,13.65975701,11.72436158,9.484683189,224,2361702.5,"per 100,000 person-years",Multiple rate definitions; see rate columns,NORDCAN 9.6 (30 June 2026),https://nordcan.iarc.fr/en/dataviz/trends?cancers=160&key=asr_n&populations=208_246_352_578_752&sexes=1_2&types=0_1&years=1960_2024,2026-07-30
208,Denmark,2,Female,0,Incidence,1964,160,Lung,C33-C34,6.363792517,9.295930994,13.73460457,11.84801893,9.744038392,232,2380943,"per 100,000 person-years",Multiple rate definitions; see rate columns,NORDCAN 9.6 (30 June 2026),https://nordcan.iarc.fr/en/dataviz/trends?cancers=160&key=asr_n&populations=208_246_352_578_752&sexes=1_2&types=0_1&years=1960_2024,2026-07-30
208,Denmark,2,Female,0,Incidence,1965,160,Lung,C33-C34,6.914824086,10.13221545,15.09274513,12.99027679,10.6657112,256,2400215,"per 100,000 person-years",Multiple rate definitions; see rate columns,NORDCAN 9.6 (30 June 2026),https://nordcan.iarc.fr/en/dataviz/trends?cancers=160&key=asr_n&populations=208_246_352_578_752&sexes=1_2&types=0_1&years=1960_2024,2026-07-30
208,Denmark,2,Female,0,Incidence,1966,160,Lung,C33-C34,8.427110864,12.20999862,17.96021287,15.46509198,12.80991471,310,2420000.5,"per 100,000 person-years",Multiple rate definitions; see rate columns,NORDCAN 9.6 (30 June 2026),https://nordcan.iarc.fr/en/dataviz/trends?cancers=160&key=asr_n&populations=208_246_352_578_752&sexes=1_2&types=0_1&years=1960_2024,2026-07-30
208,Denmark,2,Female,0,Incidence,1967,160,Lung,C33-C34,8.147934768,11.83335633,17.375773680000002,14.99055785,12.58656853,307,2439108,"per 100,000 person-years",Multiple rate definitions; see rate columns,NORDCAN 9.6 (30 June 2026),https://nordcan.iarc.fr/en/dataviz/trends?cancers=160&key=asr_n&populations=208_246_352_578_752&sexes=1_2&types=0_1&years=1960_2024,2026-07-30
208,Denmark,2,Female,0,Incidence,1968,160,Lung,C33-C34,8.984575587,12.90873409,18.6783154,16.165540879999998,13.68988419,336,2454367,"per 100,000 person-years",Multiple rate definitions; see rate columns,NORDCAN 9.6 (30 June 2026),https://nordcan.iarc.fr/en/dataviz/trends?cancers=160&key=asr_n&populations=208_246_352_578_752&sexes=1_2&types=0_1&years=1960_2024,2026-07-30
208,Denmark,2,Female,0,Incidence,1969,160,Lung,C33-C34,9.720669385,13.90847876,20.33823061,17.43773268,15.23764753,376,2467572.5,"per 100,000 person-years",Multiple rate definitions; see rate columns,NORDCAN 9.6 (30 June 2026),https://nordcan.iarc.fr/en/dataviz/trends?cancers=160&key=asr_n&populations=208_246_352_578_752&sexes=1_2&types=0_1&years=1960_2024,2026-07-30
208,Denmark,2,Female,0,Incidence,1970,160,Lung,C33-C34,10.76839851,15.6047729,23.23970611,19.87960862,17.44136047,433,2482604.5,"per 100,000 person-years",Multiple rate definitions; see rate columns,NORDCAN 9.6 (30 June 2026),https://nordcan.iarc.fr/en/dataviz/trends?cancers=160&key=asr_n&populations=208_246_352_578_752&sexes=1_2&types=0_1&years=1960_2024,2026-07-30
208,Denmark,2,Female,0,Incidence,1971,160,Lung,C33-C34,10.60516781,15.12109266,21.95633713,18.81436766,16.69253944,417,2498122,"per 100,000 person-years",Multiple rate definitions; see rate columns,NORDCAN 9.6 (30 June 2026),https://nordcan.iarc.fr/en/dataviz/trends?cancers=160&key=asr_n&populations=208_246_352_578_752&sexes=1_2&types=0_1&years=1960_2024,2026-07-30
208,Denmark,2,Female,0,Incidence,1972,160,Lung,C33-C34,11.24205129,16.1693198,23.14336881,20.05954242,17.8195441,448,2514093.5,"per 100,000 person-years",Multiple rate definitions; see rate columns,NORDCAN 9.6 (30 June 2026),https://nordcan.iarc.fr/en/dataviz/trends?cancers=160&key=asr_n&populations=208_246_352_578_752&sexes=1_2&types=0_1&years=1960_2024,2026-07-30
208,Denmark,2,Female,0,Incidence,1973,160,Lung,C33-C34,10.92209299,15.70433839,22.56682016,19.48043213,17.66537628,447,2530373.5,"per 100,000 person-years",Multiple rate definitions; see rate columns,NORDCAN 9.6 (30 June 2026),https://nordcan.iarc.fr/en/dataviz/trends?cancers=160&key=asr_n&populations=208_246_352_578_752&sexes=1_2&types=0_1&years=1960_2024,2026-07-30
208,Denmark,2,Female,0,Incidence,1974,160,Lung,C33-C34,12.35120887,17.6166774,24.41343774,21.15358564,19.53534571,497,2544106.5,"per 100,000 person-years",Multiple rate definitions; see rate columns,NORDCAN 9.6 (30 June 2026),https://nordcan.iarc.fr/en/dataviz/trends?cancers=160&key=asr_n&populations=208_246_352_578_752&sexes=1_2&types=0_1&years=1960_2024,2026-07-30
208,Denmark,2,Female,0,Incidence,1975,160,Lung,C33-C34,12.53237369,17.87815643,25.20128293,21.79633988,20.4358793,522,2554331,"per 100,000 person-years",Multiple rate definitions; see rate columns,NORDCAN 9.6 (30 June 2026),https://nordcan.iarc.fr/en/dataviz/trends?cancers=160&key=asr_n&populations=208_246_352_578_752&sexes=1_2&types=0_1&years=1960_2024,2026-07-30
208,Denmark,2,Female,0,Incidence,1976,160,Lung,C33-C34,15.41602952,21.71749126,29.67948356,25.73265279,24.15364214,619,2562760.5,"per 100,000 person-years",Multiple rate definitions; see rate columns,NORDCAN 9.6 (30 June 2026),https://nordcan.iarc.fr/en/dataviz/trends?cancers=160&key=asr_n&populations=208_246_352_578_752&sexes=1_2&types=0_1&years=1960_2024,2026-07-30
208,Denmark,2,Female,0,Incidence,1977,160,Lung,C33-C34,13.9967175,19.99111742,27.94922426,24.22567444,22.78308616,586,2572083.5,"per 100,000 person-years",Multiple rate definitions; see rate columns,NORDCAN 9.6 (30 June 2026),https://nordcan.iarc.fr/en/dataviz/trends?cancers=160&key=asr_n&populations=208_246_352_578_752&sexes=1_2&types=0_1&years=1960_2024,2026-07-30
208,Denmark,2,Female,0,Incidence,1978,160,Lung,C33-C34,14.7972662,20.85458288,28.64870647,24.78629728,23.86180914,616,2581531,"per 100,000 person-years",Multiple rate definitions; see rate columns,NORDCAN 9.6 (30 June 2026),https://nordcan.iarc.fr/en/dataviz/trends?cancers=160&key=asr_n&populations=208_246_352_578_752&sexes=1_2&types=0_1&years=1960_2024,2026-07-30
208,Denmark,2,Female,0,Incidence,1979,160,Lung,C33-C34,15.94859034,22.4629703,30.32578318,26.42873295,25.48774763,660,2589479.5,"per 100,000 person-years",Multiple rate definitions; see rate columns,NORDCAN 9.6 (30 June 2026),https://nordcan.iarc.fr/en/dataviz/trends?cancers=160&key=asr_n&populations=208_246_352_578_752&sexes=1_2&types=0_1&years=1960_2024,2026-07-30
208,Denmark,2,Female,0,Incidence,1980,160,Lung,C33-C34,17.09785441,24.12987063,32.87605111,28.48602825,27.45841516,712,2593012,"per 100,000 person-years",Multiple rate definitions; see rate columns,NORDCAN 9.6 (30 June 2026),https://nordcan.iarc.fr/en/dataviz/trends?cancers=160&key=asr_n&populations=208_246_352_578_752&sexes=1_2&types=0_1&years=1960_2024,2026-07-30
208,Denmark,2,Female,0,Incidence,1981,160,Lung,C33-C34,18.02992704,25.23584613,33.76112329,29.42751625,28.39241164,737,2595764,"per 100,000 person-years",Multiple rate definitions; see rate columns,NORDCAN 9.6 (30 June 2026),https://nordcan.iarc.fr/en/dataviz/trends?cancers=160&key=asr_n&populations=208_246_352_578_752&sexes=1_2&types=0_1&years=1960_2024,2026-07-30
208,Denmark,2,Female,0,Incidence,1982,160,Lung,C33-C34,19.56720442,27.48787328,37.3722266,32.28957151,31.90345736,828,2595330,"per 100,000 person-years",Multiple rate definitions; see rate columns,NORDCAN 9.6 (30 June 2026),https://nordcan.iarc.fr/en/dataviz/trends?cancers=160&key=asr_n&populations=208_246_352_578_752&sexes=1_2&types=0_1&years=1960_2024,2026-07-30
208,Denmark,2,Female,0,Incidence,1983,160,Lung,C33-C34,22.48941231,31.56860584,42.16907065,36.70373668,36.06597299,936,2595244,"per 100,000 person-years",Multiple rate definitions; see rate columns,NORDCAN 9.6 (30 June 2026),https://nordcan.iarc.fr/en/dataviz/trends?cancers=160&key=asr_n&populations=208_246_352_578_752&sexes=1_2&types=0_1&years=1960_2024,2026-07-30
208,Denmark,2,Female,0,Incidence,1984,160,Lung,C33-C34,21.62786011,30.69336254,41.59014194,36.02958944,35.84936789,930,2594188,"per 100,000 person-years",Multiple rate definitions; see rate columns,NORDCAN 9.6 (30 June 2026),https://nordcan.iarc.fr/en/dataviz/trends?cancers=160&key=asr_n&populations=208_246_352_578_752&sexes=1_2&types=0_1&years=1960_2024,2026-07-30
208,Denmark,2,Female,0,Incidence,1985,160,Lung,C33-C34,22.28562684,31.414165,42.28809896,36.57698601,36.62246785,950,2594036,"per 100,000 person-years",Multiple rate definitions; see rate columns,NORDCAN 9.6 (30 June 2026),https://nordcan.iarc.fr/en/dataviz/trends?cancers=160&key=asr_n&populations=208_246_352_578_752&sexes=1_2&types=0_1&years=1960_2024,2026-07-30
208,Denmark,2,Female,0,Incidence,1986,160,Lung,C33-C34,24.17484323,34.23996443,46.38559627,39.89025303,40.41283502,1049,2595710,"per 100,000 person-years",Multiple rate definitions; see rate columns,NORDCAN 9.6 (30 June 2026),https://nordcan.iarc.fr/en/dataviz/trends?cancers=160&key=asr_n&populations=208_246_352_578_752&sexes=1_2&types=0_1&years=1960_2024,2026-07-30
208,Denmark,2,Female,0,Incidence,1987,160,Lung,C33-C34,25.22916367,35.99517287,49.14541201,42.33498826,42.86636699,1114,2598774,"per 100,000 person-years",Multiple rate definitions; see rate columns,NORDCAN 9.6 (30 June 2026),https://nordcan.iarc.fr/en/dataviz/trends?cancers=160&key=asr_n&populations=208_246_352_578_752&sexes=1_2&types=0_1&years=1960_2024,2026-07-30
208,Denmark,2,Female,0,Incidence,1988,160,Lung,C33-C34,25.68880471,36.1335925,48.71353978,41.85547861,42.5947753,1108,2601258,"per 100,000 person-years",Multiple rate definitions; see rate columns,NORDCAN 9.6 (30 June 2026),https://nordcan.iarc.fr/en/dataviz/trends?cancers=160&key=asr_n&populations=208_246_352_578_752&sexes=1_2&types=0_1&years=1960_2024,2026-07-30
208,Denmark,2,Female,0,Incidence,1989,160,Lung,C33-C34,25.23189485,35.42732628,48.0658592,40.98941216,42.24302385,1099,2601613,"per 100,000 person-years",Multiple rate definitions; see rate columns,NORDCAN 9.6 (30 June 2026),https://nordcan.iarc.fr/en/dataviz/trends?cancers=160&key=asr_n&populations=208_246_352_578_752&sexes=1_2&types=0_1&years=1960_2024,2026-07-30
208,Denmark,2,Female,0,Incidence,1990,160,Lung,C33-C34,25.81855332,36.52976294,49.24695769,42.28535234,42.99734491,1120,2604812,"per 100,000 person-years",Multiple rate definitions; see rate columns,NORDCAN 9.6 (30 June 2026),https://nordcan.iarc.fr/en/dataviz/trends?cancers=160&key=asr_n&populations=208_246_352_578_752&sexes=1_2&types=0_1&years=1960_2024,2026-07-30
208,Denmark,2,Female,0,Incidence,1991,160,Lung,C33-C34,26.97212811,37.93973528,51.26773462,43.85969738,44.8645596,1171,2610078,"per 100,000 person-years",Multiple rate definitions; see rate columns,NORDCAN 9.6 (30 June 2026),https://nordcan.iarc.fr/en/dataviz/trends?cancers=160&key=asr_n&populations=208_246_352_578_752&sexes=1_2&types=0_1&years=1960_2024,2026-07-30
208,Denmark,2,Female,0,Incidence,1992,160,Lung,C33-C34,26.07335896,36.79788952,50.12881414,42.834964,43.97036756,1151,2617672,"per 100,000 person-years",Multiple rate definitions; see rate columns,NORDCAN 9.6 (30 June 2026),https://nordcan.iarc.fr/en/dataviz/trends?cancers=160&key=asr_n&populations=208_246_352_578_752&sexes=1_2&types=0_1&years=1960_2024,2026-07-30
208,Denmark,2,Female,0,Incidence,1993,160,Lung,C33-C34,27.86825529,39.3128059,54.16941939,45.91624907,47.56247096,1249,2626020,"per 100,000 person-years",Multiple rate definitions; see rate columns,NORDCAN 9.6 (30 June 2026),https://nordcan.iarc.fr/en/dataviz/trends?cancers=160&key=asr_n&populations=208_246_352_578_752&sexes=1_2&types=0_1&years=1960_2024,2026-07-30
208,Denmark,2,Female,0,Incidence,1994,160,Lung,C33-C34,31.73323006,44.49953693,60.50172887,51.27925156,52.82545952,1391,2633200,"per 100,000 person-years",Multiple rate definitions; see rate columns,NORDCAN 9.6 (30 June 2026),https://nordcan.iarc.fr/en/dataviz/trends?cancers=160&key=asr_n&populations=208_246_352_578_752&sexes=1_2&types=0_1&years=1960_2024,2026-07-30
208,Denmark,2,Female,0,Incidence,1995,160,Lung,C33-C34,29.89072505,42.17933905,57.99202604,49.3026037,50.71158957,1340,2642394,"per 100,000 person-years",Multiple rate definitions; see rate columns,NORDCAN 9.6 (30 June 2026),https://nordcan.iarc.fr/en/dataviz/trends?cancers=160&key=asr_n&populations=208_246_352_578_752&sexes=1_2&types=0_1&years=1960_2024,2026-07-30
208,Denmark,2,Female,0,Incidence,1996,160,Lung,C33-C34,30.08971462,42.18541392,57.45426146,48.93366911,50.21052691,1335,2658805,"per 100,000 person-years",Multiple rate definitions; see rate columns,NORDCAN 9.6 (30 June 2026),https://nordcan.iarc.fr/en/dataviz/trends?cancers=160&key=asr_n&populations=208_246_352_578_752&sexes=1_2&types=0_1&years=1960_2024,2026-07-30
208,Denmark,2,Female,0,Incidence,1997,160,Lung,C33-C34,31.27588528,44.45853481,62.5748427,52.66399515,54.34082445,1451,2670184,"per 100,000 person-years",Multiple rate definitions; see rate columns,NORDCAN 9.6 (30 June 2026),https://nordcan.iarc.fr/en/dataviz/trends?cancers=160&key=asr_n&populations=208_246_352_578_752&sexes=1_2&types=0_1&years=1960_2024,2026-07-30
208,Denmark,2,Female,0,Incidence,1998,160,Lung,C33-C34,31.22762543,44.15771089,62.1334708,52.34042037,54.19546423,1452,2679191,"per 100,000 person-years",Multiple rate definitions; see rate columns,NORDCAN 9.6 (30 June 2026),https://nordcan.iarc.fr/en/dataviz/trends?cancers=160&key=asr_n&populations=208_246_352_578_752&sexes=1_2&types=0_1&years=1960_2024,2026-07-30
208,Denmark,2,Female,0,Incidence,1999,160,Lung,C33-C34,32.96288004,46.79534626,65.85184658,55.57292745,57.54874345,1547,2688156,"per 100,000 person-years",Multiple rate definitions; see rate columns,NORDCAN 9.6 (30 June 2026),https://nordcan.iarc.fr/en/dataviz/trends?cancers=160&key=asr_n&populations=208_246_352_578_752&sexes=1_2&types=0_1&years=1960_2024,2026-07-30
208,Denmark,2,Female,0,Incidence,2000,160,Lung,C33-C34,31.73727136,45.64977866,65.67658187,55.66326903,57.97697094,1563,2695898,"per 100,000 person-years",Multiple rate definitions; see rate columns,NORDCAN 9.6 (30 June 2026),https://nordcan.iarc.fr/en/dataviz/trends?cancers=160&key=asr_n&populations=208_246_352_578_752&sexes=1_2&types=0_1&years=1960_2024,2026-07-30
208,Denmark,2,Female,0,Incidence,2001,160,Lung,C33-C34,32.61731045,46.94905171,67.64968363,57.08545345,59.66964312,1614,2704893,"per 100,000 person-years",Multiple rate definitions; see rate columns,NORDCAN 9.6 (30 June 2026),https://nordcan.iarc.fr/en/dataviz/trends?cancers=160&key=asr_n&populations=208_246_352_578_752&sexes=1_2&types=0_1&years=1960_2024,2026-07-30
208,Denmark,2,Female,0,Incidence,2002,160,Lung,C33-C34,34.3901898,49.49925707,70.89223598,59.92686947,62.81758804,1705,2714208,"per 100,000 person-years",Multiple rate definitions; see rate columns,NORDCAN 9.6 (30 June 2026),https://nordcan.iarc.fr/en/dataviz/trends?cancers=160&key=asr_n&populations=208_246_352_578_752&sexes=1_2&types=0_1&years=1960_2024,2026-07-30
208,Denmark,2,Female,0,Incidence,2003,160,Lung,C33-C34,33.90055847,48.59756982,69.81147599,58.95342938,61.66784698,1678,2721029,"per 100,000 person-years",Multiple rate definitions; see rate columns,NORDCAN 9.6 (30 June 2026),https://nordcan.iarc.fr/en/dataviz/trends?cancers=160&key=asr_n&populations=208_246_352_578_752&sexes=1_2&types=0_1&years=1960_2024,2026-07-30
208,Denmark,2,Female,0,Incidence,2004,160,Lung,C33-C34,34.41270897,49.69027202,72.08398773,60.99167933,64.59602751,1763,2729270,"per 100,000 person-years",Multiple rate definitions; see rate columns,NORDCAN 9.6 (30 June 2026),https://nordcan.iarc.fr/en/dataviz/trends?cancers=160&key=asr_n&populations=208_246_352_578_752&sexes=1_2&types=0_1&years=1960_2024,2026-07-30
208,Denmark,2,Female,0,Incidence,2005,160,Lung,C33-C34,35.49976236,51.54332732,74.93765567,63.65054512,67.68706501,1852,2736121,"per 100,000 person-years",Multiple rate definitions; see rate columns,NORDCAN 9.6 (30 June 2026),https://nordcan.iarc.fr/en/dataviz/trends?cancers=160&key=asr_n&populations=208_246_352_578_752&sexes=1_2&types=0_1&years=1960_2024,2026-07-30
208,Denmark,2,Female,0,Incidence,2006,160,Lung,C33-C34,35.63580197,52.1117689,76.55774727,65.14819845,69.99739104,1921,2744388,"per 100,000 person-years",Multiple rate definitions; see rate columns,NORDCAN 9.6 (30 June 2026),https://nordcan.iarc.fr/en/dataviz/trends?cancers=160&key=asr_n&populations=208_246_352_578_752&sexes=1_2&types=0_1&years=1960_2024,2026-07-30
208,Denmark,2,Female,0,Incidence,2007,160,Lung,C33-C34,36.80499502,53.93876083,79.98578123,68.11387979,73.44289624,2023,2754521,"per 100,000 person-years",Multiple rate definitions; see rate columns,NORDCAN 9.6 (30 June 2026),https://nordcan.iarc.fr/en/dataviz/trends?cancers=160&key=asr_n&populations=208_246_352_578_752&sexes=1_2&types=0_1&years=1960_2024,2026-07-30
208,Denmark,2,Female,0,Incidence,2008,160,Lung,C33-C34,36.12551356,53.10527829,79.34103219,67.71430688,73.70876047,2041,2769006,"per 100,000 person-years",Multiple rate definitions; see rate columns,NORDCAN 9.6 (30 June 2026),https://nordcan.iarc.fr/en/dataviz/trends?cancers=160&key=asr_n&populations=208_246_352_578_752&sexes=1_2&types=0_1&years=1960_2024,2026-07-30
208,Denmark,2,Female,0,Incidence,2009,160,Lung,C33-C34,35.86454155,52.75421011,78.66060765,66.57470456,73.68532236,2051,2783458,"per 100,000 person-years",Multiple rate definitions; see rate columns,NORDCAN 9.6 (30 June 2026),https://nordcan.iarc.fr/en/dataviz/trends?cancers=160&key=asr_n&populations=208_246_352_578_752&sexes=1_2&types=0_1&years=1960_2024,2026-07-30
208,Denmark,2,Female,0,Incidence,2010,160,Lung,C33-C34,38.46338467,56.68356157,84.38009765,71.78613818,79.83877718,2232,2795634,"per 100,000 person-years",Multiple rate definitions; see rate columns,NORDCAN 9.6 (30 June 2026),https://nordcan.iarc.fr/en/dataviz/trends?cancers=160&key=asr_n&populations=208_246_352_578_752&sexes=1_2&types=0_1&years=1960_2024,2026-07-30
208,Denmark,2,Female,0,Incidence,2011,160,Lung,C33-C34,37.63809821,55.60606262,83.27813163,70.77882061,79.48791399,2231,2806716,"per 100,000 person-years",Multiple rate definitions; see rate columns,NORDCAN 9.6 (30 June 2026),https://nordcan.iarc.fr/en/dataviz/trends?cancers=160&key=asr_n&populations=208_246_352_578_752&sexes=1_2&types=0_1&years=1960_2024,2026-07-30
208,Denmark,2,Female,0,Incidence,2012,160,Lung,C33-C34,36.30484183,53.79132241,81.44145529,69.33936199,79.12277418,2228,2815877,"per 100,000 person-years",Multiple rate definitions; see rate columns,NORDCAN 9.6 (30 June 2026),https://nordcan.iarc.fr/en/dataviz/trends?cancers=160&key=asr_n&populations=208_246_352_578_752&sexes=1_2&types=0_1&years=1960_2024,2026-07-30
208,Denmark,2,Female,0,Incidence,2013,160,Lung,C33-C34,37.57843268,55.51225675,83.62880816,71.21698552,82.19741321,2323,2826123,"per 100,000 person-years",Multiple rate definitions; see rate columns,NORDCAN 9.6 (30 June 2026),https://nordcan.iarc.fr/en/dataviz/trends?cancers=160&key=asr_n&populations=208_246_352_578_752&sexes=1_2&types=0_1&years=1960_2024,2026-07-30
208,Denmark,2,Female,0,Incidence,2014,160,Lung,C33-C34,35.62353642,52.62858069,80.36228248,68.13331343,80.35709255,2282,2839824,"per 100,000 person-years",Multiple rate definitions; see rate columns,NORDCAN 9.6 (30 June 2026),https://nordcan.iarc.fr/en/dataviz/trends?cancers=160&key=asr_n&populations=208_246_352_578_752&sexes=1_2&types=0_1&years=1960_2024,2026-07-30
208,Denmark,2,Female,0,Incidence,2015,160,Lung,C33-C34,36.28507052,53.70021446,82.00757798,69.39850387,83.09367595,2373,2855813,"per 100,000 person-years",Multiple rate definitions; see rate columns,NORDCAN 9.6 (30 June 2026),https://nordcan.iarc.fr/en/dataviz/trends?cancers=160&key=asr_n&populations=208_246_352_578_752&sexes=1_2&types=0_1&years=1960_2024,2026-07-30
208,Denmark,2,Female,0,Incidence,2016,160,Lung,C33-C34,37.01346436,54.31663602,81.50902327,68.92984318,83.50640691,2402,2876426,"per 100,000 person-years",Multiple rate definitions; see rate columns,NORDCAN 9.6 (30 June 2026),https://nordcan.iarc.fr/en/dataviz/trends?cancers=160&key=asr_n&populations=208_246_352_578_752&sexes=1_2&types=0_1&years=1960_2024,2026-07-30
208,Denmark,2,Female,0,Incidence,2017,160,Lung,C33-C34,36.29244528,53.59889714,81.608654,68.51842304,84.52723152,2446,2893742,"per 100,000 person-years",Multiple rate definitions; see rate columns,NORDCAN 9.6 (30 June 2026),https://nordcan.iarc.fr/en/dataviz/trends?cancers=160&key=asr_n&populations=208_246_352_578_752&sexes=1_2&types=0_1&years=1960_2024,2026-07-30
208,Denmark,2,Female,0,Incidence,2018,160,Lung,C33-C34,36.76054257,54.32586451,82.6807867,69.67034869,86.64745523,2520,2908337,"per 100,000 person-years",Multiple rate definitions; see rate columns,NORDCAN 9.6 (30 June 2026),https://nordcan.iarc.fr/en/dataviz/trends?cancers=160&key=asr_n&populations=208_246_352_578_752&sexes=1_2&types=0_1&years=1960_2024,2026-07-30
208,Denmark,2,Female,0,Incidence,2019,160,Lung,C33-C34,35.82795552,53.08683296,81.70858613,68.68476131,86.86853815,2537,2920505,"per 100,000 person-years",Multiple rate definitions; see rate columns,NORDCAN 9.6 (30 June 2026),https://nordcan.iarc.fr/en/dataviz/trends?cancers=160&key=asr_n&populations=208_246_352_578_752&sexes=1_2&types=0_1&years=1960_2024,2026-07-30
208,Denmark,2,Female,0,Incidence,2020,160,Lung,C33-C34,36.63113771,54.24823861,83.18065924,69.62331106,89.66140778,2625,2927681,"per 100,000 person-years",Multiple rate definitions; see rate columns,NORDCAN 9.6 (30 June 2026),https://nordcan.iarc.fr/en/dataviz/trends?cancers=160&key=asr_n&populations=208_246_352_578_752&sexes=1_2&types=0_1&years=1960_2024,2026-07-30
208,Denmark,2,Female,0,Incidence,2021,160,Lung,C33-C34,36.71569196,54.47931978,84.10807625,70.35064518,91.95178638,2703,2939584,"per 100,000 person-years",Multiple rate definitions; see rate columns,NORDCAN 9.6 (30 June 2026),https://nordcan.iarc.fr/en/dataviz/trends?cancers=160&key=asr_n&populations=208_246_352_578_752&sexes=1_2&types=0_1&years=1960_2024,2026-07-30
208,Denmark,2,Female,0,Incidence,2022,160,Lung,C33-C34,35.44600865,52.82704327,82.76916144,69.29201351,91.19790517,2711,2972656,"per 100,000 person-years",Multiple rate definitions; see rate columns,NORDCAN 9.6 (30 June 2026),https://nordcan.iarc.fr/en/dataviz/trends?cancers=160&key=asr_n&populations=208_246_352_578_752&sexes=1_2&types=0_1&years=1960_2024,2026-07-30
208,Denmark,2,Female,0,Incidence,2023,160,Lung,C33-C34,35.89222068,53.54595636,83.89628369,70.05539138,93.14715946,2784,2988819,"per 100,000 person-years",Multiple rate definitions; see rate columns,NORDCAN 9.6 (30 June 2026),https://nordcan.iarc.fr/en/dataviz/trends?cancers=160&key=asr_n&populations=208_246_352_578_752&sexes=1_2&types=0_1&years=1960_2024,2026-07-30
208,Denmark,2,Female,0,Incidence,2024,160,Lung,C33-C34,35.31953546,52.86315487,83.04440167,69.39337381,93.04655192,2794,3002798,"per 100,000 person-years",Multiple rate definitions; see rate columns,NORDCAN 9.6 (30 June 2026),https://nordcan.iarc.fr/en/dataviz/trends?cancers=160&key=asr_n&populations=208_246_352_578_752&sexes=1_2&types=0_1&years=1960_2024,2026-07-30
246,Finland,2,Female,0,Incidence,1960,160,Lung,C33-C34,3.429461622,5.106401582,7.91921195,6.80975693,4.276686831,98.2,2296170,"per 100,000 person-years",Multiple rate definitions; see rate columns,NORDCAN 9.6 (30 June 2026),https://nordcan.iarc.fr/en/dataviz/trends?cancers=160&key=asr_n&populations=208_246_352_578_752&sexes=1_2&types=0_1&years=1960_2024,2026-07-30
246,Finland,2,Female,0,Incidence,1961,160,Lung,C33-C34,4.181010032,6.180380127,9.217184709,7.936245968,5.287899516,122.2,2310936.5,"per 100,000 person-years",Multiple rate definitions; see rate columns,NORDCAN 9.6 (30 June 2026),https://nordcan.iarc.fr/en/dataviz/trends?cancers=160&key=asr_n&populations=208_246_352_578_752&sexes=1_2&types=0_1&years=1960_2024,2026-07-30
246,Finland,2,Female,0,Incidence,1962,160,Lung,C33-C34,3.894242497,5.629566231,8.294085996,7.037549761,4.867887595,113.2,2325444,"per 100,000 person-years",Multiple rate definitions; see rate columns,NORDCAN 9.6 (30 June 2026),https://nordcan.iarc.fr/en/dataviz/trends?cancers=160&key=asr_n&populations=208_246_352_578_752&sexes=1_2&types=0_1&years=1960_2024,2026-07-30
246,Finland,2,Female,0,Incidence,1963,160,Lung,C33-C34,4.973045388,7.257500741,10.72208909,9.260707106,6.373698668,149.2,2340870,"per 100,000 person-years",Multiple rate definitions; see rate columns,NORDCAN 9.6 (30 June 2026),https://nordcan.iarc.fr/en/dataviz/trends?cancers=160&key=asr_n&populations=208_246_352_578_752&sexes=1_2&types=0_1&years=1960_2024,2026-07-30
246,Finland,2,Female,0,Incidence,1964,160,Lung,C33-C34,4.268265908,6.283504563,9.566585637,8.219610543,5.575868897,131.2,2352996.5,"per 100,000 person-years",Multiple rate definitions; see rate columns,NORDCAN 9.6 (30 June 2026),https://nordcan.iarc.fr/en/dataviz/trends?cancers=160&key=asr_n&populations=208_246_352_578_752&sexes=1_2&types=0_1&years=1960_2024,2026-07-30
246,Finland,2,Female,0,Incidence,1965,160,Lung,C33-C34,3.963057213,5.84426015,8.962867852,7.633502514,5.067932972,119.6,2359936.5,"per 100,000 person-years",Multiple rate definitions; see rate columns,NORDCAN 9.6 (30 June 2026),https://nordcan.iarc.fr/en/dataviz/trends?cancers=160&key=asr_n&populations=208_246_352_578_752&sexes=1_2&types=0_1&years=1960_2024,2026-07-30
246,Finland,2,Female,0,Incidence,1966,160,Lung,C33-C34,4.298410047,6.373960343,9.949033775,8.498167857,5.64202651,133.6,2367943.5,"per 100,000 person-years",Multiple rate definitions; see rate columns,NORDCAN 9.6 (30 June 2026),https://nordcan.iarc.fr/en/dataviz/trends?cancers=160&key=asr_n&populations=208_246_352_578_752&sexes=1_2&types=0_1&years=1960_2024,2026-07-30
246,Finland,2,Female,0,Incidence,1967,160,Lung,C33-C34,5.16339909,7.522512643,11.31905367,9.545964942,6.831505086,162.6,2380149,"per 100,000 person-years",Multiple rate definitions; see rate columns,NORDCAN 9.6 (30 June 2026),https://nordcan.iarc.fr/en/dataviz/trends?cancers=160&key=asr_n&populations=208_246_352_578_752&sexes=1_2&types=0_1&years=1960_2024,2026-07-30
246,Finland,2,Female,0,Incidence,1968,160,Lung,C33-C34,5.309203706,7.764196585,11.7939983,10.16558074,7.178913072,171.6,2390334,"per 100,000 person-years",Multiple rate definitions; see rate columns,NORDCAN 9.6 (30 June 2026),https://nordcan.iarc.fr/en/dataviz/trends?cancers=160&key=asr_n&populations=208_246_352_578_752&sexes=1_2&types=0_1&years=1960_2024,2026-07-30
246,Finland,2,Female,0,Incidence,1969,160,Lung,C33-C34,4.624388075,6.859586382,10.49873668,8.994189242,6.429911143,153.6,2388835.5,"per 100,000 person-years",Multiple rate definitions; see rate columns,NORDCAN 9.6 (30 June 2026),https://nordcan.iarc.fr/en/dataviz/trends?cancers=160&key=asr_n&populations=208_246_352_578_752&sexes=1_2&types=0_1&years=1960_2024,2026-07-30
246,Finland,2,Female,0,Incidence,1970,160,Lung,C33-C34,4.506240019,6.647539311,10.32455955,8.799832338,6.26573389,149.2,2381205.5,"per 100,000 person-years",Multiple rate definitions; see rate columns,NORDCAN 9.6 (30 June 2026),https://nordcan.iarc.fr/en/dataviz/trends?cancers=160&key=asr_n&populations=208_246_352_578_752&sexes=1_2&types=0_1&years=1960_2024,2026-07-30
246,Finland,2,Female,0,Incidence,1971,160,Lung,C33-C34,5.725139862,8.437565868,12.66479756,10.90131447,8.184098615,195.2,2385113,"per 100,000 person-years",Multiple rate definitions; see rate columns,NORDCAN 9.6 (30 June 2026),https://nordcan.iarc.fr/en/dataviz/trends?cancers=160&key=asr_n&populations=208_246_352_578_752&sexes=1_2&types=0_1&years=1960_2024,2026-07-30
246,Finland,2,Female,0,Incidence,1972,160,Lung,C33-C34,5.264480809,7.748834952,11.79274655,10.14322935,7.639344543,183.2,2398111.5,"per 100,000 person-years",Multiple rate definitions; see rate columns,NORDCAN 9.6 (30 June 2026),https://nordcan.iarc.fr/en/dataviz/trends?cancers=160&key=asr_n&populations=208_246_352_578_752&sexes=1_2&types=0_1&years=1960_2024,2026-07-30
246,Finland,2,Female,0,Incidence,1973,160,Lung,C33-C34,5.180239582,7.541215795,11.162968,9.453057426,7.600134994,183.2,2410483.5,"per 100,000 person-years",Multiple rate definitions; see rate columns,NORDCAN 9.6 (30 June 2026),https://nordcan.iarc.fr/en/dataviz/trends?cancers=160&key=asr_n&populations=208_246_352_578_752&sexes=1_2&types=0_1&years=1960_2024,2026-07-30
246,Finland,2,Female,0,Incidence,1974,160,Lung,C33-C34,5.839960981,8.6154426,12.96779,11.07889142,8.924312788,216.2,2422595.5,"per 100,000 person-years",Multiple rate definitions; see rate columns,NORDCAN 9.6 (30 June 2026),https://nordcan.iarc.fr/en/dataviz/trends?cancers=160&key=asr_n&populations=208_246_352_578_752&sexes=1_2&types=0_1&years=1960_2024,2026-07-30
246,Finland,2,Female,0,Incidence,1975,160,Lung,C33-C34,5.956761805,8.727249125,13.11660352,11.2459995,9.122758426,222,2433474.5,"per 100,000 person-years",Multiple rate definitions; see rate columns,NORDCAN 9.6 (30 June 2026),https://nordcan.iarc.fr/en/dataviz/trends?cancers=160&key=asr_n&populations=208_246_352_578_752&sexes=1_2&types=0_1&years=1960_2024,2026-07-30
246,Finland,2,Female,0,Incidence,1976,160,Lung,C33-C34,7.130640385,10.28024521,14.62804803,12.62838782,10.89534103,266,2441410.5,"per 100,000 person-years",Multiple rate definitions; see rate columns,NORDCAN 9.6 (30 June 2026),https://nordcan.iarc.fr/en/dataviz/trends?cancers=160&key=asr_n&populations=208_246_352_578_752&sexes=1_2&types=0_1&years=1960_2024,2026-07-30
246,Finland,2,Female,0,Incidence,1977,160,Lung,C33-C34,6.814722649,9.90853419,14.633867,12.56849248,10.62147257,260,2447871.5,"per 100,000 person-years",Multiple rate definitions; see rate columns,NORDCAN 9.6 (30 June 2026),https://nordcan.iarc.fr/en/dataviz/trends?cancers=160&key=asr_n&populations=208_246_352_578_752&sexes=1_2&types=0_1&years=1960_2024,2026-07-30
246,Finland,2,Female,0,Incidence,1978,160,Lung,C33-C34,6.584478982,9.441033294,13.7715529,11.76501626,10.26769971,252,2454298.5,"per 100,000 person-years",Multiple rate definitions; see rate columns,NORDCAN 9.6 (30 June 2026),https://nordcan.iarc.fr/en/dataviz/trends?cancers=160&key=asr_n&populations=208_246_352_578_752&sexes=1_2&types=0_1&years=1960_2024,2026-07-30
246,Finland,2,Female,0,Incidence,1979,160,Lung,C33-C34,7.340967337,10.73821873,15.74637261,13.64172971,12.23128258,301,2460903,"per 100,000 person-years",Multiple rate definitions; see rate columns,NORDCAN 9.6 (30 June 2026),https://nordcan.iarc.fr/en/dataviz/trends?cancers=160&key=asr_n&populations=208_246_352_578_752&sexes=1_2&types=0_1&years=1960_2024,2026-07-30
246,Finland,2,Female,0,Incidence,1980,160,Lung,C33-C34,7.198962076,10.51538582,15.91897296,13.4368841,12.23305261,302,2468721.5,"per 100,000 person-years",Multiple rate definitions; see rate columns,NORDCAN 9.6 (30 June 2026),https://nordcan.iarc.fr/en/dataviz/trends?cancers=160&key=asr_n&populations=208_246_352_578_752&sexes=1_2&types=0_1&years=1960_2024,2026-07-30
246,Finland,2,Female,0,Incidence,1981,160,Lung,C33-C34,7.250901623,10.44826576,15.56657381,13.27049723,12.021917,298,2478806,"per 100,000 person-years",Multiple rate definitions; see rate columns,NORDCAN 9.6 (30 June 2026),https://nordcan.iarc.fr/en/dataviz/trends?cancers=160&key=asr_n&populations=208_246_352_578_752&sexes=1_2&types=0_1&years=1960_2024,2026-07-30
246,Finland,2,Female,0,Incidence,1982,160,Lung,C33-C34,7.031925687,10.16680989,15.04171517,12.82433968,11.99954329,299,2491761.5,"per 100,000 person-years",Multiple rate definitions; see rate columns,NORDCAN 9.6 (30 June 2026),https://nordcan.iarc.fr/en/dataviz/trends?cancers=160&key=asr_n&populations=208_246_352_578_752&sexes=1_2&types=0_1&years=1960_2024,2026-07-30
246,Finland,2,Female,0,Incidence,1983,160,Lung,C33-C34,7.205528944,10.35544479,15.09822973,12.83131537,12.37146645,310,2505766,"per 100,000 person-years",Multiple rate definitions; see rate columns,NORDCAN 9.6 (30 June 2026),https://nordcan.iarc.fr/en/dataviz/trends?cancers=160&key=asr_n&populations=208_246_352_578_752&sexes=1_2&types=0_1&years=1960_2024,2026-07-30
246,Finland,2,Female,0,Incidence,1984,160,Lung,C33-C34,8.140707809,11.74659912,17.33047812,14.75635734,14.21422908,358,2518603,"per 100,000 person-years",Multiple rate definitions; see rate columns,NORDCAN 9.6 (30 June 2026),https://nordcan.iarc.fr/en/dataviz/trends?cancers=160&key=asr_n&populations=208_246_352_578_752&sexes=1_2&types=0_1&years=1960_2024,2026-07-30
246,Finland,2,Female,0,Incidence,1985,160,Lung,C33-C34,8.55286925,12.30991201,18.08547372,15.3673998,14.91674385,377.2,2528702,"per 100,000 person-years",Multiple rate definitions; see rate columns,NORDCAN 9.6 (30 June 2026),https://nordcan.iarc.fr/en/dataviz/trends?cancers=160&key=asr_n&populations=208_246_352_578_752&sexes=1_2&types=0_1&years=1960_2024,2026-07-30
246,Finland,2,Female,0,Incidence,1986,160,Lung,C33-C34,7.758752421,11.23426107,16.69276387,14.15703367,13.88620018,352.2,2536331,"per 100,000 person-years",Multiple rate definitions; see rate columns,NORDCAN 9.6 (30 June 2026),https://nordcan.iarc.fr/en/dataviz/trends?cancers=160&key=asr_n&populations=208_246_352_578_752&sexes=1_2&types=0_1&years=1960_2024,2026-07-30
246,Finland,2,Female,0,Incidence,1987,160,Lung,C33-C34,8.489074726,12.23195192,17.78868905,15.20940205,14.99160753,381.2,2542756,"per 100,000 person-years",Multiple rate definitions; see rate columns,NORDCAN 9.6 (30 June 2026),https://nordcan.iarc.fr/en/dataviz/trends?cancers=160&key=asr_n&populations=208_246_352_578_752&sexes=1_2&types=0_1&years=1960_2024,2026-07-30
246,Finland,2,Female,0,Incidence,1988,160,Lung,C33-C34,7.816401217,11.29472477,16.58062789,14.13833125,14.16824794,361.2,2549362.5,"per 100,000 person-years",Multiple rate definitions; see rate columns,NORDCAN 9.6 (30 June 2026),https://nordcan.iarc.fr/en/dataviz/trends?cancers=160&key=asr_n&populations=208_246_352_578_752&sexes=1_2&types=0_1&years=1960_2024,2026-07-30
246,Finland,2,Female,0,Incidence,1989,160,Lung,C33-C34,7.651968932,11.12623387,17.00640433,14.2584848,14.59347665,373.2,2557307,"per 100,000 person-years",Multiple rate definitions; see rate columns,NORDCAN 9.6 (30 June 2026),https://nordcan.iarc.fr/en/dataviz/trends?cancers=160&key=asr_n&populations=208_246_352_578_752&sexes=1_2&types=0_1&years=1960_2024,2026-07-30
246,Finland,2,Female,0,Incidence,1990,160,Lung,C33-C34,8.401278956,12.20868596,17.93057687,15.35545724,15.47362559,397.2,2566948.5,"per 100,000 person-years",Multiple rate definitions; see rate columns,NORDCAN 9.6 (30 June 2026),https://nordcan.iarc.fr/en/dataviz/trends?cancers=160&key=asr_n&populations=208_246_352_578_752&sexes=1_2&types=0_1&years=1960_2024,2026-07-30
246,Finland,2,Female,0,Incidence,1991,160,Lung,C33-C34,8.59420376,12.53631089,18.75948999,15.98168871,16.21485183,418.2,2579117,"per 100,000 person-years",Multiple rate definitions; see rate columns,NORDCAN 9.6 (30 June 2026),https://nordcan.iarc.fr/en/dataviz/trends?cancers=160&key=asr_n&populations=208_246_352_578_752&sexes=1_2&types=0_1&years=1960_2024,2026-07-30
246,Finland,2,Female,0,Incidence,1992,160,Lung,C33-C34,8.506341414,12.33046132,18.55541035,15.71146293,16.3282314,423.2,2591830,"per 100,000 person-years",Multiple rate definitions; see rate columns,NORDCAN 9.6 (30 June 2026),https://nordcan.iarc.fr/en/dataviz/trends?cancers=160&key=asr_n&populations=208_246_352_578_752&sexes=1_2&types=0_1&years=1960_2024,2026-07-30
246,Finland,2,Female,0,Incidence,1993,160,Lung,C33-C34,8.628148891,12.69147761,19.12867772,16.27349945,16.68262441,434.2,2602708,"per 100,000 person-years",Multiple rate definitions; see rate columns,NORDCAN 9.6 (30 June 2026),https://nordcan.iarc.fr/en/dataviz/trends?cancers=160&key=asr_n&populations=208_246_352_578_752&sexes=1_2&types=0_1&years=1960_2024,2026-07-30
246,Finland,2,Female,0,Incidence,1994,160,Lung,C33-C34,9.154700552,13.44595385,20.57799745,17.4822849,18.22837567,476.2,2612410.5,"per 100,000 person-years",Multiple rate definitions; see rate columns,NORDCAN 9.6 (30 June 2026),https://nordcan.iarc.fr/en/dataviz/trends?cancers=160&key=asr_n&populations=208_246_352_578_752&sexes=1_2&types=0_1&years=1960_2024,2026-07-30
246,Finland,2,Female,0,Incidence,1995,160,Lung,C33-C34,8.736374369,12.79051211,19.47058988,16.58462344,17.25983026,452.4,2621115,"per 100,000 person-years",Multiple rate definitions; see rate columns,NORDCAN 9.6 (30 June 2026),https://nordcan.iarc.fr/en/dataviz/trends?cancers=160&key=asr_n&populations=208_246_352_578_752&sexes=1_2&types=0_1&years=1960_2024,2026-07-30
246,Finland,2,Female,0,Incidence,1996,160,Lung,C33-C34,9.334112972,13.758329,21.01013337,17.84675539,18.84779266,495.4,2628424.5,"per 100,000 person-years",Multiple rate definitions; see rate columns,NORDCAN 9.6 (30 June 2026),https://nordcan.iarc.fr/en/dataviz/trends?cancers=160&key=asr_n&populations=208_246_352_578_752&sexes=1_2&types=0_1&years=1960_2024,2026-07-30
246,Finland,2,Female,0,Incidence,1997,160,Lung,C33-C34,9.497357892,13.88909728,21.04329569,17.91638618,19.10445495,503.4,2634987.5,"per 100,000 person-years",Multiple rate definitions; see rate columns,NORDCAN 9.6 (30 June 2026),https://nordcan.iarc.fr/en/dataviz/trends?cancers=160&key=asr_n&populations=208_246_352_578_752&sexes=1_2&types=0_1&years=1960_2024,2026-07-30
246,Finland,2,Female,0,Incidence,1998,160,Lung,C33-C34,10.01225434,14.8470729,22.76152447,19.34077442,20.76556158,548.4,2640911,"per 100,000 person-years",Multiple rate definitions; see rate columns,NORDCAN 9.6 (30 June 2026),https://nordcan.iarc.fr/en/dataviz/trends?cancers=160&key=asr_n&populations=208_246_352_578_752&sexes=1_2&types=0_1&years=1960_2024,2026-07-30
246,Finland,2,Female,0,Incidence,1999,160,Lung,C33-C34,9.945577005,14.65632723,22.18585513,18.91590061,20.49945888,542.4,2645923.5,"per 100,000 person-years",Multiple rate definitions; see rate columns,NORDCAN 9.6 (30 June 2026),https://nordcan.iarc.fr/en/dataviz/trends?cancers=160&key=asr_n&populations=208_246_352_578_752&sexes=1_2&types=0_1&years=1960_2024,2026-07-30
246,Finland,2,Female,0,Incidence,2000,160,Lung,C33-C34,10.28414963,15.06293498,22.58500818,19.33383201,21.15451741,560.6,2650025,"per 100,000 person-years",Multiple rate definitions; see rate columns,NORDCAN 9.6 (30 June 2026),https://nordcan.iarc.fr/en/dataviz/trends?cancers=160&key=asr_n&populations=208_246_352_578_752&sexes=1_2&types=0_1&years=1960_2024,2026-07-30
246,Finland,2,Female,0,Incidence,2001,160,Lung,C33-C34,10.31134693,15.31311594,23.25067275,19.90291206,22.06032761,585.6,2654539,"per 100,000 person-years",Multiple rate definitions; see rate columns,NORDCAN 9.6 (30 June 2026),https://nordcan.iarc.fr/en/dataviz/trends?cancers=160&key=asr_n&populations=208_246_352_578_752&sexes=1_2&types=0_1&years=1960_2024,2026-07-30
246,Finland,2,Female,0,Incidence,2002,160,Lung,C33-C34,10.19864274,15.05260162,22.58414473,19.47005919,21.83247244,580.6,2659341.5,"per 100,000 person-years",Multiple rate definitions; see rate columns,NORDCAN 9.6 (30 June 2026),https://nordcan.iarc.fr/en/dataviz/trends?cancers=160&key=asr_n&populations=208_246_352_578_752&sexes=1_2&types=0_1&years=1960_2024,2026-07-30
246,Finland,2,Female,0,Incidence,2003,160,Lung,C33-C34,9.809751835,14.62042979,22.77723701,19.30990353,22.01861861,586.6,2664109,"per 100,000 person-years",Multiple rate definitions; see rate columns,NORDCAN 9.6 (30 June 2026),https://nordcan.iarc.fr/en/dataviz/trends?cancers=160&key=asr_n&populations=208_246_352_578_752&sexes=1_2&types=0_1&years=1960_2024,2026-07-30
246,Finland,2,Female,0,Incidence,2004,160,Lung,C33-C34,10.93369719,16.17234329,24.45154243,20.96246033,24.09867276,643.6,2670686.5,"per 100,000 person-years",Multiple rate definitions; see rate columns,NORDCAN 9.6 (30 June 2026),https://nordcan.iarc.fr/en/dataviz/trends?cancers=160&key=asr_n&populations=208_246_352_578_752&sexes=1_2&types=0_1&years=1960_2024,2026-07-30
246,Finland,2,Female,0,Incidence,2005,160,Lung,C33-C34,10.76926461,15.8632176,23.95991536,20.59426623,24.18919534,648,2678882,"per 100,000 person-years",Multiple rate definitions; see rate columns,NORDCAN 9.6 (30 June 2026),https://nordcan.iarc.fr/en/dataviz/trends?cancers=160&key=asr_n&populations=208_246_352_578_752&sexes=1_2&types=0_1&years=1960_2024,2026-07-30
246,Finland,2,Female,0,Incidence,2006,160,Lung,C33-C34,11.16682773,16.41709515,24.59392812,20.94037092,24.84914283,668,2688221.5,"per 100,000 person-years",Multiple rate definitions; see rate columns,NORDCAN 9.6 (30 June 2026),https://nordcan.iarc.fr/en/dataviz/trends?cancers=160&key=asr_n&populations=208_246_352_578_752&sexes=1_2&types=0_1&years=1960_2024,2026-07-30
246,Finland,2,Female,0,Incidence,2007,160,Lung,C33-C34,11.79084379,17.39658696,26.30794236,22.3396187,26.94134236,727,2698455,"per 100,000 person-years",Multiple rate definitions; see rate columns,NORDCAN 9.6 (30 June 2026),https://nordcan.iarc.fr/en/dataviz/trends?cancers=160&key=asr_n&populations=208_246_352_578_752&sexes=1_2&types=0_1&years=1960_2024,2026-07-30
246,Finland,2,Female,0,Incidence,2008,160,Lung,C33-C34,12.67317343,18.55997652,27.82206108,23.52471703,28.82792167,781,2709179,"per 100,000 person-years",Multiple rate definitions; see rate columns,NORDCAN 9.6 (30 June 2026),https://nordcan.iarc.fr/en/dataviz/trends?cancers=160&key=asr_n&populations=208_246_352_578_752&sexes=1_2&types=0_1&years=1960_2024,2026-07-30
246,Finland,2,Female,0,Incidence,2009,160,Lung,C33-C34,11.97209793,17.44757946,26.05342642,22.0112546,27.27429282,742,2720510.5,"per 100,000 person-years",Multiple rate definitions; see rate columns,NORDCAN 9.6 (30 June 2026),https://nordcan.iarc.fr/en/dataviz/trends?cancers=160&key=asr_n&populations=208_246_352_578_752&sexes=1_2&types=0_1&years=1960_2024,2026-07-30
246,Finland,2,Female,0,Incidence,2010,160,Lung,C33-C34,12.54281082,18.4700958,28.25973616,23.72878949,29.80659757,814.2,2731610,"per 100,000 person-years",Multiple rate definitions; see rate columns,NORDCAN 9.6 (30 June 2026),https://nordcan.iarc.fr/en/dataviz/trends?cancers=160&key=asr_n&populations=208_246_352_578_752&sexes=1_2&types=0_1&years=1960_2024,2026-07-30
246,Finland,2,Female,0,Incidence,2011,160,Lung,C33-C34,13.15253426,19.30715844,29.32697633,24.718565130000002,31.39861087,861.2,2742796.5,"per 100,000 person-years",Multiple rate definitions; see rate columns,NORDCAN 9.6 (30 June 2026),https://nordcan.iarc.fr/en/dataviz/trends?cancers=160&key=asr_n&populations=208_246_352_578_752&sexes=1_2&types=0_1&years=1960_2024,2026-07-30
246,Finland,2,Female,0,Incidence,2012,160,Lung,C33-C34,12.58849824,18.48051979,28.19188396,23.72165989,30.43139277,838.2,2754392.5,"per 100,000 person-years",Multiple rate definitions; see rate columns,NORDCAN 9.6 (30 June 2026),https://nordcan.iarc.fr/en/dataviz/trends?cancers=160&key=asr_n&populations=208_246_352_578_752&sexes=1_2&types=0_1&years=1960_2024,2026-07-30
246,Finland,2,Female,0,Incidence,2013,160,Lung,C33-C34,13.76427264,20.23545271,31.1065739,26.0501197,34.32316789,949.2,2765479,"per 100,000 person-years",Multiple rate definitions; see rate columns,NORDCAN 9.6 (30 June 2026),https://nordcan.iarc.fr/en/dataviz/trends?cancers=160&key=asr_n&populations=208_246_352_578_752&sexes=1_2&types=0_1&years=1960_2024,2026-07-30
246,Finland,2,Female,0,Incidence,2014,160,Lung,C33-C34,14.05524984,20.68255213,32.07721613,26.70150807,35.53364238,986.2,2775398,"per 100,000 person-years",Multiple rate definitions; see rate columns,NORDCAN 9.6 (30 June 2026),https://nordcan.iarc.fr/en/dataviz/trends?cancers=160&key=asr_n&populations=208_246_352_578_752&sexes=1_2&types=0_1&years=1960_2024,2026-07-30
246,Finland,2,Female,0,Incidence,2015,160,Lung,C33-C34,14.08531772,20.75773034,31.96244817,26.74128889,35.8840241,998.6,2782854,"per 100,000 person-years",Multiple rate definitions; see rate columns,NORDCAN 9.6 (30 June 2026),https://nordcan.iarc.fr/en/dataviz/trends?cancers=160&key=asr_n&populations=208_246_352_578_752&sexes=1_2&types=0_1&years=1960_2024,2026-07-30
246,Finland,2,Female,0,Incidence,2016,160,Lung,C33-C34,14.82879167,21.83590807,33.71360389,28.06811079,38.5024498,1073.6,2788394,"per 100,000 person-years",Multiple rate definitions; see rate columns,NORDCAN 9.6 (30 June 2026),https://nordcan.iarc.fr/en/dataviz/trends?cancers=160&key=asr_n&populations=208_246_352_578_752&sexes=1_2&types=0_1&years=1960_2024,2026-07-30
246,Finland,2,Female,0,Incidence,2017,160,Lung,C33-C34,14.21760862,21.10358513,32.81271876,27.45736162,37.90889439,1058.6,2792484.5,"per 100,000 person-years",Multiple rate definitions; see rate columns,NORDCAN 9.6 (30 June 2026),https://nordcan.iarc.fr/en/dataviz/trends?cancers=160&key=asr_n&populations=208_246_352_578_752&sexes=1_2&types=0_1&years=1960_2024,2026-07-30
246,Finland,2,Female,0,Incidence,2018,160,Lung,C33-C34,14.59627718,21.64241865,33.71180021,28.15370758,39.70920949,1109.6,2794314,"per 100,000 person-years",Multiple rate definitions; see rate columns,NORDCAN 9.6 (30 June 2026),https://nordcan.iarc.fr/en/dataviz/trends?cancers=160&key=asr_n&populations=208_246_352_578_752&sexes=1_2&types=0_1&years=1960_2024,2026-07-30
246,Finland,2,Female,0,Incidence,2019,160,Lung,C33-C34,15.29654668,22.82732149,35.77795884,29.959725,42.69215988,1193.6,2795829.5,"per 100,000 person-years",Multiple rate definitions; see rate columns,NORDCAN 9.6 (30 June 2026),https://nordcan.iarc.fr/en/dataviz/trends?cancers=160&key=asr_n&populations=208_246_352_578_752&sexes=1_2&types=0_1&years=1960_2024,2026-07-30
246,Finland,2,Female,0,Incidence,2020,160,Lung,C33-C34,15.04533641,22.58261209,35.82219596,29.91674622,43.60895942,1220.4,2798507.5,"per 100,000 person-years",Multiple rate definitions; see rate columns,NORDCAN 9.6 (30 June 2026),https://nordcan.iarc.fr/en/dataviz/trends?cancers=160&key=asr_n&populations=208_246_352_578_752&sexes=1_2&types=0_1&years=1960_2024,2026-07-30
246,Finland,2,Female,0,Incidence,2021,160,Lung,C33-C34,14.40766321,21.57124377,33.99376875,28.59687105,41.65473562,1167.4,2802562.5,"per 100,000 person-years",Multiple rate definitions; see rate columns,NORDCAN 9.6 (30 June 2026),https://nordcan.iarc.fr/en/dataviz/trends?cancers=160&key=asr_n&populations=208_246_352_578_752&sexes=1_2&types=0_1&years=1960_2024,2026-07-30
246,Finland,2,Female,0,Incidence,2022,160,Lung,C33-C34,15.38768022,23.0548127,36.13738155,30.22202753,44.67528416,1254.4,2807816.5,"per 100,000 person-years",Multiple rate definitions; see rate columns,NORDCAN 9.6 (30 June 2026),https://nordcan.iarc.fr/en/dataviz/trends?cancers=160&key=asr_n&populations=208_246_352_578_752&sexes=1_2&types=0_1&years=1960_2024,2026-07-30
246,Finland,2,Female,0,Incidence,2023,160,Lung,C33-C34,14.76511777,22.20860443,35.46812821,29.65510607,44.54966859,1256.4,2820223,"per 100,000 person-years",Multiple rate definitions; see rate columns,NORDCAN 9.6 (30 June 2026),https://nordcan.iarc.fr/en/dataviz/trends?cancers=160&key=asr_n&populations=208_246_352_578_752&sexes=1_2&types=0_1&years=1960_2024,2026-07-30
246,Finland,2,Female,0,Incidence,2024,160,Lung,C33-C34,14.4910641,21.56268349,33.29521139,28.18803176,41.31695503,1172.4,2837576,"per 100,000 person-years",Multiple rate definitions; see rate columns,NORDCAN 9.6 (30 June 2026),https://nordcan.iarc.fr/en/dataviz/trends?cancers=160&key=asr_n&populations=208_246_352_578_752&sexes=1_2&types=0_1&years=1960_2024,2026-07-30
352,Iceland,2,Female,0,Incidence,1960,160,Lung,C33-C34,7.637594004,12.12090007,21.21077774,18.39272674,10.34114281,9,87031,"per 100,000 person-years",Multiple rate definitions; see rate columns,NORDCAN 9.6 (30 June 2026),https://nordcan.iarc.fr/en/dataviz/trends?cancers=160&key=asr_n&populations=208_246_352_578_752&sexes=1_2&types=0_1&years=1960_2024,2026-07-30
352,Iceland,2,Female,0,Incidence,1961,160,Lung,C33-C34,3.887816343,5.331799206,8.003930534,7.414008676,4.519620804,4,88503,"per 100,000 person-years",Multiple rate definitions; see rate columns,NORDCAN 9.6 (30 June 2026),https://nordcan.iarc.fr/en/dataviz/trends?cancers=160&key=asr_n&populations=208_246_352_578_752&sexes=1_2&types=0_1&years=1960_2024,2026-07-30
352,Iceland,2,Female,0,Incidence,1962,160,Lung,C33-C34,2.66718921,4.334339519,6.710785731,5.769798073,3.332222592,3,90030,"per 100,000 person-years",Multiple rate definitions; see rate columns,NORDCAN 9.6 (30 June 2026),https://nordcan.iarc.fr/en/dataviz/trends?cancers=160&key=asr_n&populations=208_246_352_578_752&sexes=1_2&types=0_1&years=1960_2024,2026-07-30
352,Iceland,2,Female,0,Incidence,1963,160,Lung,C33-C34,7.024473051,9.504040755,13.06616421,11.69186881,7.634004035,7,91695,"per 100,000 person-years",Multiple rate definitions; see rate columns,NORDCAN 9.6 (30 June 2026),https://nordcan.iarc.fr/en/dataviz/trends?cancers=160&key=asr_n&populations=208_246_352_578_752&sexes=1_2&types=0_1&years=1960_2024,2026-07-30
352,Iceland,2,Female,0,Incidence,1964,160,Lung,C33-C34,9.843724967,14.19698802,19.73092138,17.28292728,10.70675275,10,93399,"per 100,000 person-years",Multiple rate definitions; see rate columns,NORDCAN 9.6 (30 June 2026),https://nordcan.iarc.fr/en/dataviz/trends?cancers=160&key=asr_n&populations=208_246_352_578_752&sexes=1_2&types=0_1&years=1960_2024,2026-07-30
352,Iceland,2,Female,0,Incidence,1965,160,Lung,C33-C34,5.476211137,8.550105668,11.76962445,10.57523553,6.308750237,6,95106,"per 100,000 person-years",Multiple rate definitions; see rate columns,NORDCAN 9.6 (30 June 2026),https://nordcan.iarc.fr/en/dataviz/trends?cancers=160&key=asr_n&populations=208_246_352_578_752&sexes=1_2&types=0_1&years=1960_2024,2026-07-30
352,Iceland,2,Female,0,Incidence,1966,160,Lung,C33-C34,8.738413202,11.90957793,16.50605378,14.01303106,9.304537513,9,96727,"per 100,000 person-years",Multiple rate definitions; see rate columns,NORDCAN 9.6 (30 June 2026),https://nordcan.iarc.fr/en/dataviz/trends?cancers=160&key=asr_n&populations=208_246_352_578_752&sexes=1_2&types=0_1&years=1960_2024,2026-07-30
352,Iceland,2,Female,0,Incidence,1967,160,Lung,C33-C34,12.88052594,18.81947939,24.85925476,22.86343756,14.2548772,14,98212,"per 100,000 person-years",Multiple rate definitions; see rate columns,NORDCAN 9.6 (30 June 2026),https://nordcan.iarc.fr/en/dataviz/trends?cancers=160&key=asr_n&populations=208_246_352_578_752&sexes=1_2&types=0_1&years=1960_2024,2026-07-30
352,Iceland,2,Female,0,Incidence,1968,160,Lung,C33-C34,10.31529343,15.96474611,23.52882069,21.31859984,12.0629687,12,99478,"per 100,000 person-years",Multiple rate definitions; see rate columns,NORDCAN 9.6 (30 June 2026),https://nordcan.iarc.fr/en/dataviz/trends?cancers=160&key=asr_n&populations=208_246_352_578_752&sexes=1_2&types=0_1&years=1960_2024,2026-07-30
352,Iceland,2,Female,0,Incidence,1969,160,Lung,C33-C34,12.98268068,17.98487183,21.83876343,19.65392526,12.95543331,13,100344,"per 100,000 person-years",Multiple rate definitions; see rate columns,NORDCAN 9.6 (30 June 2026),https://nordcan.iarc.fr/en/dataviz/trends?cancers=160&key=asr_n&populations=208_246_352_578_752&sexes=1_2&types=0_1&years=1960_2024,2026-07-30
352,Iceland,2,Female,0,Incidence,1970,160,Lung,C33-C34,8.780762688,13.47482403,20.53172363,17.89952626,9.90893687,10,100919,"per 100,000 person-years",Multiple rate definitions; see rate columns,NORDCAN 9.6 (30 June 2026),https://nordcan.iarc.fr/en/dataviz/trends?cancers=160&key=asr_n&populations=208_246_352_578_752&sexes=1_2&types=0_1&years=1960_2024,2026-07-30
352,Iceland,2,Female,0,Incidence,1971,160,Lung,C33-C34,14.07729358,18.55130207,23.68708568,20.90699632,14.72060296,15,101898,"per 100,000 person-years",Multiple rate definitions; see rate columns,NORDCAN 9.6 (30 June 2026),https://nordcan.iarc.fr/en/dataviz/trends?cancers=160&key=asr_n&populations=208_246_352_578_752&sexes=1_2&types=0_1&years=1960_2024,2026-07-30
352,Iceland,2,Female,0,Incidence,1972,160,Lung,C33-C34,15.67520522,21.88533858,29.70033787,25.36551802,17.38979219,18,103509,"per 100,000 person-years",Multiple rate definitions; see rate columns,NORDCAN 9.6 (30 June 2026),https://nordcan.iarc.fr/en/dataviz/trends?cancers=160&key=asr_n&populations=208_246_352_578_752&sexes=1_2&types=0_1&years=1960_2024,2026-07-30
352,Iceland,2,Female,0,Incidence,1973,160,Lung,C33-C34,7.036272525,10.35498339,14.47824622,12.20677587,7.615348735,8,105051,"per 100,000 person-years",Multiple rate definitions; see rate columns,NORDCAN 9.6 (30 June 2026),https://nordcan.iarc.fr/en/dataviz/trends?cancers=160&key=asr_n&populations=208_246_352_578_752&sexes=1_2&types=0_1&years=1960_2024,2026-07-30
352,Iceland,2,Female,0,Incidence,1974,160,Lung,C33-C34,11.01451806,14.8124868,20.3218457,16.9380911,11.26887537,12,106488,"per 100,000 person-years",Multiple rate definitions; see rate columns,NORDCAN 9.6 (30 June 2026),https://nordcan.iarc.fr/en/dataviz/trends?cancers=160&key=asr_n&populations=208_246_352_578_752&sexes=1_2&types=0_1&years=1960_2024,2026-07-30
352,Iceland,2,Female,0,Incidence,1975,160,Lung,C33-C34,18.01968449,25.79155706,35.85483261,30.97081399,20.39624338,22,107863,"per 100,000 person-years",Multiple rate definitions; see rate columns,NORDCAN 9.6 (30 June 2026),https://nordcan.iarc.fr/en/dataviz/trends?cancers=160&key=asr_n&populations=208_246_352_578_752&sexes=1_2&types=0_1&years=1960_2024,2026-07-30
352,Iceland,2,Female,0,Incidence,1976,160,Lung,C33-C34,16.4777834,23.08009447,32.54855539,26.66597512,18.35451751,20,108965,"per 100,000 person-years",Multiple rate definitions; see rate columns,NORDCAN 9.6 (30 June 2026),https://nordcan.iarc.fr/en/dataviz/trends?cancers=160&key=asr_n&populations=208_246_352_578_752&sexes=1_2&types=0_1&years=1960_2024,2026-07-30
352,Iceland,2,Female,0,Incidence,1977,160,Lung,C33-C34,16.53598179,24.64162524,36.45901976,32.16596767,20.93611753,23,109858,"per 100,000 person-years",Multiple rate definitions; see rate columns,NORDCAN 9.6 (30 June 2026),https://nordcan.iarc.fr/en/dataviz/trends?cancers=160&key=asr_n&populations=208_246_352_578_752&sexes=1_2&types=0_1&years=1960_2024,2026-07-30
352,Iceland,2,Female,0,Incidence,1978,160,Lung,C33-C34,19.20398893,25.97990667,32.74391075,28.5795998,20.76018377,23,110789,"per 100,000 person-years",Multiple rate definitions; see rate columns,NORDCAN 9.6 (30 June 2026),https://nordcan.iarc.fr/en/dataviz/trends?cancers=160&key=asr_n&populations=208_246_352_578_752&sexes=1_2&types=0_1&years=1960_2024,2026-07-30
352,Iceland,2,Female,0,Incidence,1979,160,Lung,C33-C34,26.24922857,36.11228418,49.19358586,42.28065318,30.38644407,34,111892,"per 100,000 person-years",Multiple rate definitions; see rate columns,NORDCAN 9.6 (30 June 2026),https://nordcan.iarc.fr/en/dataviz/trends?cancers=160&key=asr_n&populations=208_246_352_578_752&sexes=1_2&types=0_1&years=1960_2024,2026-07-30
352,Iceland,2,Female,0,Incidence,1980,160,Lung,C33-C34,23.42924028,33.53033393,47.93253208,40.5155547,28.28779293,32,113123,"per 100,000 person-years",Multiple rate definitions; see rate columns,NORDCAN 9.6 (30 June 2026),https://nordcan.iarc.fr/en/dataviz/trends?cancers=160&key=asr_n&populations=208_246_352_578_752&sexes=1_2&types=0_1&years=1960_2024,2026-07-30
352,Iceland,2,Female,0,Incidence,1981,160,Lung,C33-C34,27.19971677,38.0414228,54.16407995,47.35322945,33.19386088,38,114479,"per 100,000 person-years",Multiple rate definitions; see rate columns,NORDCAN 9.6 (30 June 2026),https://nordcan.iarc.fr/en/dataviz/trends?cancers=160&key=asr_n&populations=208_246_352_578_752&sexes=1_2&types=0_1&years=1960_2024,2026-07-30
352,Iceland,2,Female,0,Incidence,1982,160,Lung,C33-C34,21.1655207,30.67263088,45.12503459,37.87399458,26.70549013,31,116081,"per 100,000 person-years",Multiple rate definitions; see rate columns,NORDCAN 9.6 (30 June 2026),https://nordcan.iarc.fr/en/dataviz/trends?cancers=160&key=asr_n&populations=208_246_352_578_752&sexes=1_2&types=0_1&years=1960_2024,2026-07-30
352,Iceland,2,Female,0,Incidence,1983,160,Lung,C33-C34,20.96850156,29.47835093,42.34851905,34.36908837,25.49221213,30,117683,"per 100,000 person-years",Multiple rate definitions; see rate columns,NORDCAN 9.6 (30 June 2026),https://nordcan.iarc.fr/en/dataviz/trends?cancers=160&key=asr_n&populations=208_246_352_578_752&sexes=1_2&types=0_1&years=1960_2024,2026-07-30
352,Iceland,2,Female,0,Incidence,1984,160,Lung,C33-C34,26.63492376,37.19204658,50.70573601,43.54401446,31.09269826,37,118999,"per 100,000 person-years",Multiple rate definitions; see rate columns,NORDCAN 9.6 (30 June 2026),https://nordcan.iarc.fr/en/dataviz/trends?cancers=160&key=asr_n&populations=208_246_352_578_752&sexes=1_2&types=0_1&years=1960_2024,2026-07-30
352,Iceland,2,Female,0,Incidence,1985,160,Lung,C33-C34,23.38049846,33.0189426,45.6590489,38.94912082,28.32790382,34,120023,"per 100,000 person-years",Multiple rate definitions; see rate columns,NORDCAN 9.6 (30 June 2026),https://nordcan.iarc.fr/en/dataviz/trends?cancers=160&key=asr_n&populations=208_246_352_578_752&sexes=1_2&types=0_1&years=1960_2024,2026-07-30
352,Iceland,2,Female,0,Incidence,1986,160,Lung,C33-C34,36.35465629,52.58583776,74.87700543,65.16097221,46.28290425,56,120995,"per 100,000 person-years",Multiple rate definitions; see rate columns,NORDCAN 9.6 (30 June 2026),https://nordcan.iarc.fr/en/dataviz/trends?cancers=160&key=asr_n&populations=208_246_352_578_752&sexes=1_2&types=0_1&years=1960_2024,2026-07-30
352,Iceland,2,Female,0,Incidence,1987,160,Lung,C33-C34,27.55248021,39.75035649,57.78695802,48.63418866,35.9456567,44,122407,"per 100,000 person-years",Multiple rate definitions; see rate columns,NORDCAN 9.6 (30 June 2026),https://nordcan.iarc.fr/en/dataviz/trends?cancers=160&key=asr_n&populations=208_246_352_578_752&sexes=1_2&types=0_1&years=1960_2024,2026-07-30
352,Iceland,2,Female,0,Incidence,1988,160,Lung,C33-C34,24.92216541,36.21005343,50.98154606,44.30589815,31.36283584,39,124351,"per 100,000 person-years",Multiple rate definitions; see rate columns,NORDCAN 9.6 (30 June 2026),https://nordcan.iarc.fr/en/dataviz/trends?cancers=160&key=asr_n&populations=208_246_352_578_752&sexes=1_2&types=0_1&years=1960_2024,2026-07-30
352,Iceland,2,Female,0,Incidence,1989,160,Lung,C33-C34,21.0861764,31.91260777,47.88535821,42.29828527,29.41503824,37,125786,"per 100,000 person-years",Multiple rate definitions; see rate columns,NORDCAN 9.6 (30 June 2026),https://nordcan.iarc.fr/en/dataviz/trends?cancers=160&key=asr_n&populations=208_246_352_578_752&sexes=1_2&types=0_1&years=1960_2024,2026-07-30
352,Iceland,2,Female,0,Incidence,1990,160,Lung,C33-C34,27.33707554,38.41033963,50.92163702,44.58188808,33.10344828,42,126875,"per 100,000 person-years",Multiple rate definitions; see rate columns,NORDCAN 9.6 (30 June 2026),https://nordcan.iarc.fr/en/dataviz/trends?cancers=160&key=asr_n&populations=208_246_352_578_752&sexes=1_2&types=0_1&years=1960_2024,2026-07-30
352,Iceland,2,Female,0,Incidence,1991,160,Lung,C33-C34,32.22582254,46.01368603,65.07252539,54.93284368,41.23005593,53,128547,"per 100,000 person-years",Multiple rate definitions; see rate columns,NORDCAN 9.6 (30 June 2026),https://nordcan.iarc.fr/en/dataviz/trends?cancers=160&key=asr_n&populations=208_246_352_578_752&sexes=1_2&types=0_1&years=1960_2024,2026-07-30
352,Iceland,2,Female,0,Incidence,1992,160,Lung,C33-C34,39.25299616,56.45396733,79.55563361,68.69608992,50.71734303,66,130133,"per 100,000 person-years",Multiple rate definitions; see rate columns,NORDCAN 9.6 (30 June 2026),https://nordcan.iarc.fr/en/dataviz/trends?cancers=160&key=asr_n&populations=208_246_352_578_752&sexes=1_2&types=0_1&years=1960_2024,2026-07-30
352,Iceland,2,Female,0,Incidence,1993,160,Lung,C33-C34,23.84952091,33.52161785,47.87168604,41.77239528,31.78807947,42,132125,"per 100,000 person-years",Multiple rate definitions; see rate columns,NORDCAN 9.6 (30 June 2026),https://nordcan.iarc.fr/en/dataviz/trends?cancers=160&key=asr_n&populations=208_246_352_578_752&sexes=1_2&types=0_1&years=1960_2024,2026-07-30
352,Iceland,2,Female,0,Incidence,1994,160,Lung,C33-C34,34.50032371,49.00695892,70.1137849,60.95901127,46.00960922,61,132581,"per 100,000 person-years",Multiple rate definitions; see rate columns,NORDCAN 9.6 (30 June 2026),https://nordcan.iarc.fr/en/dataviz/trends?cancers=160&key=asr_n&populations=208_246_352_578_752&sexes=1_2&types=0_1&years=1960_2024,2026-07-30
352,Iceland,2,Female,0,Incidence,1995,160,Lung,C33-C34,36.38131197,52.79445931,78.13169187,65.33191984,50.25464855,67,133321,"per 100,000 person-years",Multiple rate definitions; see rate columns,NORDCAN 9.6 (30 June 2026),https://nordcan.iarc.fr/en/dataviz/trends?cancers=160&key=asr_n&populations=208_246_352_578_752&sexes=1_2&types=0_1&years=1960_2024,2026-07-30
352,Iceland,2,Female,0,Incidence,1996,160,Lung,C33-C34,27.64658183,39.9669599,58.05173603,49.37960798,38.02338065,51,134128,"per 100,000 person-years",Multiple rate definitions; see rate columns,NORDCAN 9.6 (30 June 2026),https://nordcan.iarc.fr/en/dataviz/trends?cancers=160&key=asr_n&populations=208_246_352_578_752&sexes=1_2&types=0_1&years=1960_2024,2026-07-30
352,Iceland,2,Female,0,Incidence,1997,160,Lung,C33-C34,27.24190101,39.80818996,58.46639512,49.81452434,39.22439313,53,135120,"per 100,000 person-years",Multiple rate definitions; see rate columns,NORDCAN 9.6 (30 June 2026),https://nordcan.iarc.fr/en/dataviz/trends?cancers=160&key=asr_n&populations=208_246_352_578_752&sexes=1_2&types=0_1&years=1960_2024,2026-07-30
352,Iceland,2,Female,0,Incidence,1998,160,Lung,C33-C34,31.39143081,45.35792808,63.78601766,54.22754572,42.4033952,58,136781.5,"per 100,000 person-years",Multiple rate definitions; see rate columns,NORDCAN 9.6 (30 June 2026),https://nordcan.iarc.fr/en/dataviz/trends?cancers=160&key=asr_n&populations=208_246_352_578_752&sexes=1_2&types=0_1&years=1960_2024,2026-07-30
352,Iceland,2,Female,0,Incidence,1999,160,Lung,C33-C34,33.90446929,49.23554419,73.27862587,63.04251639,49.81769611,69,138505,"per 100,000 person-years",Multiple rate definitions; see rate columns,NORDCAN 9.6 (30 June 2026),https://nordcan.iarc.fr/en/dataviz/trends?cancers=160&key=asr_n&populations=208_246_352_578_752&sexes=1_2&types=0_1&years=1960_2024,2026-07-30
352,Iceland,2,Female,0,Incidence,2000,160,Lung,C33-C34,34.87298734,48.43868831,66.71002331,56.38330925,44.85981308,63,140437.5,"per 100,000 person-years",Multiple rate definitions; see rate columns,NORDCAN 9.6 (30 June 2026),https://nordcan.iarc.fr/en/dataviz/trends?cancers=160&key=asr_n&populations=208_246_352_578_752&sexes=1_2&types=0_1&years=1960_2024,2026-07-30
352,Iceland,2,Female,0,Incidence,2001,160,Lung,C33-C34,34.83241943,50.26312402,73.57732445,61.89442027,49.18908283,70,142308,"per 100,000 person-years",Multiple rate definitions; see rate columns,NORDCAN 9.6 (30 June 2026),https://nordcan.iarc.fr/en/dataviz/trends?cancers=160&key=asr_n&populations=208_246_352_578_752&sexes=1_2&types=0_1&years=1960_2024,2026-07-30
352,Iceland,2,Female,0,Incidence,2002,160,Lung,C33-C34,26.21890886,38.36248207,56.68484128,48.32897312,38.98241962,56,143654.5,"per 100,000 person-years",Multiple rate definitions; see rate columns,NORDCAN 9.6 (30 June 2026),https://nordcan.iarc.fr/en/dataviz/trends?cancers=160&key=asr_n&populations=208_246_352_578_752&sexes=1_2&types=0_1&years=1960_2024,2026-07-30
352,Iceland,2,Female,0,Incidence,2003,160,Lung,C33-C34,35.24564922,51.7403692,75.03682295,63.52966015,51.8397943,75,144676.5,"per 100,000 person-years",Multiple rate definitions; see rate columns,NORDCAN 9.6 (30 June 2026),https://nordcan.iarc.fr/en/dataviz/trends?cancers=160&key=asr_n&populations=208_246_352_578_752&sexes=1_2&types=0_1&years=1960_2024,2026-07-30
352,Iceland,2,Female,0,Incidence,2004,160,Lung,C33-C34,35.23113595,49.40270673,68.16752319,57.87873651,48.01492578,70,145788,"per 100,000 person-years",Multiple rate definitions; see rate columns,NORDCAN 9.6 (30 June 2026),https://nordcan.iarc.fr/en/dataviz/trends?cancers=160&key=asr_n&populations=208_246_352_578_752&sexes=1_2&types=0_1&years=1960_2024,2026-07-30
352,Iceland,2,Female,0,Incidence,2005,160,Lung,C33-C34,32.74332514,47.57918915,70.95318233,58.7863697,48.7976794,72,147548,"per 100,000 person-years",Multiple rate definitions; see rate columns,NORDCAN 9.6 (30 June 2026),https://nordcan.iarc.fr/en/dataviz/trends?cancers=160&key=asr_n&populations=208_246_352_578_752&sexes=1_2&types=0_1&years=1960_2024,2026-07-30
352,Iceland,2,Female,0,Incidence,2006,160,Lung,C33-C34,31.84534278,46.79730122,70.81356567,60.82995813,51.37014861,77,149892.5,"per 100,000 person-years",Multiple rate definitions; see rate columns,NORDCAN 9.6 (30 June 2026),https://nordcan.iarc.fr/en/dataviz/trends?cancers=160&key=asr_n&populations=208_246_352_578_752&sexes=1_2&types=0_1&years=1960_2024,2026-07-30
352,Iceland,2,Female,0,Incidence,2007,160,Lung,C33-C34,28.32646326,42.71489455,65.71719094,56.12141824,47.1113234,72,152829.5,"per 100,000 person-years",Multiple rate definitions; see rate columns,NORDCAN 9.6 (30 June 2026),https://nordcan.iarc.fr/en/dataviz/trends?cancers=160&key=asr_n&populations=208_246_352_578_752&sexes=1_2&types=0_1&years=1960_2024,2026-07-30
352,Iceland,2,Female,0,Incidence,2008,160,Lung,C33-C34,34.50455867,52.45127831,83.11008052,70.57006987,59.00026614,92,155931.5,"per 100,000 person-years",Multiple rate definitions; see rate columns,NORDCAN 9.6 (30 June 2026),https://nordcan.iarc.fr/en/dataviz/trends?cancers=160&key=asr_n&populations=208_246_352_578_752&sexes=1_2&types=0_1&years=1960_2024,2026-07-30
352,Iceland,2,Female,0,Incidence,2009,160,Lung,C33-C34,31.9258029,47.00366286,70.26314398,59.5285471,50.79461831,80,157497,"per 100,000 person-years",Multiple rate definitions; see rate columns,NORDCAN 9.6 (30 June 2026),https://nordcan.iarc.fr/en/dataviz/trends?cancers=160&key=asr_n&populations=208_246_352_578_752&sexes=1_2&types=0_1&years=1960_2024,2026-07-30
352,Iceland,2,Female,0,Incidence,2010,160,Lung,C33-C34,41.72782043,61.77901019,94.02368228,78.40863708,66.99034701,105,156739,"per 100,000 person-years",Multiple rate definitions; see rate columns,NORDCAN 9.6 (30 June 2026),https://nordcan.iarc.fr/en/dataviz/trends?cancers=160&key=asr_n&populations=208_246_352_578_752&sexes=1_2&types=0_1&years=1960_2024,2026-07-30
352,Iceland,2,Female,0,Incidence,2011,160,Lung,C33-C34,30.54774308,46.22059862,75.03895608,63.78740262,56.3324382,88,156215.5,"per 100,000 person-years",Multiple rate definitions; see rate columns,NORDCAN 9.6 (30 June 2026),https://nordcan.iarc.fr/en/dataviz/trends?cancers=160&key=asr_n&populations=208_246_352_578_752&sexes=1_2&types=0_1&years=1960_2024,2026-07-30
352,Iceland,2,Female,0,Incidence,2012,160,Lung,C33-C34,36.48588216,53.74072226,82.33382141,68.28362687,60.39664703,95,157293.5,"per 100,000 person-years",Multiple rate definitions; see rate columns,NORDCAN 9.6 (30 June 2026),https://nordcan.iarc.fr/en/dataviz/trends?cancers=160&key=asr_n&populations=208_246_352_578_752&sexes=1_2&types=0_1&years=1960_2024,2026-07-30
352,Iceland,2,Female,0,Incidence,2013,160,Lung,C33-C34,35.665254,52.73995028,82.13161082,69.20489194,63.54299376,101,158947.5,"per 100,000 person-years",Multiple rate definitions; see rate columns,NORDCAN 9.6 (30 June 2026),https://nordcan.iarc.fr/en/dataviz/trends?cancers=160&key=asr_n&populations=208_246_352_578_752&sexes=1_2&types=0_1&years=1960_2024,2026-07-30
352,Iceland,2,Female,0,Incidence,2014,160,Lung,C33-C34,37.9813209,55.85493976,84.71784926,70.72100101,65.32633616,105,160731.5,"per 100,000 person-years",Multiple rate definitions; see rate columns,NORDCAN 9.6 (30 June 2026),https://nordcan.iarc.fr/en/dataviz/trends?cancers=160&key=asr_n&populations=208_246_352_578_752&sexes=1_2&types=0_1&years=1960_2024,2026-07-30
352,Iceland,2,Female,0,Incidence,2015,160,Lung,C33-C34,31.69565061,47.13114791,73.84792575,61.54131802,57.3679227,93,162111.5,"per 100,000 person-years",Multiple rate definitions; see rate columns,NORDCAN 9.6 (30 June 2026),https://nordcan.iarc.fr/en/dataviz/trends?cancers=160&key=asr_n&populations=208_246_352_578_752&sexes=1_2&types=0_1&years=1960_2024,2026-07-30
352,Iceland,2,Female,0,Incidence,2016,160,Lung,C33-C34,28.93505092,43.94488824,71.64199686,60.08571403,57.36866999,94,163852.5,"per 100,000 person-years",Multiple rate definitions; see rate columns,NORDCAN 9.6 (30 June 2026),https://nordcan.iarc.fr/en/dataviz/trends?cancers=160&key=asr_n&populations=208_246_352_578_752&sexes=1_2&types=0_1&years=1960_2024,2026-07-30
352,Iceland,2,Female,0,Incidence,2017,160,Lung,C33-C34,27.75173828,40.36736628,60.13142505,49.91649679,49.77973965,83,166734.5,"per 100,000 person-years",Multiple rate definitions; see rate columns,NORDCAN 9.6 (30 June 2026),https://nordcan.iarc.fr/en/dataviz/trends?cancers=160&key=asr_n&populations=208_246_352_578_752&sexes=1_2&types=0_1&years=1960_2024,2026-07-30
352,Iceland,2,Female,0,Incidence,2018,160,Lung,C33-C34,29.40133238,45.66991636,73.95773254,63.7871643,58.82474051,100,169996.5,"per 100,000 person-years",Multiple rate definitions; see rate columns,NORDCAN 9.6 (30 June 2026),https://nordcan.iarc.fr/en/dataviz/trends?cancers=160&key=asr_n&populations=208_246_352_578_752&sexes=1_2&types=0_1&years=1960_2024,2026-07-30
352,Iceland,2,Female,0,Incidence,2019,160,Lung,C33-C34,30.15770574,45.85739703,74.45494575,62.31232932,60.23450916,104,172658.5,"per 100,000 person-years",Multiple rate definitions; see rate columns,NORDCAN 9.6 (30 June 2026),https://nordcan.iarc.fr/en/dataviz/trends?cancers=160&key=asr_n&populations=208_246_352_578_752&sexes=1_2&types=0_1&years=1960_2024,2026-07-30
352,Iceland,2,Female,0,Incidence,2020,160,Lung,C33-C34,31.32300811,47.61925241,76.34508957,64.4571042,62.86558481,110,174976.5,"per 100,000 person-years",Multiple rate definitions; see rate columns,NORDCAN 9.6 (30 June 2026),https://nordcan.iarc.fr/en/dataviz/trends?cancers=160&key=asr_n&populations=208_246_352_578_752&sexes=1_2&types=0_1&years=1960_2024,2026-07-30
352,Iceland,2,Female,0,Incidence,2021,160,Lung,C33-C34,27.37428125,40.97441966,66.09524495,54.91207023,55.73649586,99,177621.5,"per 100,000 person-years",Multiple rate definitions; see rate columns,NORDCAN 9.6 (30 June 2026),https://nordcan.iarc.fr/en/dataviz/trends?cancers=160&key=asr_n&populations=208_246_352_578_752&sexes=1_2&types=0_1&years=1960_2024,2026-07-30
352,Iceland,2,Female,0,Incidence,2022,160,Lung,C33-C34,35.61469859,53.26758847,85.59124479,71.50267402,72.28722861,131,181221.5,"per 100,000 person-years",Multiple rate definitions; see rate columns,NORDCAN 9.6 (30 June 2026),https://nordcan.iarc.fr/en/dataviz/trends?cancers=160&key=asr_n&populations=208_246_352_578_752&sexes=1_2&types=0_1&years=1960_2024,2026-07-30
352,Iceland,2,Female,0,Incidence,2023,160,Lung,C33-C34,27.55886444,41.3400519,66.18890015,54.19191212,56.70082216,105,185182.5,"per 100,000 person-years",Multiple rate definitions; see rate columns,NORDCAN 9.6 (30 June 2026),https://nordcan.iarc.fr/en/dataviz/trends?cancers=160&key=asr_n&populations=208_246_352_578_752&sexes=1_2&types=0_1&years=1960_2024,2026-07-30
352,Iceland,2,Female,0,Incidence,2024,160,Lung,C33-C34,30.09366468,45.89801986,75.07075779,63.84660605,64.7836915,122,188319,"per 100,000 person-years",Multiple rate definitions; see rate columns,NORDCAN 9.6 (30 June 2026),https://nordcan.iarc.fr/en/dataviz/trends?cancers=160&key=asr_n&populations=208_246_352_578_752&sexes=1_2&types=0_1&years=1960_2024,2026-07-30
578,Norway,2,Female,0,Incidence,1960,160,Lung,C33-C34,1.960694352,2.797629256,3.842973844,3.323307704,2.894053166,52,1796788,"per 100,000 person-years",Multiple rate definitions; see rate columns,NORDCAN 9.6 (30 June 2026),https://nordcan.iarc.fr/en/dataviz/trends?cancers=160&key=asr_n&populations=208_246_352_578_752&sexes=1_2&types=0_1&years=1960_2024,2026-07-30
578,Norway,2,Female,0,Incidence,1961,160,Lung,C33-C34,2.000794535,2.762266312,3.522911617,3.017285751,2.87113887,52,1811128,"per 100,000 person-years",Multiple rate definitions; see rate columns,NORDCAN 9.6 (30 June 2026),https://nordcan.iarc.fr/en/dataviz/trends?cancers=160&key=asr_n&populations=208_246_352_578_752&sexes=1_2&types=0_1&years=1960_2024,2026-07-30
578,Norway,2,Female,0,Incidence,1962,160,Lung,C33-C34,1.957447466,2.80870925,3.960888857,3.40266286,3.012469708,55,1825744.5,"per 100,000 person-years",Multiple rate definitions; see rate columns,NORDCAN 9.6 (30 June 2026),https://nordcan.iarc.fr/en/dataviz/trends?cancers=160&key=asr_n&populations=208_246_352_578_752&sexes=1_2&types=0_1&years=1960_2024,2026-07-30
578,Norway,2,Female,0,Incidence,1963,160,Lung,C33-C34,1.537381621,2.240932449,3.048608951,2.700811597,2.391761902,44,1839648,"per 100,000 person-years",Multiple rate definitions; see rate columns,NORDCAN 9.6 (30 June 2026),https://nordcan.iarc.fr/en/dataviz/trends?cancers=160&key=asr_n&populations=208_246_352_578_752&sexes=1_2&types=0_1&years=1960_2024,2026-07-30
578,Norway,2,Female,0,Incidence,1964,160,Lung,C33-C34,2.740730454,3.768733412,4.990334822,4.388238764,3.938466054,73,1853513.5,"per 100,000 person-years",Multiple rate definitions; see rate columns,NORDCAN 9.6 (30 June 2026),https://nordcan.iarc.fr/en/dataviz/trends?cancers=160&key=asr_n&populations=208_246_352_578_752&sexes=1_2&types=0_1&years=1960_2024,2026-07-30
578,Norway,2,Female,0,Incidence,1965,160,Lung,C33-C34,2.080593845,2.891469039,3.998460277,3.426914839,3.158475998,59,1867989.5,"per 100,000 person-years",Multiple rate definitions; see rate columns,NORDCAN 9.6 (30 June 2026),https://nordcan.iarc.fr/en/dataviz/trends?cancers=160&key=asr_n&populations=208_246_352_578_752&sexes=1_2&types=0_1&years=1960_2024,2026-07-30
578,Norway,2,Female,0,Incidence,1966,160,Lung,C33-C34,2.503299195,3.595269202,4.970715588,4.278819007,4.034069843,76,1883953.5,"per 100,000 person-years",Multiple rate definitions; see rate columns,NORDCAN 9.6 (30 June 2026),https://nordcan.iarc.fr/en/dataviz/trends?cancers=160&key=asr_n&populations=208_246_352_578_752&sexes=1_2&types=0_1&years=1960_2024,2026-07-30
578,Norway,2,Female,0,Incidence,1967,160,Lung,C33-C34,3.708151046,5.313093074,7.489058851,6.482006978,5.944039759,113,1901064,"per 100,000 person-years",Multiple rate definitions; see rate columns,NORDCAN 9.6 (30 June 2026),https://nordcan.iarc.fr/en/dataviz/trends?cancers=160&key=asr_n&populations=208_246_352_578_752&sexes=1_2&types=0_1&years=1960_2024,2026-07-30
578,Norway,2,Female,0,Incidence,1968,160,Lung,C33-C34,3.395218835,4.833625905,6.724552865,5.939132584,5.317400594,102,1918230.5,"per 100,000 person-years",Multiple rate definitions; see rate columns,NORDCAN 9.6 (30 June 2026),https://nordcan.iarc.fr/en/dataviz/trends?cancers=160&key=asr_n&populations=208_246_352_578_752&sexes=1_2&types=0_1&years=1960_2024,2026-07-30
578,Norway,2,Female,0,Incidence,1969,160,Lung,C33-C34,4.548063036,6.382239845,8.698678843,7.496894089,7.235424431,140,1934924.5,"per 100,000 person-years",Multiple rate definitions; see rate columns,NORDCAN 9.6 (30 June 2026),https://nordcan.iarc.fr/en/dataviz/trends?cancers=160&key=asr_n&populations=208_246_352_578_752&sexes=1_2&types=0_1&years=1960_2024,2026-07-30
578,Norway,2,Female,0,Incidence,1970,160,Lung,C33-C34,4.774533563,6.802943692,9.718249871,8.339631544,7.59441318,148,1948801,"per 100,000 person-years",Multiple rate definitions; see rate columns,NORDCAN 9.6 (30 June 2026),https://nordcan.iarc.fr/en/dataviz/trends?cancers=160&key=asr_n&populations=208_246_352_578_752&sexes=1_2&types=0_1&years=1960_2024,2026-07-30
578,Norway,2,Female,0,Incidence,1971,160,Lung,C33-C34,4.21890084,6.027909638,8.580753177,7.516540343,6.931704111,136,1961999.5,"per 100,000 person-years",Multiple rate definitions; see rate columns,NORDCAN 9.6 (30 June 2026),https://nordcan.iarc.fr/en/dataviz/trends?cancers=160&key=asr_n&populations=208_246_352_578_752&sexes=1_2&types=0_1&years=1960_2024,2026-07-30
578,Norway,2,Female,0,Incidence,1972,160,Lung,C33-C34,5.055575836,7.053891107,9.426509449,8.297358285,7.838843492,155,1977332.5,"per 100,000 person-years",Multiple rate definitions; see rate columns,NORDCAN 9.6 (30 June 2026),https://nordcan.iarc.fr/en/dataviz/trends?cancers=160&key=asr_n&populations=208_246_352_578_752&sexes=1_2&types=0_1&years=1960_2024,2026-07-30
578,Norway,2,Female,0,Incidence,1973,160,Lung,C33-C34,4.636185641,6.491703383,8.938488443,7.764522978,7.430186992,148,1991874.5,"per 100,000 person-years",Multiple rate definitions; see rate columns,NORDCAN 9.6 (30 June 2026),https://nordcan.iarc.fr/en/dataviz/trends?cancers=160&key=asr_n&populations=208_246_352_578_752&sexes=1_2&types=0_1&years=1960_2024,2026-07-30
578,Norway,2,Female,0,Incidence,1974,160,Lung,C33-C34,4.724973208,6.689025082,8.976191476,7.809541194,7.631326145,153,2004894,"per 100,000 person-years",Multiple rate definitions; see rate columns,NORDCAN 9.6 (30 June 2026),https://nordcan.iarc.fr/en/dataviz/trends?cancers=160&key=asr_n&populations=208_246_352_578_752&sexes=1_2&types=0_1&years=1960_2024,2026-07-30
578,Norway,2,Female,0,Incidence,1975,160,Lung,C33-C34,5.747206881,8.08291989,11.24228274,9.835623566,9.371411344,189,2016772,"per 100,000 person-years",Multiple rate definitions; see rate columns,NORDCAN 9.6 (30 June 2026),https://nordcan.iarc.fr/en/dataviz/trends?cancers=160&key=asr_n&populations=208_246_352_578_752&sexes=1_2&types=0_1&years=1960_2024,2026-07-30
578,Norway,2,Female,0,Incidence,1976,160,Lung,C33-C34,5.39008624,7.654288607,10.63266149,9.13379734,9.126058993,185,2027162,"per 100,000 person-years",Multiple rate definitions; see rate columns,NORDCAN 9.6 (30 June 2026),https://nordcan.iarc.fr/en/dataviz/trends?cancers=160&key=asr_n&populations=208_246_352_578_752&sexes=1_2&types=0_1&years=1960_2024,2026-07-30
578,Norway,2,Female,0,Incidence,1977,160,Lung,C33-C34,5.487140215,7.776332375,10.44883777,9.230498841,8.837845422,180,2036695.5,"per 100,000 person-years",Multiple rate definitions; see rate columns,NORDCAN 9.6 (30 June 2026),https://nordcan.iarc.fr/en/dataviz/trends?cancers=160&key=asr_n&populations=208_246_352_578_752&sexes=1_2&types=0_1&years=1960_2024,2026-07-30
578,Norway,2,Female,0,Incidence,1978,160,Lung,C33-C34,6.474424386,9.174087578,12.37456628,10.82215424,10.51068998,215,2045536.5,"per 100,000 person-years",Multiple rate definitions; see rate columns,NORDCAN 9.6 (30 June 2026),https://nordcan.iarc.fr/en/dataviz/trends?cancers=160&key=asr_n&populations=208_246_352_578_752&sexes=1_2&types=0_1&years=1960_2024,2026-07-30
578,Norway,2,Female,0,Incidence,1979,160,Lung,C33-C34,6.60792448,9.245214963,12.43285334,10.76098846,10.86000528,223,2053406,"per 100,000 person-years",Multiple rate definitions; see rate columns,NORDCAN 9.6 (30 June 2026),https://nordcan.iarc.fr/en/dataviz/trends?cancers=160&key=asr_n&populations=208_246_352_578_752&sexes=1_2&types=0_1&years=1960_2024,2026-07-30
578,Norway,2,Female,0,Incidence,1980,160,Lung,C33-C34,6.955893196,9.811010717,13.47031462,11.63240015,11.59687515,239,2060900,"per 100,000 person-years",Multiple rate definitions; see rate columns,NORDCAN 9.6 (30 June 2026),https://nordcan.iarc.fr/en/dataviz/trends?cancers=160&key=asr_n&populations=208_246_352_578_752&sexes=1_2&types=0_1&years=1960_2024,2026-07-30
578,Norway,2,Female,0,Incidence,1981,160,Lung,C33-C34,7.963623869,10.95299721,14.45711797,12.62594592,12.51721721,259,2069150,"per 100,000 person-years",Multiple rate definitions; see rate columns,NORDCAN 9.6 (30 June 2026),https://nordcan.iarc.fr/en/dataviz/trends?cancers=160&key=asr_n&populations=208_246_352_578_752&sexes=1_2&types=0_1&years=1960_2024,2026-07-30
578,Norway,2,Female,0,Incidence,1982,160,Lung,C33-C34,8.051059413,11.40042889,15.51912267,13.42321939,13.47587277,280,2077787.5,"per 100,000 person-years",Multiple rate definitions; see rate columns,NORDCAN 9.6 (30 June 2026),https://nordcan.iarc.fr/en/dataviz/trends?cancers=160&key=asr_n&populations=208_246_352_578_752&sexes=1_2&types=0_1&years=1960_2024,2026-07-30
578,Norway,2,Female,0,Incidence,1983,160,Lung,C33-C34,8.615451753,12.10133025,16.32678972,14.11877612,14.09778154,294,2085434.5,"per 100,000 person-years",Multiple rate definitions; see rate columns,NORDCAN 9.6 (30 June 2026),https://nordcan.iarc.fr/en/dataviz/trends?cancers=160&key=asr_n&populations=208_246_352_578_752&sexes=1_2&types=0_1&years=1960_2024,2026-07-30
578,Norway,2,Female,0,Incidence,1984,160,Lung,C33-C34,8.94549005,12.60380965,17.31041595,14.96226532,15.29422139,320,2092293.5,"per 100,000 person-years",Multiple rate definitions; see rate columns,NORDCAN 9.6 (30 June 2026),https://nordcan.iarc.fr/en/dataviz/trends?cancers=160&key=asr_n&populations=208_246_352_578_752&sexes=1_2&types=0_1&years=1960_2024,2026-07-30
578,Norway,2,Female,0,Incidence,1985,160,Lung,C33-C34,9.452216933,13.57168353,18.69460786,16.28291596,16.19610241,340,2099270.5,"per 100,000 person-years",Multiple rate definitions; see rate columns,NORDCAN 9.6 (30 June 2026),https://nordcan.iarc.fr/en/dataviz/trends?cancers=160&key=asr_n&populations=208_246_352_578_752&sexes=1_2&types=0_1&years=1960_2024,2026-07-30
578,Norway,2,Female,0,Incidence,1986,160,Lung,C33-C34,10.07276488,14.1254038,19.37263149,16.62461716,17.08845077,360,2106686,"per 100,000 person-years",Multiple rate definitions; see rate columns,NORDCAN 9.6 (30 June 2026),https://nordcan.iarc.fr/en/dataviz/trends?cancers=160&key=asr_n&populations=208_246_352_578_752&sexes=1_2&types=0_1&years=1960_2024,2026-07-30
578,Norway,2,Female,0,Incidence,1987,160,Lung,C33-C34,11.14494524,15.65760953,20.82337168,18.02149787,18.09711868,383,2116359,"per 100,000 person-years",Multiple rate definitions; see rate columns,NORDCAN 9.6 (30 June 2026),https://nordcan.iarc.fr/en/dataviz/trends?cancers=160&key=asr_n&populations=208_246_352_578_752&sexes=1_2&types=0_1&years=1960_2024,2026-07-30
578,Norway,2,Female,0,Incidence,1988,160,Lung,C33-C34,11.15381556,15.89307751,22.09940188,19.00261409,19.50766416,415,2127369,"per 100,000 person-years",Multiple rate definitions; see rate columns,NORDCAN 9.6 (30 June 2026),https://nordcan.iarc.fr/en/dataviz/trends?cancers=160&key=asr_n&populations=208_246_352_578_752&sexes=1_2&types=0_1&years=1960_2024,2026-07-30
578,Norway,2,Female,0,Incidence,1989,160,Lung,C33-C34,12.57466698,17.77800818,24.55572425,20.90120322,21.62698598,462,2136220,"per 100,000 person-years",Multiple rate definitions; see rate columns,NORDCAN 9.6 (30 June 2026),https://nordcan.iarc.fr/en/dataviz/trends?cancers=160&key=asr_n&populations=208_246_352_578_752&sexes=1_2&types=0_1&years=1960_2024,2026-07-30
578,Norway,2,Female,0,Incidence,1990,160,Lung,C33-C34,13.20162963,18.69970464,25.58771952,21.88213572,22.19801374,476,2144336,"per 100,000 person-years",Multiple rate definitions; see rate columns,NORDCAN 9.6 (30 June 2026),https://nordcan.iarc.fr/en/dataviz/trends?cancers=160&key=asr_n&populations=208_246_352_578_752&sexes=1_2&types=0_1&years=1960_2024,2026-07-30
578,Norway,2,Female,0,Incidence,1991,160,Lung,C33-C34,13.92312298,19.78071984,27.2812701,23.31396709,23.62436243,509,2154555.5,"per 100,000 person-years",Multiple rate definitions; see rate columns,NORDCAN 9.6 (30 June 2026),https://nordcan.iarc.fr/en/dataviz/trends?cancers=160&key=asr_n&populations=208_246_352_578_752&sexes=1_2&types=0_1&years=1960_2024,2026-07-30
578,Norway,2,Female,0,Incidence,1992,160,Lung,C33-C34,13.94096456,19.53964596,26.68451714,22.84158717,23.17089551,502,2166511,"per 100,000 person-years",Multiple rate definitions; see rate columns,NORDCAN 9.6 (30 June 2026),https://nordcan.iarc.fr/en/dataviz/trends?cancers=160&key=asr_n&populations=208_246_352_578_752&sexes=1_2&types=0_1&years=1960_2024,2026-07-30
578,Norway,2,Female,0,Incidence,1993,160,Lung,C33-C34,15.50354792,21.69020191,29.12484345,25.01969466,24.96433748,544,2179108.5,"per 100,000 person-years",Multiple rate definitions; see rate columns,NORDCAN 9.6 (30 June 2026),https://nordcan.iarc.fr/en/dataviz/trends?cancers=160&key=asr_n&populations=208_246_352_578_752&sexes=1_2&types=0_1&years=1960_2024,2026-07-30
578,Norway,2,Female,0,Incidence,1994,160,Lung,C33-C34,15.79181234,22.07562543,30.1262322,25.75949922,25.96121513,569,2191731,"per 100,000 person-years",Multiple rate definitions; see rate columns,NORDCAN 9.6 (30 June 2026),https://nordcan.iarc.fr/en/dataviz/trends?cancers=160&key=asr_n&populations=208_246_352_578_752&sexes=1_2&types=0_1&years=1960_2024,2026-07-30
578,Norway,2,Female,0,Incidence,1995,160,Lung,C33-C34,15.8612356,22.52064405,31.29008643,26.90906404,27.22909883,600,2203525,"per 100,000 person-years",Multiple rate definitions; see rate columns,NORDCAN 9.6 (30 June 2026),https://nordcan.iarc.fr/en/dataviz/trends?cancers=160&key=asr_n&populations=208_246_352_578_752&sexes=1_2&types=0_1&years=1960_2024,2026-07-30
578,Norway,2,Female,0,Incidence,1996,160,Lung,C33-C34,18.61498687,26.12745765,35.72156644,30.47701705,30.56690088,677,2214814,"per 100,000 person-years",Multiple rate definitions; see rate columns,NORDCAN 9.6 (30 June 2026),https://nordcan.iarc.fr/en/dataviz/trends?cancers=160&key=asr_n&populations=208_246_352_578_752&sexes=1_2&types=0_1&years=1960_2024,2026-07-30
578,Norway,2,Female,0,Incidence,1997,160,Lung,C33-C34,17.9924136,25.49339289,35.00600257,29.88138122,29.73234378,662,2226531.5,"per 100,000 person-years",Multiple rate definitions; see rate columns,NORDCAN 9.6 (30 June 2026),https://nordcan.iarc.fr/en/dataviz/trends?cancers=160&key=asr_n&populations=208_246_352_578_752&sexes=1_2&types=0_1&years=1960_2024,2026-07-30
578,Norway,2,Female,0,Incidence,1998,160,Lung,C33-C34,16.37540272,23.2269122,32.38674649,27.65990021,27.86794791,624,2239131.5,"per 100,000 person-years",Multiple rate definitions; see rate columns,NORDCAN 9.6 (30 June 2026),https://nordcan.iarc.fr/en/dataviz/trends?cancers=160&key=asr_n&populations=208_246_352_578_752&sexes=1_2&types=0_1&years=1960_2024,2026-07-30
578,Norway,2,Female,0,Incidence,1999,160,Lung,C33-C34,20.03546788,28.4675001,39.26936889,33.46246346,33.19187589,748,2253563.5,"per 100,000 person-years",Multiple rate definitions; see rate columns,NORDCAN 9.6 (30 June 2026),https://nordcan.iarc.fr/en/dataviz/trends?cancers=160&key=asr_n&populations=208_246_352_578_752&sexes=1_2&types=0_1&years=1960_2024,2026-07-30
578,Norway,2,Female,0,Incidence,2000,160,Lung,C33-C34,20.83146607,29.55823898,41.04934992,34.84329773,34.63114085,785,2266746,"per 100,000 person-years",Multiple rate definitions; see rate columns,NORDCAN 9.6 (30 June 2026),https://nordcan.iarc.fr/en/dataviz/trends?cancers=160&key=asr_n&populations=208_246_352_578_752&sexes=1_2&types=0_1&years=1960_2024,2026-07-30
578,Norway,2,Female,0,Incidence,2001,160,Lung,C33-C34,20.36208134,29.26012425,40.9010431,34.85225664,34.6927398,790,2277133.5,"per 100,000 person-years",Multiple rate definitions; see rate columns,NORDCAN 9.6 (30 June 2026),https://nordcan.iarc.fr/en/dataviz/trends?cancers=160&key=asr_n&populations=208_246_352_578_752&sexes=1_2&types=0_1&years=1960_2024,2026-07-30
578,Norway,2,Female,0,Incidence,2002,160,Lung,C33-C34,20.49449494,29.43425633,41.76239328,35.58050063,35.73396717,818,2289138.5,"per 100,000 person-years",Multiple rate definitions; see rate columns,NORDCAN 9.6 (30 June 2026),https://nordcan.iarc.fr/en/dataviz/trends?cancers=160&key=asr_n&populations=208_246_352_578_752&sexes=1_2&types=0_1&years=1960_2024,2026-07-30
578,Norway,2,Female,0,Incidence,2003,160,Lung,C33-C34,22.29705854,32.15722321,46.25199386,38.95898196,38.96143665,897,2302276.5,"per 100,000 person-years",Multiple rate definitions; see rate columns,NORDCAN 9.6 (30 June 2026),https://nordcan.iarc.fr/en/dataviz/trends?cancers=160&key=asr_n&populations=208_246_352_578_752&sexes=1_2&types=0_1&years=1960_2024,2026-07-30
578,Norway,2,Female,0,Incidence,2004,160,Lung,C33-C34,22.47716995,32.47991854,46.71124844,39.54008878,39.73480473,920,2315350.5,"per 100,000 person-years",Multiple rate definitions; see rate columns,NORDCAN 9.6 (30 June 2026),https://nordcan.iarc.fr/en/dataviz/trends?cancers=160&key=asr_n&populations=208_246_352_578_752&sexes=1_2&types=0_1&years=1960_2024,2026-07-30
578,Norway,2,Female,0,Incidence,2005,160,Lung,C33-C34,22.5050843,32.66150484,47.45413374,40.29408156,40.63914605,947,2330265.5,"per 100,000 person-years",Multiple rate definitions; see rate columns,NORDCAN 9.6 (30 June 2026),https://nordcan.iarc.fr/en/dataviz/trends?cancers=160&key=asr_n&populations=208_246_352_578_752&sexes=1_2&types=0_1&years=1960_2024,2026-07-30
578,Norway,2,Female,0,Incidence,2006,160,Lung,C33-C34,24.12590935,34.97065263,50.91528707,43.01251749,44.06014679,1034,2346792,"per 100,000 person-years",Multiple rate definitions; see rate columns,NORDCAN 9.6 (30 June 2026),https://nordcan.iarc.fr/en/dataviz/trends?cancers=160&key=asr_n&populations=208_246_352_578_752&sexes=1_2&types=0_1&years=1960_2024,2026-07-30
578,Norway,2,Female,0,Incidence,2007,160,Lung,C33-C34,24.99452885,36.35217954,53.62556588,45.23758002,46.44158766,1099,2366413.5,"per 100,000 person-years",Multiple rate definitions; see rate columns,NORDCAN 9.6 (30 June 2026),https://nordcan.iarc.fr/en/dataviz/trends?cancers=160&key=asr_n&populations=208_246_352_578_752&sexes=1_2&types=0_1&years=1960_2024,2026-07-30
578,Norway,2,Female,0,Incidence,2008,160,Lung,C33-C34,25.55109046,37.37313553,55.62005014,46.99384469,47.97477037,1147,2390840,"per 100,000 person-years",Multiple rate definitions; see rate columns,NORDCAN 9.6 (30 June 2026),https://nordcan.iarc.fr/en/dataviz/trends?cancers=160&key=asr_n&populations=208_246_352_578_752&sexes=1_2&types=0_1&years=1960_2024,2026-07-30
578,Norway,2,Female,0,Incidence,2009,160,Lung,C33-C34,24.82114074,36.41300649,54.62282151,46.40721462,47.81160573,1156,2417823,"per 100,000 person-years",Multiple rate definitions; see rate columns,NORDCAN 9.6 (30 June 2026),https://nordcan.iarc.fr/en/dataviz/trends?cancers=160&key=asr_n&populations=208_246_352_578_752&sexes=1_2&types=0_1&years=1960_2024,2026-07-30
578,Norway,2,Female,0,Incidence,2010,160,Lung,C33-C34,27.25073605,39.79688713,58.95795553,49.90814943,51.60601222,1262,2445451.5,"per 100,000 person-years",Multiple rate definitions; see rate columns,NORDCAN 9.6 (30 June 2026),https://nordcan.iarc.fr/en/dataviz/trends?cancers=160&key=asr_n&populations=208_246_352_578_752&sexes=1_2&types=0_1&years=1960_2024,2026-07-30
578,Norway,2,Female,0,Incidence,2011,160,Lung,C33-C34,25.49238407,37.62994636,57.25697263,48.18899923,49.93475125,1235,2473227.5,"per 100,000 person-years",Multiple rate definitions; see rate columns,NORDCAN 9.6 (30 June 2026),https://nordcan.iarc.fr/en/dataviz/trends?cancers=160&key=asr_n&populations=208_246_352_578_752&sexes=1_2&types=0_1&years=1960_2024,2026-07-30
578,Norway,2,Female,0,Incidence,2012,160,Lung,C33-C34,26.69493853,39.20442307,59.71566642,50.21994157,52.65508361,1317,2501183,"per 100,000 person-years",Multiple rate definitions; see rate columns,NORDCAN 9.6 (30 June 2026),https://nordcan.iarc.fr/en/dataviz/trends?cancers=160&key=asr_n&populations=208_246_352_578_752&sexes=1_2&types=0_1&years=1960_2024,2026-07-30
578,Norway,2,Female,0,Incidence,2013,160,Lung,C33-C34,26.22034554,38.83912436,59.58129153,50.04591939,52.67956881,1332,2528494.5,"per 100,000 person-years",Multiple rate definitions; see rate columns,NORDCAN 9.6 (30 June 2026),https://nordcan.iarc.fr/en/dataviz/trends?cancers=160&key=asr_n&populations=208_246_352_578_752&sexes=1_2&types=0_1&years=1960_2024,2026-07-30
578,Norway,2,Female,0,Incidence,2014,160,Lung,C33-C34,28.44530026,41.79861814,63.58594083,53.42370016,57.15851701,1460,2554300,"per 100,000 person-years",Multiple rate definitions; see rate columns,NORDCAN 9.6 (30 June 2026),https://nordcan.iarc.fr/en/dataviz/trends?cancers=160&key=asr_n&populations=208_246_352_578_752&sexes=1_2&types=0_1&years=1960_2024,2026-07-30
578,Norway,2,Female,0,Incidence,2015,160,Lung,C33-C34,28.64783411,42.46568315,65.19454452,54.65304294,58.96212692,1520,2577926,"per 100,000 person-years",Multiple rate definitions; see rate columns,NORDCAN 9.6 (30 June 2026),https://nordcan.iarc.fr/en/dataviz/trends?cancers=160&key=asr_n&populations=208_246_352_578_752&sexes=1_2&types=0_1&years=1960_2024,2026-07-30
578,Norway,2,Female,0,Incidence,2016,160,Lung,C33-C34,27.32450531,40.76291809,64.02228491,53.60059883,58.44487012,1519,2599030.5,"per 100,000 person-years",Multiple rate definitions; see rate columns,NORDCAN 9.6 (30 June 2026),https://nordcan.iarc.fr/en/dataviz/trends?cancers=160&key=asr_n&populations=208_246_352_578_752&sexes=1_2&types=0_1&years=1960_2024,2026-07-30
578,Norway,2,Female,0,Incidence,2017,160,Lung,C33-C34,27.61983795,41.20986168,64.44452094,53.92566441,59.54432739,1559,2618217.5,"per 100,000 person-years",Multiple rate definitions; see rate columns,NORDCAN 9.6 (30 June 2026),https://nordcan.iarc.fr/en/dataviz/trends?cancers=160&key=asr_n&populations=208_246_352_578_752&sexes=1_2&types=0_1&years=1960_2024,2026-07-30
578,Norway,2,Female,0,Incidence,2018,160,Lung,C33-C34,28.72110714,42.98440052,67.80307177,56.72591704,63.75243412,1680,2635193.5,"per 100,000 person-years",Multiple rate definitions; see rate columns,NORDCAN 9.6 (30 June 2026),https://nordcan.iarc.fr/en/dataviz/trends?cancers=160&key=asr_n&populations=208_246_352_578_752&sexes=1_2&types=0_1&years=1960_2024,2026-07-30
578,Norway,2,Female,0,Incidence,2019,160,Lung,C33-C34,28.37378752,42.54257161,67.08696659,56.12056607,63.79901651,1692,2652078.5,"per 100,000 person-years",Multiple rate definitions; see rate columns,NORDCAN 9.6 (30 June 2026),https://nordcan.iarc.fr/en/dataviz/trends?cancers=160&key=asr_n&populations=208_246_352_578_752&sexes=1_2&types=0_1&years=1960_2024,2026-07-30
578,Norway,2,Female,0,Incidence,2020,160,Lung,C33-C34,26.82572422,40.17649417,63.67339984,53.34599538,61.68987506,1645,2666564,"per 100,000 person-years",Multiple rate definitions; see rate columns,NORDCAN 9.6 (30 June 2026),https://nordcan.iarc.fr/en/dataviz/trends?cancers=160&key=asr_n&populations=208_246_352_578_752&sexes=1_2&types=0_1&years=1960_2024,2026-07-30
578,Norway,2,Female,0,Incidence,2021,160,Lung,C33-C34,27.35156801,41.16055369,65.54714641,54.99507406,64.62628693,1732,2680024,"per 100,000 person-years",Multiple rate definitions; see rate columns,NORDCAN 9.6 (30 June 2026),https://nordcan.iarc.fr/en/dataviz/trends?cancers=160&key=asr_n&populations=208_246_352_578_752&sexes=1_2&types=0_1&years=1960_2024,2026-07-30
578,Norway,2,Female,0,Incidence,2022,160,Lung,C33-C34,26.40506451,39.96995431,64.90317371,54.46621515,64.86244357,1755,2705726,"per 100,000 person-years",Multiple rate definitions; see rate columns,NORDCAN 9.6 (30 June 2026),https://nordcan.iarc.fr/en/dataviz/trends?cancers=160&key=asr_n&populations=208_246_352_578_752&sexes=1_2&types=0_1&years=1960_2024,2026-07-30
578,Norway,2,Female,0,Incidence,2023,160,Lung,C33-C34,24.00955952,36.43455822,59.06280513,49.35688633,59.72983931,1636,2738999.5,"per 100,000 person-years",Multiple rate definitions; see rate columns,NORDCAN 9.6 (30 June 2026),https://nordcan.iarc.fr/en/dataviz/trends?cancers=160&key=asr_n&populations=208_246_352_578_752&sexes=1_2&types=0_1&years=1960_2024,2026-07-30
578,Norway,2,Female,0,Incidence,2024,160,Lung,C33-C34,24.04319972,36.99048054,61.26665521,51.36991101,62.82520271,1737,2764814,"per 100,000 person-years",Multiple rate definitions; see rate columns,NORDCAN 9.6 (30 June 2026),https://nordcan.iarc.fr/en/dataviz/trends?cancers=160&key=asr_n&populations=208_246_352_578_752&sexes=1_2&types=0_1&years=1960_2024,2026-07-30
752,Sweden,2,Female,0,Incidence,1960,160,Lung,C33-C34,3.036330802,4.276149488,6.080317159,5.301639373,4.772420846,179,3750717,"per 100,000 person-years",Multiple rate definitions; see rate columns,NORDCAN 9.6 (30 June 2026),https://nordcan.iarc.fr/en/dataviz/trends?cancers=160&key=asr_n&populations=208_246_352_578_752&sexes=1_2&types=0_1&years=1960_2024,2026-07-30
752,Sweden,2,Female,0,Incidence,1961,160,Lung,C33-C34,3.36850207,4.777537376,6.849047767,5.915735224,5.254188623,198,3768422,"per 100,000 person-years",Multiple rate definitions; see rate columns,NORDCAN 9.6 (30 June 2026),https://nordcan.iarc.fr/en/dataviz/trends?cancers=160&key=asr_n&populations=208_246_352_578_752&sexes=1_2&types=0_1&years=1960_2024,2026-07-30
752,Sweden,2,Female,0,Incidence,1962,160,Lung,C33-C34,4.307760432,6.242243327,9.309755601,7.899242771,7.099597857,269,3788947,"per 100,000 person-years",Multiple rate definitions; see rate columns,NORDCAN 9.6 (30 June 2026),https://nordcan.iarc.fr/en/dataviz/trends?cancers=160&key=asr_n&populations=208_246_352_578_752&sexes=1_2&types=0_1&years=1960_2024,2026-07-30
752,Sweden,2,Female,0,Incidence,1963,160,Lung,C33-C34,4.11049483,5.892588635,8.396987868,7.309423654,6.666045552,254,3810355,"per 100,000 person-years",Multiple rate definitions; see rate columns,NORDCAN 9.6 (30 June 2026),https://nordcan.iarc.fr/en/dataviz/trends?cancers=160&key=asr_n&populations=208_246_352_578_752&sexes=1_2&types=0_1&years=1960_2024,2026-07-30
752,Sweden,2,Female,0,Incidence,1964,160,Lung,C33-C34,4.0287252670000004,5.951293657,9.285718316,7.978985607,6.956639552,267,3838060,"per 100,000 person-years",Multiple rate definitions; see rate columns,NORDCAN 9.6 (30 June 2026),https://nordcan.iarc.fr/en/dataviz/trends?cancers=160&key=asr_n&populations=208_246_352_578_752&sexes=1_2&types=0_1&years=1960_2024,2026-07-30
752,Sweden,2,Female,0,Incidence,1965,160,Lung,C33-C34,4.536270501,6.75441374,10.46252958,8.982705579,7.82506158,303,3872174,"per 100,000 person-years",Multiple rate definitions; see rate columns,NORDCAN 9.6 (30 June 2026),https://nordcan.iarc.fr/en/dataviz/trends?cancers=160&key=asr_n&populations=208_246_352_578_752&sexes=1_2&types=0_1&years=1960_2024,2026-07-30
752,Sweden,2,Female,0,Incidence,1966,160,Lung,C33-C34,3.798721053,5.572787676,8.294474572,7.151796421,6.629157749,259,3906982,"per 100,000 person-years",Multiple rate definitions; see rate columns,NORDCAN 9.6 (30 June 2026),https://nordcan.iarc.fr/en/dataviz/trends?cancers=160&key=asr_n&populations=208_246_352_578_752&sexes=1_2&types=0_1&years=1960_2024,2026-07-30
752,Sweden,2,Female,0,Incidence,1967,160,Lung,C33-C34,4.283912197,6.302945199,9.571953337,8.186406434,7.441759344,293,3937241,"per 100,000 person-years",Multiple rate definitions; see rate columns,NORDCAN 9.6 (30 June 2026),https://nordcan.iarc.fr/en/dataviz/trends?cancers=160&key=asr_n&populations=208_246_352_578_752&sexes=1_2&types=0_1&years=1960_2024,2026-07-30
752,Sweden,2,Female,0,Incidence,1968,160,Lung,C33-C34,4.85007752,7.064199934,10.65830742,9.077615821,8.305314467,329,3961319,"per 100,000 person-years",Multiple rate definitions; see rate columns,NORDCAN 9.6 (30 June 2026),https://nordcan.iarc.fr/en/dataviz/trends?cancers=160&key=asr_n&populations=208_246_352_578_752&sexes=1_2&types=0_1&years=1960_2024,2026-07-30
752,Sweden,2,Female,0,Incidence,1969,160,Lung,C33-C34,5.254201187,7.607269647,11.24588707,9.798789249,9.19819555,367,3989913,"per 100,000 person-years",Multiple rate definitions; see rate columns,NORDCAN 9.6 (30 June 2026),https://nordcan.iarc.fr/en/dataviz/trends?cancers=160&key=asr_n&populations=208_246_352_578_752&sexes=1_2&types=0_1&years=1960_2024,2026-07-30
752,Sweden,2,Female,0,Incidence,1970,160,Lung,C33-C34,5.387590235,7.8685052110000004,11.75600374,10.07126581,9.511839011,383,4026561,"per 100,000 person-years",Multiple rate definitions; see rate columns,NORDCAN 9.6 (30 June 2026),https://nordcan.iarc.fr/en/dataviz/trends?cancers=160&key=asr_n&populations=208_246_352_578_752&sexes=1_2&types=0_1&years=1960_2024,2026-07-30
752,Sweden,2,Female,0,Incidence,1971,160,Lung,C33-C34,5.311715611,7.746039321,11.78362001,10.1197774,9.516791096,386,4055989,"per 100,000 person-years",Multiple rate definitions; see rate columns,NORDCAN 9.6 (30 June 2026),https://nordcan.iarc.fr/en/dataviz/trends?cancers=160&key=asr_n&populations=208_246_352_578_752&sexes=1_2&types=0_1&years=1960_2024,2026-07-30
752,Sweden,2,Female,0,Incidence,1972,160,Lung,C33-C34,5.47513541,8.078031834,12.31437755,10.60278412,10.2155882,416,4072208,"per 100,000 person-years",Multiple rate definitions; see rate columns,NORDCAN 9.6 (30 June 2026),https://nordcan.iarc.fr/en/dataviz/trends?cancers=160&key=asr_n&populations=208_246_352_578_752&sexes=1_2&types=0_1&years=1960_2024,2026-07-30
752,Sweden,2,Female,0,Incidence,1973,160,Lung,C33-C34,6.00308009,8.641964489,12.54861463,10.78061882,10.70065017,437,4083864,"per 100,000 person-years",Multiple rate definitions; see rate columns,NORDCAN 9.6 (30 June 2026),https://nordcan.iarc.fr/en/dataviz/trends?cancers=160&key=asr_n&populations=208_246_352_578_752&sexes=1_2&types=0_1&years=1960_2024,2026-07-30
752,Sweden,2,Female,0,Incidence,1974,160,Lung,C33-C34,6.492073007,9.582961926,14.53623149,12.41911934,12.27009729,503,4099397,"per 100,000 person-years",Multiple rate definitions; see rate columns,NORDCAN 9.6 (30 June 2026),https://nordcan.iarc.fr/en/dataviz/trends?cancers=160&key=asr_n&populations=208_246_352_578_752&sexes=1_2&types=0_1&years=1960_2024,2026-07-30
752,Sweden,2,Female,0,Incidence,1975,160,Lung,C33-C34,6.434766504,9.357088118,13.98019991,12.05495298,12.02029901,495,4118034,"per 100,000 person-years",Multiple rate definitions; see rate columns,NORDCAN 9.6 (30 June 2026),https://nordcan.iarc.fr/en/dataviz/trends?cancers=160&key=asr_n&populations=208_246_352_578_752&sexes=1_2&types=0_1&years=1960_2024,2026-07-30
752,Sweden,2,Female,0,Incidence,1976,160,Lung,C33-C34,6.530434389,9.223874938,13.06124394,11.30481815,11.53457483,477,4135393,"per 100,000 person-years",Multiple rate definitions; see rate columns,NORDCAN 9.6 (30 June 2026),https://nordcan.iarc.fr/en/dataviz/trends?cancers=160&key=asr_n&populations=208_246_352_578_752&sexes=1_2&types=0_1&years=1960_2024,2026-07-30
752,Sweden,2,Female,0,Incidence,1977,160,Lung,C33-C34,6.406980137,9.205311243,13.31684202,11.35151503,11.94299244,496,4153063,"per 100,000 person-years",Multiple rate definitions; see rate columns,NORDCAN 9.6 (30 June 2026),https://nordcan.iarc.fr/en/dataviz/trends?cancers=160&key=asr_n&populations=208_246_352_578_752&sexes=1_2&types=0_1&years=1960_2024,2026-07-30
752,Sweden,2,Female,0,Incidence,1978,160,Lung,C33-C34,6.776361475,9.79512907,14.2658629,12.30288189,12.61775472,526,4168729,"per 100,000 person-years",Multiple rate definitions; see rate columns,NORDCAN 9.6 (30 June 2026),https://nordcan.iarc.fr/en/dataviz/trends?cancers=160&key=asr_n&populations=208_246_352_578_752&sexes=1_2&types=0_1&years=1960_2024,2026-07-30
752,Sweden,2,Female,0,Incidence,1979,160,Lung,C33-C34,7.118230635,10.15128707,14.38502079,12.40401666,12.8909929,539,4181214,"per 100,000 person-years",Multiple rate definitions; see rate columns,NORDCAN 9.6 (30 June 2026),https://nordcan.iarc.fr/en/dataviz/trends?cancers=160&key=asr_n&populations=208_246_352_578_752&sexes=1_2&types=0_1&years=1960_2024,2026-07-30
752,Sweden,2,Female,0,Incidence,1980,160,Lung,C33-C34,8.415522984,11.7438442,16.13269637,13.98297726,14.6679848,615,4192805,"per 100,000 person-years",Multiple rate definitions; see rate columns,NORDCAN 9.6 (30 June 2026),https://nordcan.iarc.fr/en/dataviz/trends?cancers=160&key=asr_n&populations=208_246_352_578_752&sexes=1_2&types=0_1&years=1960_2024,2026-07-30
752,Sweden,2,Female,0,Incidence,1981,160,Lung,C33-C34,8.379528395,11.92840459,16.73603447,14.47621963,15.51912423,652,4201268,"per 100,000 person-years",Multiple rate definitions; see rate columns,NORDCAN 9.6 (30 June 2026),https://nordcan.iarc.fr/en/dataviz/trends?cancers=160&key=asr_n&populations=208_246_352_578_752&sexes=1_2&types=0_1&years=1960_2024,2026-07-30
752,Sweden,2,Female,0,Incidence,1982,160,Lung,C33-C34,8.821455833,12.61199438,17.92079073,15.3471178,16.56655035,697,4207273,"per 100,000 person-years",Multiple rate definitions; see rate columns,NORDCAN 9.6 (30 June 2026),https://nordcan.iarc.fr/en/dataviz/trends?cancers=160&key=asr_n&populations=208_246_352_578_752&sexes=1_2&types=0_1&years=1960_2024,2026-07-30
752,Sweden,2,Female,0,Incidence,1983,160,Lung,C33-C34,9.2128336,13.06594114,18.53523393,15.93563311,17.33025725,730,4212286,"per 100,000 person-years",Multiple rate definitions; see rate columns,NORDCAN 9.6 (30 June 2026),https://nordcan.iarc.fr/en/dataviz/trends?cancers=160&key=asr_n&populations=208_246_352_578_752&sexes=1_2&types=0_1&years=1960_2024,2026-07-30
752,Sweden,2,Female,0,Incidence,1984,160,Lung,C33-C34,9.305429572,13.20058466,18.58519173,16.03868478,17.47166721,737,4218258,"per 100,000 person-years",Multiple rate definitions; see rate columns,NORDCAN 9.6 (30 June 2026),https://nordcan.iarc.fr/en/dataviz/trends?cancers=160&key=asr_n&populations=208_246_352_578_752&sexes=1_2&types=0_1&years=1960_2024,2026-07-30
752,Sweden,2,Female,0,Incidence,1985,160,Lung,C33-C34,9.652321798,13.67128164,19.00507763,16.38755788,17.91056359,757,4226556,"per 100,000 person-years",Multiple rate definitions; see rate columns,NORDCAN 9.6 (30 June 2026),https://nordcan.iarc.fr/en/dataviz/trends?cancers=160&key=asr_n&populations=208_246_352_578_752&sexes=1_2&types=0_1&years=1960_2024,2026-07-30
752,Sweden,2,Female,0,Incidence,1986,160,Lung,C33-C34,9.893033295,13.93187656,19.20194668,16.59980448,18.33619232,777,4237521,"per 100,000 person-years",Multiple rate definitions; see rate columns,NORDCAN 9.6 (30 June 2026),https://nordcan.iarc.fr/en/dataviz/trends?cancers=160&key=asr_n&populations=208_246_352_578_752&sexes=1_2&types=0_1&years=1960_2024,2026-07-30
752,Sweden,2,Female,0,Incidence,1987,160,Lung,C33-C34,11.02946738,15.60955813,21.72275518,18.67905456,20.64543072,878,4252757,"per 100,000 person-years",Multiple rate definitions; see rate columns,NORDCAN 9.6 (30 June 2026),https://nordcan.iarc.fr/en/dataviz/trends?cancers=160&key=asr_n&populations=208_246_352_578_752&sexes=1_2&types=0_1&years=1960_2024,2026-07-30
752,Sweden,2,Female,0,Incidence,1988,160,Lung,C33-C34,10.38807971,14.60300511,20.52396811,17.55167646,19.66173391,840,4272258,"per 100,000 person-years",Multiple rate definitions; see rate columns,NORDCAN 9.6 (30 June 2026),https://nordcan.iarc.fr/en/dataviz/trends?cancers=160&key=asr_n&populations=208_246_352_578_752&sexes=1_2&types=0_1&years=1960_2024,2026-07-30
752,Sweden,2,Female,0,Incidence,1989,160,Lung,C33-C34,10.56321531,14.86672508,20.45915504,17.52377491,19.3766578,833,4298987,"per 100,000 person-years",Multiple rate definitions; see rate columns,NORDCAN 9.6 (30 June 2026),https://nordcan.iarc.fr/en/dataviz/trends?cancers=160&key=asr_n&populations=208_246_352_578_752&sexes=1_2&types=0_1&years=1960_2024,2026-07-30
752,Sweden,2,Female,0,Incidence,1990,160,Lung,C33-C34,10.93533604,15.37078893,21.11371962,18.08122856,19.97326584,865,4330789,"per 100,000 person-years",Multiple rate definitions; see rate columns,NORDCAN 9.6 (30 June 2026),https://nordcan.iarc.fr/en/dataviz/trends?cancers=160&key=asr_n&populations=208_246_352_578_752&sexes=1_2&types=0_1&years=1960_2024,2026-07-30
752,Sweden,2,Female,0,Incidence,1991,160,Lung,C33-C34,12.31911461,17.32649353,23.42487872,20.28449152,21.99512025,959,4360058,"per 100,000 person-years",Multiple rate definitions; see rate columns,NORDCAN 9.6 (30 June 2026),https://nordcan.iarc.fr/en/dataviz/trends?cancers=160&key=asr_n&populations=208_246_352_578_752&sexes=1_2&types=0_1&years=1960_2024,2026-07-30
752,Sweden,2,Female,0,Incidence,1992,160,Lung,C33-C34,11.82566212,16.60099774,22.73497054,19.58720908,21.4800336,942,4385468,"per 100,000 person-years",Multiple rate definitions; see rate columns,NORDCAN 9.6 (30 June 2026),https://nordcan.iarc.fr/en/dataviz/trends?cancers=160&key=asr_n&populations=208_246_352_578_752&sexes=1_2&types=0_1&years=1960_2024,2026-07-30
752,Sweden,2,Female,0,Incidence,1993,160,Lung,C33-C34,12.36007988,17.28064073,23.21503877,20.03122778,21.65141583,955,4410797,"per 100,000 person-years",Multiple rate definitions; see rate columns,NORDCAN 9.6 (30 June 2026),https://nordcan.iarc.fr/en/dataviz/trends?cancers=160&key=asr_n&populations=208_246_352_578_752&sexes=1_2&types=0_1&years=1960_2024,2026-07-30
752,Sweden,2,Female,0,Incidence,1994,160,Lung,C33-C34,13.32621794,18.69851531,25.2981005,21.74649896,23.54717742,1046,4442146,"per 100,000 person-years",Multiple rate definitions; see rate columns,NORDCAN 9.6 (30 June 2026),https://nordcan.iarc.fr/en/dataviz/trends?cancers=160&key=asr_n&populations=208_246_352_578_752&sexes=1_2&types=0_1&years=1960_2024,2026-07-30
752,Sweden,2,Female,0,Incidence,1995,160,Lung,C33-C34,13.566321780000001,19.04543323,25.73265342,22.13842218,23.95997475,1070,4465781,"per 100,000 person-years",Multiple rate definitions; see rate columns,NORDCAN 9.6 (30 June 2026),https://nordcan.iarc.fr/en/dataviz/trends?cancers=160&key=asr_n&populations=208_246_352_578_752&sexes=1_2&types=0_1&years=1960_2024,2026-07-30
752,Sweden,2,Female,0,Incidence,1996,160,Lung,C33-C34,13.26743003,18.74711465,25.48323449,21.86029984,23.76423199,1063,4473109,"per 100,000 person-years",Multiple rate definitions; see rate columns,NORDCAN 9.6 (30 June 2026),https://nordcan.iarc.fr/en/dataviz/trends?cancers=160&key=asr_n&populations=208_246_352_578_752&sexes=1_2&types=0_1&years=1960_2024,2026-07-30
752,Sweden,2,Female,0,Incidence,1997,160,Lung,C33-C34,12.3074398,17.52749447,24.37994035,20.88023714,23.03780367,1031,4475253,"per 100,000 person-years",Multiple rate definitions; see rate columns,NORDCAN 9.6 (30 June 2026),https://nordcan.iarc.fr/en/dataviz/trends?cancers=160&key=asr_n&populations=208_246_352_578_752&sexes=1_2&types=0_1&years=1960_2024,2026-07-30
752,Sweden,2,Female,0,Incidence,1998,160,Lung,C33-C34,13.23134102,18.76744439,25.73485332,21.98309279,24.18916058,1083,4477212,"per 100,000 person-years",Multiple rate definitions; see rate columns,NORDCAN 9.6 (30 June 2026),https://nordcan.iarc.fr/en/dataviz/trends?cancers=160&key=asr_n&populations=208_246_352_578_752&sexes=1_2&types=0_1&years=1960_2024,2026-07-30
752,Sweden,2,Female,0,Incidence,1999,160,Lung,C33-C34,13.91340174,19.77848416,27.30937632,23.45639095,25.95975769,1163,4480011,"per 100,000 person-years",Multiple rate definitions; see rate columns,NORDCAN 9.6 (30 June 2026),https://nordcan.iarc.fr/en/dataviz/trends?cancers=160&key=asr_n&populations=208_246_352_578_752&sexes=1_2&types=0_1&years=1960_2024,2026-07-30
752,Sweden,2,Female,0,Incidence,2000,160,Lung,C33-C34,15.01926889,21.31007894,29.27284403,25.08979678,27.75498921,1245,4485680,"per 100,000 person-years",Multiple rate definitions; see rate columns,NORDCAN 9.6 (30 June 2026),https://nordcan.iarc.fr/en/dataviz/trends?cancers=160&key=asr_n&populations=208_246_352_578_752&sexes=1_2&types=0_1&years=1960_2024,2026-07-30
752,Sweden,2,Female,0,Incidence,2001,160,Lung,C33-C34,15.67244323,22.1621677,30.55657728,26.08813214,29.07439753,1307,4495364,"per 100,000 person-years",Multiple rate definitions; see rate columns,NORDCAN 9.6 (30 June 2026),https://nordcan.iarc.fr/en/dataviz/trends?cancers=160&key=asr_n&populations=208_246_352_578_752&sexes=1_2&types=0_1&years=1960_2024,2026-07-30
752,Sweden,2,Female,0,Incidence,2002,160,Lung,C33-C34,15.41039289,22.12669231,31.04785954,26.44110941,29.79684894,1343,4507188,"per 100,000 person-years",Multiple rate definitions; see rate columns,NORDCAN 9.6 (30 June 2026),https://nordcan.iarc.fr/en/dataviz/trends?cancers=160&key=asr_n&populations=208_246_352_578_752&sexes=1_2&types=0_1&years=1960_2024,2026-07-30
752,Sweden,2,Female,0,Incidence,2003,160,Lung,C33-C34,16.08696543,22.99442074,32.29205448,27.4640976,31.11900354,1407,4521353,"per 100,000 person-years",Multiple rate definitions; see rate columns,NORDCAN 9.6 (30 June 2026),https://nordcan.iarc.fr/en/dataviz/trends?cancers=160&key=asr_n&populations=208_246_352_578_752&sexes=1_2&types=0_1&years=1960_2024,2026-07-30
752,Sweden,2,Female,0,Incidence,2004,160,Lung,C33-C34,17.31548213,24.73683064,34.58951415,29.47592179,33.50193771,1520,4537051,"per 100,000 person-years",Multiple rate definitions; see rate columns,NORDCAN 9.6 (30 June 2026),https://nordcan.iarc.fr/en/dataviz/trends?cancers=160&key=asr_n&populations=208_246_352_578_752&sexes=1_2&types=0_1&years=1960_2024,2026-07-30
752,Sweden,2,Female,0,Incidence,2005,160,Lung,C33-C34,17.06199531,24.53460455,34.91869333,29.83181149,34.21809136,1558,4553147,"per 100,000 person-years",Multiple rate definitions; see rate columns,NORDCAN 9.6 (30 June 2026),https://nordcan.iarc.fr/en/dataviz/trends?cancers=160&key=asr_n&populations=208_246_352_578_752&sexes=1_2&types=0_1&years=1960_2024,2026-07-30
752,Sweden,2,Female,0,Incidence,2006,160,Lung,C33-C34,17.55723652,25.23310249,36.3031458,30.79466601,35.60288425,1629,4575472,"per 100,000 person-years",Multiple rate definitions; see rate columns,NORDCAN 9.6 (30 June 2026),https://nordcan.iarc.fr/en/dataviz/trends?cancers=160&key=asr_n&populations=208_246_352_578_752&sexes=1_2&types=0_1&years=1960_2024,2026-07-30
752,Sweden,2,Female,0,Incidence,2007,160,Lung,C33-C34,19.01651109,27.2992326,39.33728059,33.18248408,38.55028347,1775,4604376,"per 100,000 person-years",Multiple rate definitions; see rate columns,NORDCAN 9.6 (30 June 2026),https://nordcan.iarc.fr/en/dataviz/trends?cancers=160&key=asr_n&populations=208_246_352_578_752&sexes=1_2&types=0_1&years=1960_2024,2026-07-30
752,Sweden,2,Female,0,Incidence,2008,160,Lung,C33-C34,18.48992082,26.59220008,38.63584268,32.56704103,37.9651786,1760,4635827,"per 100,000 person-years",Multiple rate definitions; see rate columns,NORDCAN 9.6 (30 June 2026),https://nordcan.iarc.fr/en/dataviz/trends?cancers=160&key=asr_n&populations=208_246_352_578_752&sexes=1_2&types=0_1&years=1960_2024,2026-07-30
752,Sweden,2,Female,0,Incidence,2009,160,Lung,C33-C34,19.47146776,28.12621123,41.29394006,34.58969566,40.88047555,1910,4672157,"per 100,000 person-years",Multiple rate definitions; see rate columns,NORDCAN 9.6 (30 June 2026),https://nordcan.iarc.fr/en/dataviz/trends?cancers=160&key=asr_n&populations=208_246_352_578_752&sexes=1_2&types=0_1&years=1960_2024,2026-07-30
752,Sweden,2,Female,0,Incidence,2010,160,Lung,C33-C34,18.96436028,27.40389916,40.21013194,33.7283811,40.09767862,1888,4708502,"per 100,000 person-years",Multiple rate definitions; see rate columns,NORDCAN 9.6 (30 June 2026),https://nordcan.iarc.fr/en/dataviz/trends?cancers=160&key=asr_n&populations=208_246_352_578_752&sexes=1_2&types=0_1&years=1960_2024,2026-07-30
752,Sweden,2,Female,0,Incidence,2011,160,Lung,C33-C34,19.13412818,27.82906952,41.27296156,34.6752233,41.25990364,1956,4740680,"per 100,000 person-years",Multiple rate definitions; see rate columns,NORDCAN 9.6 (30 June 2026),https://nordcan.iarc.fr/en/dataviz/trends?cancers=160&key=asr_n&populations=208_246_352_578_752&sexes=1_2&types=0_1&years=1960_2024,2026-07-30
752,Sweden,2,Female,0,Incidence,2012,160,Lung,C33-C34,18.71882706,27.38424985,40.84832686,34.3822932,41.252803,1969,4773009,"per 100,000 person-years",Multiple rate definitions; see rate columns,NORDCAN 9.6 (30 June 2026),https://nordcan.iarc.fr/en/dataviz/trends?cancers=160&key=asr_n&populations=208_246_352_578_752&sexes=1_2&types=0_1&years=1960_2024,2026-07-30
752,Sweden,2,Female,0,Incidence,2013,160,Lung,C33-C34,18.4176035,26.77551612,40.25935184,33.78580404,41.03735106,1974,4810252,"per 100,000 person-years",Multiple rate definitions; see rate columns,NORDCAN 9.6 (30 June 2026),https://nordcan.iarc.fr/en/dataviz/trends?cancers=160&key=asr_n&populations=208_246_352_578_752&sexes=1_2&types=0_1&years=1960_2024,2026-07-30
752,Sweden,2,Female,0,Incidence,2014,160,Lung,C33-C34,19.8813156,29.14182198,43.94041459,36.701880010000004,44.75751811,2172,4852816,"per 100,000 person-years",Multiple rate definitions; see rate columns,NORDCAN 9.6 (30 June 2026),https://nordcan.iarc.fr/en/dataviz/trends?cancers=160&key=asr_n&populations=208_246_352_578_752&sexes=1_2&types=0_1&years=1960_2024,2026-07-30
752,Sweden,2,Female,0,Incidence,2015,160,Lung,C33-C34,19.51139357,28.57244839,43.29338549,36.12649948,44.53210661,2181,4897590,"per 100,000 person-years",Multiple rate definitions; see rate columns,NORDCAN 9.6 (30 June 2026),https://nordcan.iarc.fr/en/dataviz/trends?cancers=160&key=asr_n&populations=208_246_352_578_752&sexes=1_2&types=0_1&years=1960_2024,2026-07-30
752,Sweden,2,Female,0,Incidence,2016,160,Lung,C33-C34,19.66134737,29.10789715,44.71861777,37.49214717,46.15290771,2285,4950934,"per 100,000 person-years",Multiple rate definitions; see rate columns,NORDCAN 9.6 (30 June 2026),https://nordcan.iarc.fr/en/dataviz/trends?cancers=160&key=asr_n&populations=208_246_352_578_752&sexes=1_2&types=0_1&years=1960_2024,2026-07-30
752,Sweden,2,Female,0,Incidence,2017,160,Lung,C33-C34,19.21204049,28.44885639,44.00244173,36.76486585,45.79117428,2294,5009699,"per 100,000 person-years",Multiple rate definitions; see rate columns,NORDCAN 9.6 (30 June 2026),https://nordcan.iarc.fr/en/dataviz/trends?cancers=160&key=asr_n&populations=208_246_352_578_752&sexes=1_2&types=0_1&years=1960_2024,2026-07-30
752,Sweden,2,Female,0,Incidence,2018,160,Lung,C33-C34,20.21425205,30.24408929,47.35318669,39.68295843,49.47982971,2505,5062669,"per 100,000 person-years",Multiple rate definitions; see rate columns,NORDCAN 9.6 (30 June 2026),https://nordcan.iarc.fr/en/dataviz/trends?cancers=160&key=asr_n&populations=208_246_352_578_752&sexes=1_2&types=0_1&years=1960_2024,2026-07-30
752,Sweden,2,Female,0,Incidence,2019,160,Lung,C33-C34,18.88026535,28.37916796,44.98684953,37.62697267,47.59514381,2432,5109765,"per 100,000 person-years",Multiple rate definitions; see rate columns,NORDCAN 9.6 (30 June 2026),https://nordcan.iarc.fr/en/dataviz/trends?cancers=160&key=asr_n&populations=208_246_352_578_752&sexes=1_2&types=0_1&years=1960_2024,2026-07-30
752,Sweden,2,Female,0,Incidence,2020,160,Lung,C33-C34,17.99038982,27.10445736,43.06495611,36.046349910000004,45.97484855,2365,5144117,"per 100,000 person-years",Multiple rate definitions; see rate columns,NORDCAN 9.6 (30 June 2026),https://nordcan.iarc.fr/en/dataviz/trends?cancers=160&key=asr_n&populations=208_246_352_578_752&sexes=1_2&types=0_1&years=1960_2024,2026-07-30
752,Sweden,2,Female,0,Incidence,2021,160,Lung,C33-C34,19.01805631,28.73396566,45.9231234,38.5637707,49.53579759,2563,5174036,"per 100,000 person-years",Multiple rate definitions; see rate columns,NORDCAN 9.6 (30 June 2026),https://nordcan.iarc.fr/en/dataviz/trends?cancers=160&key=asr_n&populations=208_246_352_578_752&sexes=1_2&types=0_1&years=1960_2024,2026-07-30
752,Sweden,2,Female,0,Incidence,2022,160,Lung,C33-C34,18.62604931,28.15006772,45.24942953,37.97257988,49.23733027,2564,5207431,"per 100,000 person-years",Multiple rate definitions; see rate columns,NORDCAN 9.6 (30 June 2026),https://nordcan.iarc.fr/en/dataviz/trends?cancers=160&key=asr_n&populations=208_246_352_578_752&sexes=1_2&types=0_1&years=1960_2024,2026-07-30
752,Sweden,2,Female,0,Incidence,2023,160,Lung,C33-C34,18.67353515,28.50548506,46.3885874,38.97612973,51.19270594,2678,5231214,"per 100,000 person-years",Multiple rate definitions; see rate columns,NORDCAN 9.6 (30 June 2026),https://nordcan.iarc.fr/en/dataviz/trends?cancers=160&key=asr_n&populations=208_246_352_578_752&sexes=1_2&types=0_1&years=1960_2024,2026-07-30
752,Sweden,2,Female,0,Incidence,2024,160,Lung,C33-C34,17.58158759,26.53016352,42.50295532,35.61440591,46.90480648,2463,5251061,"per 100,000 person-years",Multiple rate definitions; see rate columns,NORDCAN 9.6 (30 June 2026),https://nordcan.iarc.fr/en/dataviz/trends?cancers=160&key=asr_n&populations=208_246_352_578_752&sexes=1_2&types=0_1&years=1960_2024,2026-07-30
208,Denmark,1,Male,1,Mortality,1960,160,Lung,C33-C34,29.30602247,41.87453787,59.31968697,50.13108821,38.04218367,864,2271163,"per 100,000 person-years",Multiple rate definitions; see rate columns,NORDCAN 9.6 (30 June 2026),https://nordcan.iarc.fr/en/dataviz/trends?cancers=160&key=asr_n&populations=208_246_352_578_752&sexes=1_2&types=0_1&years=1960_2024,2026-07-30
208,Denmark,1,Male,1,Mortality,1961,160,Lung,C33-C34,31.57384223,44.86268242,62.49075727,52.78061164,41.45425733,948,2286858,"per 100,000 person-years",Multiple rate definitions; see rate columns,NORDCAN 9.6 (30 June 2026),https://nordcan.iarc.fr/en/dataviz/trends?cancers=160&key=asr_n&populations=208_246_352_578_752&sexes=1_2&types=0_1&years=1960_2024,2026-07-30
208,Denmark,1,Male,1,Mortality,1962,160,Lung,C33-C34,30.57211573,43.77219751,62.03210666,52.60291614,41.08792317,947,2304813.5,"per 100,000 person-years",Multiple rate definitions; see rate columns,NORDCAN 9.6 (30 June 2026),https://nordcan.iarc.fr/en/dataviz/trends?cancers=160&key=asr_n&populations=208_246_352_578_752&sexes=1_2&types=0_1&years=1960_2024,2026-07-30
208,Denmark,1,Male,1,Mortality,1963,160,Lung,C33-C34,34.16532962,49.25490216,71.10612705,59.77774813,45.80717933,1064,2322780,"per 100,000 person-years",Multiple rate definitions; see rate columns,NORDCAN 9.6 (30 June 2026),https://nordcan.iarc.fr/en/dataviz/trends?cancers=160&key=asr_n&populations=208_246_352_578_752&sexes=1_2&types=0_1&years=1960_2024,2026-07-30
208,Denmark,1,Male,1,Mortality,1964,160,Lung,C33-C34,34.82063983,49.50153794,69.26220378,58.6580017,46.81501959,1096,2341129,"per 100,000 person-years",Multiple rate definitions; see rate columns,NORDCAN 9.6 (30 June 2026),https://nordcan.iarc.fr/en/dataviz/trends?cancers=160&key=asr_n&populations=208_246_352_578_752&sexes=1_2&types=0_1&years=1960_2024,2026-07-30
208,Denmark,1,Male,1,Mortality,1965,160,Lung,C33-C34,37.38862417,53.4959868,76.04543402,63.92125844,50.95732578,1202,2358836.5,"per 100,000 person-years",Multiple rate definitions; see rate columns,NORDCAN 9.6 (30 June 2026),https://nordcan.iarc.fr/en/dataviz/trends?cancers=160&key=asr_n&populations=208_246_352_578_752&sexes=1_2&types=0_1&years=1960_2024,2026-07-30
208,Denmark,1,Male,1,Mortality,1966,160,Lung,C33-C34,36.97871957,52.76396354,74.84497487,62.76774538,50.55900935,1202,2377420,"per 100,000 person-years",Multiple rate definitions; see rate columns,NORDCAN 9.6 (30 June 2026),https://nordcan.iarc.fr/en/dataviz/trends?cancers=160&key=asr_n&populations=208_246_352_578_752&sexes=1_2&types=0_1&years=1960_2024,2026-07-30
208,Denmark,1,Male,1,Mortality,1967,160,Lung,C33-C34,39.17412005,55.98676823,79.62396026,66.77969823,53.75074179,1288,2396246,"per 100,000 person-years",Multiple rate definitions; see rate columns,NORDCAN 9.6 (30 June 2026),https://nordcan.iarc.fr/en/dataviz/trends?cancers=160&key=asr_n&populations=208_246_352_578_752&sexes=1_2&types=0_1&years=1960_2024,2026-07-30
208,Denmark,1,Male,1,Mortality,1968,160,Lung,C33-C34,39.83082671,57.20294626,82.41250441,69.14963378,55.54828417,1339,2410515.5,"per 100,000 person-years",Multiple rate definitions; see rate columns,NORDCAN 9.6 (30 June 2026),https://nordcan.iarc.fr/en/dataviz/trends?cancers=160&key=asr_n&populations=208_246_352_578_752&sexes=1_2&types=0_1&years=1960_2024,2026-07-30
208,Denmark,1,Male,1,Mortality,1969,160,Lung,C33-C34,41.82715245,60.19715604,86.75154422,72.90906559,59.06891387,1432,2424287,"per 100,000 person-years",Multiple rate definitions; see rate columns,NORDCAN 9.6 (30 June 2026),https://nordcan.iarc.fr/en/dataviz/trends?cancers=160&key=asr_n&populations=208_246_352_578_752&sexes=1_2&types=0_1&years=1960_2024,2026-07-30
208,Denmark,1,Male,1,Mortality,1970,160,Lung,C33-C34,40.63162856,58.56740243,85.77202536,71.71666759,57.396258,1404,2446152.5,"per 100,000 person-years",Multiple rate definitions; see rate columns,NORDCAN 9.6 (30 June 2026),https://nordcan.iarc.fr/en/dataviz/trends?cancers=160&key=asr_n&populations=208_246_352_578_752&sexes=1_2&types=0_1&years=1960_2024,2026-07-30
208,Denmark,1,Male,1,Mortality,1971,160,Lung,C33-C34,44.14923578,64.41462301,95.82729035,80.43861543,63.48875367,1565,2465003.5,"per 100,000 person-years",Multiple rate definitions; see rate columns,NORDCAN 9.6 (30 June 2026),https://nordcan.iarc.fr/en/dataviz/trends?cancers=160&key=asr_n&populations=208_246_352_578_752&sexes=1_2&types=0_1&years=1960_2024,2026-07-30
208,Denmark,1,Male,1,Mortality,1972,160,Lung,C33-C34,48.51391699,70.52179332,104.39182219999999,87.3702961,70.11094239,1737,2477502,"per 100,000 person-years",Multiple rate definitions; see rate columns,NORDCAN 9.6 (30 June 2026),https://nordcan.iarc.fr/en/dataviz/trends?cancers=160&key=asr_n&populations=208_246_352_578_752&sexes=1_2&types=0_1&years=1960_2024,2026-07-30
208,Denmark,1,Male,1,Mortality,1973,160,Lung,C33-C34,45.10209211,66.07200539,99.24306566,83.07946829,66.06495116,1646,2491487.5,"per 100,000 person-years",Multiple rate definitions; see rate columns,NORDCAN 9.6 (30 June 2026),https://nordcan.iarc.fr/en/dataviz/trends?cancers=160&key=asr_n&populations=208_246_352_578_752&sexes=1_2&types=0_1&years=1960_2024,2026-07-30
208,Denmark,1,Male,1,Mortality,1974,160,Lung,C33-C34,47.18775575,68.93464425,103.1156294,86.26036969,69.36696745,1735,2501190.5,"per 100,000 person-years",Multiple rate definitions; see rate columns,NORDCAN 9.6 (30 June 2026),https://nordcan.iarc.fr/en/dataviz/trends?cancers=160&key=asr_n&populations=208_246_352_578_752&sexes=1_2&types=0_1&years=1960_2024,2026-07-30
208,Denmark,1,Male,1,Mortality,1975,160,Lung,C33-C34,46.35631773,67.65967517,100.786136,84.54705361,68.96743025,1728,2505530.5,"per 100,000 person-years",Multiple rate definitions; see rate columns,NORDCAN 9.6 (30 June 2026),https://nordcan.iarc.fr/en/dataviz/trends?cancers=160&key=asr_n&populations=208_246_352_578_752&sexes=1_2&types=0_1&years=1960_2024,2026-07-30
208,Denmark,1,Male,1,Mortality,1976,160,Lung,C33-C34,46.94173039,69.69675209,106.5672448,89.71240875,71.16004216,1786,2509835.5,"per 100,000 person-years",Multiple rate definitions; see rate columns,NORDCAN 9.6 (30 June 2026),https://nordcan.iarc.fr/en/dataviz/trends?cancers=160&key=asr_n&populations=208_246_352_578_752&sexes=1_2&types=0_1&years=1960_2024,2026-07-30
208,Denmark,1,Male,1,Mortality,1977,160,Lung,C33-C34,48.13979188,71.00623757,107.6876206,90.60369609,73.12220489,1840,2516335.5,"per 100,000 person-years",Multiple rate definitions; see rate columns,NORDCAN 9.6 (30 June 2026),https://nordcan.iarc.fr/en/dataviz/trends?cancers=160&key=asr_n&populations=208_246_352_578_752&sexes=1_2&types=0_1&years=1960_2024,2026-07-30
208,Denmark,1,Male,1,Mortality,1978,160,Lung,C33-C34,52.31782124,76.84679625,115.6453277,97.20669838,79.63640767,2009,2522715.5,"per 100,000 person-years",Multiple rate definitions; see rate columns,NORDCAN 9.6 (30 June 2026),https://nordcan.iarc.fr/en/dataviz/trends?cancers=160&key=asr_n&populations=208_246_352_578_752&sexes=1_2&types=0_1&years=1960_2024,2026-07-30
208,Denmark,1,Male,1,Mortality,1979,160,Lung,C33-C34,52.91134388,78.65027219,120.0721306,101.4243959,82.22148363,2078,2527320,"per 100,000 person-years",Multiple rate definitions; see rate columns,NORDCAN 9.6 (30 June 2026),https://nordcan.iarc.fr/en/dataviz/trends?cancers=160&key=asr_n&populations=208_246_352_578_752&sexes=1_2&types=0_1&years=1960_2024,2026-07-30
208,Denmark,1,Male,1,Mortality,1980,160,Lung,C33-C34,52.97403774,78.81220988,121.8593249,102.1365397,82.56054737,2088,2529053,"per 100,000 person-years",Multiple rate definitions; see rate columns,NORDCAN 9.6 (30 June 2026),https://nordcan.iarc.fr/en/dataviz/trends?cancers=160&key=asr_n&populations=208_246_352_578_752&sexes=1_2&types=0_1&years=1960_2024,2026-07-30
208,Denmark,1,Male,1,Mortality,1981,160,Lung,C33-C34,54.57302968,81.40528786,126.0027285,105.8840953,85.79141493,2169,2528225,"per 100,000 person-years",Multiple rate definitions; see rate columns,NORDCAN 9.6 (30 June 2026),https://nordcan.iarc.fr/en/dataviz/trends?cancers=160&key=asr_n&populations=208_246_352_578_752&sexes=1_2&types=0_1&years=1960_2024,2026-07-30
208,Denmark,1,Male,1,Mortality,1982,160,Lung,C33-C34,54.56554513,81.096664,125.0912909,105.105191,85.98060484,2170,2523825,"per 100,000 person-years",Multiple rate definitions; see rate columns,NORDCAN 9.6 (30 June 2026),https://nordcan.iarc.fr/en/dataviz/trends?cancers=160&key=asr_n&populations=208_246_352_578_752&sexes=1_2&types=0_1&years=1960_2024,2026-07-30
208,Denmark,1,Male,1,Mortality,1983,160,Lung,C33-C34,54.73996234,81.99996179,127.68922,107.8406737,87.85429276,2215,2521220,"per 100,000 person-years",Multiple rate definitions; see rate columns,NORDCAN 9.6 (30 June 2026),https://nordcan.iarc.fr/en/dataviz/trends?cancers=160&key=asr_n&populations=208_246_352_578_752&sexes=1_2&types=0_1&years=1960_2024,2026-07-30
208,Denmark,1,Male,1,Mortality,1984,160,Lung,C33-C34,54.9302529,82.11466639,127.6410973,107.3493891,88.24667129,2222,2517942,"per 100,000 person-years",Multiple rate definitions; see rate columns,NORDCAN 9.6 (30 June 2026),https://nordcan.iarc.fr/en/dataviz/trends?cancers=160&key=asr_n&populations=208_246_352_578_752&sexes=1_2&types=0_1&years=1960_2024,2026-07-30
208,Denmark,1,Male,1,Mortality,1985,160,Lung,C33-C34,55.89748214,83.76946,130.5655366,110.0371091,90.02523567,2266,2517072,"per 100,000 person-years",Multiple rate definitions; see rate columns,NORDCAN 9.6 (30 June 2026),https://nordcan.iarc.fr/en/dataviz/trends?cancers=160&key=asr_n&populations=208_246_352_578_752&sexes=1_2&types=0_1&years=1960_2024,2026-07-30
208,Denmark,1,Male,1,Mortality,1986,160,Lung,C33-C34,54.58764594,81.45836974,126.5867253,106.3907027,88.0755609,2220,2520563,"per 100,000 person-years",Multiple rate definitions; see rate columns,NORDCAN 9.6 (30 June 2026),https://nordcan.iarc.fr/en/dataviz/trends?cancers=160&key=asr_n&populations=208_246_352_578_752&sexes=1_2&types=0_1&years=1960_2024,2026-07-30
208,Denmark,1,Male,1,Mortality,1987,160,Lung,C33-C34,54.08485878,80.73375168,125.8251486,105.6978049,87.33105834,2206,2526020,"per 100,000 person-years",Multiple rate definitions; see rate columns,NORDCAN 9.6 (30 June 2026),https://nordcan.iarc.fr/en/dataviz/trends?cancers=160&key=asr_n&populations=208_246_352_578_752&sexes=1_2&types=0_1&years=1960_2024,2026-07-30
208,Denmark,1,Male,1,Mortality,1988,160,Lung,C33-C34,52.95082927,79.5294664,124.5912737,104.9775403,86.74855498,2193,2527996,"per 100,000 person-years",Multiple rate definitions; see rate columns,NORDCAN 9.6 (30 June 2026),https://nordcan.iarc.fr/en/dataviz/trends?cancers=160&key=asr_n&populations=208_246_352_578_752&sexes=1_2&types=0_1&years=1960_2024,2026-07-30
208,Denmark,1,Male,1,Mortality,1989,160,Lung,C33-C34,53.84724238,80.77654116,126.2513032,106.0510253,88.20626818,2230,2528165,"per 100,000 person-years",Multiple rate definitions; see rate columns,NORDCAN 9.6 (30 June 2026),https://nordcan.iarc.fr/en/dataviz/trends?cancers=160&key=asr_n&populations=208_246_352_578_752&sexes=1_2&types=0_1&years=1960_2024,2026-07-30
208,Denmark,1,Male,1,Mortality,1990,160,Lung,C33-C34,52.55273383,78.61599018,123.2182901,103.0896461,86.14568025,2180,2530597,"per 100,000 person-years",Multiple rate definitions; see rate columns,NORDCAN 9.6 (30 June 2026),https://nordcan.iarc.fr/en/dataviz/trends?cancers=160&key=asr_n&populations=208_246_352_578_752&sexes=1_2&types=0_1&years=1960_2024,2026-07-30
208,Denmark,1,Male,1,Mortality,1991,160,Lung,C33-C34,48.42828827,72.45120223,113.2753642,95.07005568,79.52243956,2017,2536391,"per 100,000 person-years",Multiple rate definitions; see rate columns,NORDCAN 9.6 (30 June 2026),https://nordcan.iarc.fr/en/dataviz/trends?cancers=160&key=asr_n&populations=208_246_352_578_752&sexes=1_2&types=0_1&years=1960_2024,2026-07-30
208,Denmark,1,Male,1,Mortality,1992,160,Lung,C33-C34,49.00104449,73.15990537,115.147063,96.58596881,80.80319,2056,2544454,"per 100,000 person-years",Multiple rate definitions; see rate columns,NORDCAN 9.6 (30 June 2026),https://nordcan.iarc.fr/en/dataviz/trends?cancers=160&key=asr_n&populations=208_246_352_578_752&sexes=1_2&types=0_1&years=1960_2024,2026-07-30
208,Denmark,1,Male,1,Mortality,1993,160,Lung,C33-C34,51.90533794,78.08052965,124.5963868,104.2613507,86.23679536,2203,2554594,"per 100,000 person-years",Multiple rate definitions; see rate columns,NORDCAN 9.6 (30 June 2026),https://nordcan.iarc.fr/en/dataviz/trends?cancers=160&key=asr_n&populations=208_246_352_578_752&sexes=1_2&types=0_1&years=1960_2024,2026-07-30
208,Denmark,1,Male,1,Mortality,1994,160,Lung,C33-C34,49.27463122,74.4165436,118.5546963,99.32582173,82.07714471,2104,2563442,"per 100,000 person-years",Multiple rate definitions; see rate columns,NORDCAN 9.6 (30 June 2026),https://nordcan.iarc.fr/en/dataviz/trends?cancers=160&key=asr_n&populations=208_246_352_578_752&sexes=1_2&types=0_1&years=1960_2024,2026-07-30
208,Denmark,1,Male,1,Mortality,1995,160,Lung,C33-C34,49.87214289,75.52423385,121.1803816,101.5513963,83.62724632,2152,2573324,"per 100,000 person-years",Multiple rate definitions; see rate columns,NORDCAN 9.6 (30 June 2026),https://nordcan.iarc.fr/en/dataviz/trends?cancers=160&key=asr_n&populations=208_246_352_578_752&sexes=1_2&types=0_1&years=1960_2024,2026-07-30
208,Denmark,1,Male,1,Mortality,1996,160,Lung,C33-C34,48.65770447,73.31690049,117.2227142,98.22903303,80.78011837,2094,2592222,"per 100,000 person-years",Multiple rate definitions; see rate columns,NORDCAN 9.6 (30 June 2026),https://nordcan.iarc.fr/en/dataviz/trends?cancers=160&key=asr_n&populations=208_246_352_578_752&sexes=1_2&types=0_1&years=1960_2024,2026-07-30
208,Denmark,1,Male,1,Mortality,1997,160,Lung,C33-C34,46.71783977,70.19351481,111.2267324,93.26937885,76.93084324,2004,2604937,"per 100,000 person-years",Multiple rate definitions; see rate columns,NORDCAN 9.6 (30 June 2026),https://nordcan.iarc.fr/en/dataviz/trends?cancers=160&key=asr_n&populations=208_246_352_578_752&sexes=1_2&types=0_1&years=1960_2024,2026-07-30
208,Denmark,1,Male,1,Mortality,1998,160,Lung,C33-C34,43.4529996,65.92174315,106.5074867,88.97819731,73.13616516,1913,2615669,"per 100,000 person-years",Multiple rate definitions; see rate columns,NORDCAN 9.6 (30 June 2026),https://nordcan.iarc.fr/en/dataviz/trends?cancers=160&key=asr_n&populations=208_246_352_578_752&sexes=1_2&types=0_1&years=1960_2024,2026-07-30
208,Denmark,1,Male,1,Mortality,1999,160,Lung,C33-C34,43.99797795,66.60822086,107.1867454,89.65071801,74.19762392,1948,2625421,"per 100,000 person-years",Multiple rate definitions; see rate columns,NORDCAN 9.6 (30 June 2026),https://nordcan.iarc.fr/en/dataviz/trends?cancers=160&key=asr_n&populations=208_246_352_578_752&sexes=1_2&types=0_1&years=1960_2024,2026-07-30
208,Denmark,1,Male,1,Mortality,2000,160,Lung,C33-C34,44.49155985,67.45780594,108.1805574,90.75588427,75.8127376,1997,2634122,"per 100,000 person-years",Multiple rate definitions; see rate columns,NORDCAN 9.6 (30 June 2026),https://nordcan.iarc.fr/en/dataviz/trends?cancers=160&key=asr_n&populations=208_246_352_578_752&sexes=1_2&types=0_1&years=1960_2024,2026-07-30
208,Denmark,1,Male,1,Mortality,2001,160,Lung,C33-C34,42.61565699,65.29944603,106.8863416,89.5327854,74.19679698,1962,2644319,"per 100,000 person-years",Multiple rate definitions; see rate columns,NORDCAN 9.6 (30 June 2026),https://nordcan.iarc.fr/en/dataviz/trends?cancers=160&key=asr_n&populations=208_246_352_578_752&sexes=1_2&types=0_1&years=1960_2024,2026-07-30
208,Denmark,1,Male,1,Mortality,2002,160,Lung,C33-C34,40.20718113,61.21147851,99.65878875,83.69851959,70.0413617,1859,2654146,"per 100,000 person-years",Multiple rate definitions; see rate columns,NORDCAN 9.6 (30 June 2026),https://nordcan.iarc.fr/en/dataviz/trends?cancers=160&key=asr_n&populations=208_246_352_578_752&sexes=1_2&types=0_1&years=1960_2024,2026-07-30
208,Denmark,1,Male,1,Mortality,2003,160,Lung,C33-C34,40.53131497,61.75980798,100.620888,84.4304307,71.477561,1903,2662374,"per 100,000 person-years",Multiple rate definitions; see rate columns,NORDCAN 9.6 (30 June 2026),https://nordcan.iarc.fr/en/dataviz/trends?cancers=160&key=asr_n&populations=208_246_352_578_752&sexes=1_2&types=0_1&years=1960_2024,2026-07-30
208,Denmark,1,Male,1,Mortality,2004,160,Lung,C33-C34,40.87800081,62.93999648,104.0026511,87.31764584,74.2915079,1985,2671907,"per 100,000 person-years",Multiple rate definitions; see rate columns,NORDCAN 9.6 (30 June 2026),https://nordcan.iarc.fr/en/dataviz/trends?cancers=160&key=asr_n&populations=208_246_352_578_752&sexes=1_2&types=0_1&years=1960_2024,2026-07-30
208,Denmark,1,Male,1,Mortality,2005,160,Lung,C33-C34,38.92229836,60.05298928,99.60094114,83.65071709,72.35460698,1939,2679857,"per 100,000 person-years",Multiple rate definitions; see rate columns,NORDCAN 9.6 (30 June 2026),https://nordcan.iarc.fr/en/dataviz/trends?cancers=160&key=asr_n&populations=208_246_352_578_752&sexes=1_2&types=0_1&years=1960_2024,2026-07-30
208,Denmark,1,Male,1,Mortality,2006,160,Lung,C33-C34,40.94474025,63.0916759,104.2039191,87.43721783,77.02089712,2072,2690179,"per 100,000 person-years",Multiple rate definitions; see rate columns,NORDCAN 9.6 (30 June 2026),https://nordcan.iarc.fr/en/dataviz/trends?cancers=160&key=asr_n&populations=208_246_352_578_752&sexes=1_2&types=0_1&years=1960_2024,2026-07-30
208,Denmark,1,Male,1,Mortality,2007,160,Lung,C33-C34,35.56050729,55.04055299,90.99531434,76.86699274,68.18617378,1843,2702894,"per 100,000 person-years",Multiple rate definitions; see rate columns,NORDCAN 9.6 (30 June 2026),https://nordcan.iarc.fr/en/dataviz/trends?cancers=160&key=asr_n&populations=208_246_352_578_752&sexes=1_2&types=0_1&years=1960_2024,2026-07-30
208,Denmark,1,Male,1,Mortality,2008,160,Lung,C33-C34,37.17151462,57.62360969,96.16070464,80.84750286,72.38928006,1969,2720016,"per 100,000 person-years",Multiple rate definitions; see rate columns,NORDCAN 9.6 (30 June 2026),https://nordcan.iarc.fr/en/dataviz/trends?cancers=160&key=asr_n&populations=208_246_352_578_752&sexes=1_2&types=0_1&years=1960_2024,2026-07-30
208,Denmark,1,Male,1,Mortality,2009,160,Lung,C33-C34,34.81468255,54.27707601,91.40194503,77.0596494,69.62762561,1905,2735983,"per 100,000 person-years",Multiple rate definitions; see rate columns,NORDCAN 9.6 (30 June 2026),https://nordcan.iarc.fr/en/dataviz/trends?cancers=160&key=asr_n&populations=208_246_352_578_752&sexes=1_2&types=0_1&years=1960_2024,2026-07-30
208,Denmark,1,Male,1,Mortality,2010,160,Lung,C33-C34,34.21156374,53.64778131,91.00938986,76.84654612,70.19178112,1929,2748185,"per 100,000 person-years",Multiple rate definitions; see rate columns,NORDCAN 9.6 (30 June 2026),https://nordcan.iarc.fr/en/dataviz/trends?cancers=160&key=asr_n&populations=208_246_352_578_752&sexes=1_2&types=0_1&years=1960_2024,2026-07-30
208,Denmark,1,Male,1,Mortality,2011,160,Lung,C33-C34,32.37147285,50.23484368,84.74131554,71.11158362,67.31542603,1858,2760140,"per 100,000 person-years",Multiple rate definitions; see rate columns,NORDCAN 9.6 (30 June 2026),https://nordcan.iarc.fr/en/dataviz/trends?cancers=160&key=asr_n&populations=208_246_352_578_752&sexes=1_2&types=0_1&years=1960_2024,2026-07-30
208,Denmark,1,Male,1,Mortality,2012,160,Lung,C33-C34,33.57791949,52.52532263,89.79643647,75.60780886,71.73766819,1988,2771208,"per 100,000 person-years",Multiple rate definitions; see rate columns,NORDCAN 9.6 (30 June 2026),https://nordcan.iarc.fr/en/dataviz/trends?cancers=160&key=asr_n&populations=208_246_352_578_752&sexes=1_2&types=0_1&years=1960_2024,2026-07-30
208,Denmark,1,Male,1,Mortality,2013,160,Lung,C33-C34,32.32146399,50.29411249,85.08242481,71.4589507,69.50181858,1934,2782661,"per 100,000 person-years",Multiple rate definitions; see rate columns,NORDCAN 9.6 (30 June 2026),https://nordcan.iarc.fr/en/dataviz/trends?cancers=160&key=asr_n&populations=208_246_352_578_752&sexes=1_2&types=0_1&years=1960_2024,2026-07-30
208,Denmark,1,Male,1,Mortality,2014,160,Lung,C33-C34,32.67065738,50.54129537,84.67561444,71.1669843,71.68125948,2007,2799895,"per 100,000 person-years",Multiple rate definitions; see rate columns,NORDCAN 9.6 (30 June 2026),https://nordcan.iarc.fr/en/dataviz/trends?cancers=160&key=asr_n&populations=208_246_352_578_752&sexes=1_2&types=0_1&years=1960_2024,2026-07-30
208,Denmark,1,Male,1,Mortality,2015,160,Lung,C33-C34,30.10106357,47.24682112,81.45820138,67.95240134,68.44910692,1932,2822535,"per 100,000 person-years",Multiple rate definitions; see rate columns,NORDCAN 9.6 (30 June 2026),https://nordcan.iarc.fr/en/dataviz/trends?cancers=160&key=asr_n&populations=208_246_352_578_752&sexes=1_2&types=0_1&years=1960_2024,2026-07-30
208,Denmark,1,Male,1,Mortality,2016,160,Lung,C33-C34,28.51284139,44.74355217,76.70532982,64.3129094,66.0807646,1882,2848030,"per 100,000 person-years",Multiple rate definitions; see rate columns,NORDCAN 9.6 (30 June 2026),https://nordcan.iarc.fr/en/dataviz/trends?cancers=160&key=asr_n&populations=208_246_352_578_752&sexes=1_2&types=0_1&years=1960_2024,2026-07-30
208,Denmark,1,Male,1,Mortality,2017,160,Lung,C33-C34,28.48111228,44.50054765,76.04435418,63.55727829,66.83055733,1916,2866952,"per 100,000 person-years",Multiple rate definitions; see rate columns,NORDCAN 9.6 (30 June 2026),https://nordcan.iarc.fr/en/dataviz/trends?cancers=160&key=asr_n&populations=208_246_352_578_752&sexes=1_2&types=0_1&years=1960_2024,2026-07-30
208,Denmark,1,Male,1,Mortality,2018,160,Lung,C33-C34,25.30176672,39.66364199,68.46826465,57.15718277,60.93794463,1756,2881620,"per 100,000 person-years",Multiple rate definitions; see rate columns,NORDCAN 9.6 (30 June 2026),https://nordcan.iarc.fr/en/dataviz/trends?cancers=160&key=asr_n&populations=208_246_352_578_752&sexes=1_2&types=0_1&years=1960_2024,2026-07-30
208,Denmark,1,Male,1,Mortality,2019,160,Lung,C33-C34,24.989427,39.23901162,67.92598774,56.43501754,61.54205524,1781,2893956,"per 100,000 person-years",Multiple rate definitions; see rate columns,NORDCAN 9.6 (30 June 2026),https://nordcan.iarc.fr/en/dataviz/trends?cancers=160&key=asr_n&populations=208_246_352_578_752&sexes=1_2&types=0_1&years=1960_2024,2026-07-30
208,Denmark,1,Male,1,Mortality,2020,160,Lung,C33-C34,23.47800959,36.8545368,63.69869296,52.96239662,59.08223751,1712,2897656,"per 100,000 person-years",Multiple rate definitions; see rate columns,NORDCAN 9.6 (30 June 2026),https://nordcan.iarc.fr/en/dataviz/trends?cancers=160&key=asr_n&populations=208_246_352_578_752&sexes=1_2&types=0_1&years=1960_2024,2026-07-30
208,Denmark,1,Male,1,Mortality,2021,160,Lung,C33-C34,22.585555,35.73492009,62.40610408,52.11649585,59.300386,1726,2910605,"per 100,000 person-years",Multiple rate definitions; see rate columns,NORDCAN 9.6 (30 June 2026),https://nordcan.iarc.fr/en/dataviz/trends?cancers=160&key=asr_n&populations=208_246_352_578_752&sexes=1_2&types=0_1&years=1960_2024,2026-07-30
208,Denmark,1,Male,1,Mortality,2022,160,Lung,C33-C34,22.23136854,35.26891172,62.16726983,51.68243347,58.98729067,1733,2937921,"per 100,000 person-years",Multiple rate definitions; see rate columns,NORDCAN 9.6 (30 June 2026),https://nordcan.iarc.fr/en/dataviz/trends?cancers=160&key=asr_n&populations=208_246_352_578_752&sexes=1_2&types=0_1&years=1960_2024,2026-07-30
208,Denmark,1,Male,1,Mortality,2023,160,Lung,C33-C34,21.42430803,33.91870315,59.60073025,49.71067536,57.86163692,1710,2955326,"per 100,000 person-years",Multiple rate definitions; see rate columns,NORDCAN 9.6 (30 June 2026),https://nordcan.iarc.fr/en/dataviz/trends?cancers=160&key=asr_n&populations=208_246_352_578_752&sexes=1_2&types=0_1&years=1960_2024,2026-07-30
208,Denmark,1,Male,1,Mortality,2024,160,Lung,C33-C34,21.22350913,33.55771848,58.69871615,48.96596292,58.05452681,1724,2969622,"per 100,000 person-years",Multiple rate definitions; see rate columns,NORDCAN 9.6 (30 June 2026),https://nordcan.iarc.fr/en/dataviz/trends?cancers=160&key=asr_n&populations=208_246_352_578_752&sexes=1_2&types=0_1&years=1960_2024,2026-07-30
246,Finland,1,Male,1,Mortality,1960,160,Lung,C33-C34,58.39500467,83.026203,116.4351811,98.01869325,53.84670189,1148.8,2133464,"per 100,000 person-years",Multiple rate definitions; see rate columns,NORDCAN 9.6 (30 June 2026),https://nordcan.iarc.fr/en/dataviz/trends?cancers=160&key=asr_n&populations=208_246_352_578_752&sexes=1_2&types=0_1&years=1960_2024,2026-07-30
246,Finland,1,Male,1,Mortality,1961,160,Lung,C33-C34,59.11005283,84.57032526,118.3808354,100.8947147,56.08194718,1205.8,2150068,"per 100,000 person-years",Multiple rate definitions; see rate columns,NORDCAN 9.6 (30 June 2026),https://nordcan.iarc.fr/en/dataviz/trends?cancers=160&key=asr_n&populations=208_246_352_578_752&sexes=1_2&types=0_1&years=1960_2024,2026-07-30
246,Finland,1,Male,1,Mortality,1962,160,Lung,C33-C34,61.64866728,88.44092001,125.7277575,106.1589207,58.71656882,1271.8,2165998.5,"per 100,000 person-years",Multiple rate definitions; see rate columns,NORDCAN 9.6 (30 June 2026),https://nordcan.iarc.fr/en/dataviz/trends?cancers=160&key=asr_n&populations=208_246_352_578_752&sexes=1_2&types=0_1&years=1960_2024,2026-07-30
246,Finland,1,Male,1,Mortality,1963,160,Lung,C33-C34,62.26038545,89.13408933,126.7551276,106.7838602,59.64887441,1301.8,2182438.5,"per 100,000 person-years",Multiple rate definitions; see rate columns,NORDCAN 9.6 (30 June 2026),https://nordcan.iarc.fr/en/dataviz/trends?cancers=160&key=asr_n&populations=208_246_352_578_752&sexes=1_2&types=0_1&years=1960_2024,2026-07-30
246,Finland,1,Male,1,Mortality,1964,160,Lung,C33-C34,63.03620715,90.73391837,129.6281868,109.8869433,61.75227899,1355.8,2195546.5,"per 100,000 person-years",Multiple rate definitions; see rate columns,NORDCAN 9.6 (30 June 2026),https://nordcan.iarc.fr/en/dataviz/trends?cancers=160&key=asr_n&populations=208_246_352_578_752&sexes=1_2&types=0_1&years=1960_2024,2026-07-30
246,Finland,1,Male,1,Mortality,1965,160,Lung,C33-C34,63.68029791,91.99853186,133.11221,111.9095691,62.8007596,1384,2203795,"per 100,000 person-years",Multiple rate definitions; see rate columns,NORDCAN 9.6 (30 June 2026),https://nordcan.iarc.fr/en/dataviz/trends?cancers=160&key=asr_n&populations=208_246_352_578_752&sexes=1_2&types=0_1&years=1960_2024,2026-07-30
246,Finland,1,Male,1,Mortality,1966,160,Lung,C33-C34,62.42199185,90.17631816,131.6703174,110.7519794,62.04456499,1373,2212925.5,"per 100,000 person-years",Multiple rate definitions; see rate columns,NORDCAN 9.6 (30 June 2026),https://nordcan.iarc.fr/en/dataviz/trends?cancers=160&key=asr_n&populations=208_246_352_578_752&sexes=1_2&types=0_1&years=1960_2024,2026-07-30
246,Finland,1,Male,1,Mortality,1967,160,Lung,C33-C34,64.79958905,93.1476305,134.694629,113.5361945,66.00483601,1469,2225594.5,"per 100,000 person-years",Multiple rate definitions; see rate columns,NORDCAN 9.6 (30 June 2026),https://nordcan.iarc.fr/en/dataviz/trends?cancers=160&key=asr_n&populations=208_246_352_578_752&sexes=1_2&types=0_1&years=1960_2024,2026-07-30
246,Finland,1,Male,1,Mortality,1968,160,Lung,C33-C34,67.18795224,98.00743122,143.5938246,121.3529943,69.3607652,1551,2236134.5,"per 100,000 person-years",Multiple rate definitions; see rate columns,NORDCAN 9.6 (30 June 2026),https://nordcan.iarc.fr/en/dataviz/trends?cancers=160&key=asr_n&populations=208_246_352_578_752&sexes=1_2&types=0_1&years=1960_2024,2026-07-30
246,Finland,1,Male,1,Mortality,1969,160,Lung,C33-C34,70.32727861,101.7912116,148.8632565,125.0813744,73.15603175,1635,2234949,"per 100,000 person-years",Multiple rate definitions; see rate columns,NORDCAN 9.6 (30 June 2026),https://nordcan.iarc.fr/en/dataviz/trends?cancers=160&key=asr_n&populations=208_246_352_578_752&sexes=1_2&types=0_1&years=1960_2024,2026-07-30
246,Finland,1,Male,1,Mortality,1970,160,Lung,C33-C34,68.73801412,100.4195535,149.4352127,125.1491756,72.7607421,1619,2225101,"per 100,000 person-years",Multiple rate definitions; see rate columns,NORDCAN 9.6 (30 June 2026),https://nordcan.iarc.fr/en/dataviz/trends?cancers=160&key=asr_n&populations=208_246_352_578_752&sexes=1_2&types=0_1&years=1960_2024,2026-07-30
246,Finland,1,Male,1,Mortality,1971,160,Lung,C33-C34,70.94793576,103.1462923,152.3722952,127.9091909,76.42530728,1702,2227011,"per 100,000 person-years",Multiple rate definitions; see rate columns,NORDCAN 9.6 (30 June 2026),https://nordcan.iarc.fr/en/dataviz/trends?cancers=160&key=asr_n&populations=208_246_352_578_752&sexes=1_2&types=0_1&years=1960_2024,2026-07-30
246,Finland,1,Male,1,Mortality,1972,160,Lung,C33-C34,66.48368506,97.29999323,145.898017,122.2275697,72.31622489,1621,2241544,"per 100,000 person-years",Multiple rate definitions; see rate columns,NORDCAN 9.6 (30 June 2026),https://nordcan.iarc.fr/en/dataviz/trends?cancers=160&key=asr_n&populations=208_246_352_578_752&sexes=1_2&types=0_1&years=1960_2024,2026-07-30
246,Finland,1,Male,1,Mortality,1973,160,Lung,C33-C34,66.44798957,97.23442764,144.3350103,121.4641103,73.81639402,1665,2255596.5,"per 100,000 person-years",Multiple rate definitions; see rate columns,NORDCAN 9.6 (30 June 2026),https://nordcan.iarc.fr/en/dataviz/trends?cancers=160&key=asr_n&populations=208_246_352_578_752&sexes=1_2&types=0_1&years=1960_2024,2026-07-30
246,Finland,1,Male,1,Mortality,1974,160,Lung,C33-C34,66.72940554,97.28160543,143.4940905,120.3943403,74.73615821,1695,2267978.5,"per 100,000 person-years",Multiple rate definitions; see rate columns,NORDCAN 9.6 (30 June 2026),https://nordcan.iarc.fr/en/dataviz/trends?cancers=160&key=asr_n&populations=208_246_352_578_752&sexes=1_2&types=0_1&years=1960_2024,2026-07-30
246,Finland,1,Male,1,Mortality,1975,160,Lung,C33-C34,62.05943906,91.00252546,137.0416099,114.37215,70.18546602,1598.8,2277964.5,"per 100,000 person-years",Multiple rate definitions; see rate columns,NORDCAN 9.6 (30 June 2026),https://nordcan.iarc.fr/en/dataviz/trends?cancers=160&key=asr_n&populations=208_246_352_578_752&sexes=1_2&types=0_1&years=1960_2024,2026-07-30
246,Finland,1,Male,1,Mortality,1976,160,Lung,C33-C34,69.0599006,101.7709662,154.5990773,129.2619903,78.44139857,1791.8,2284253,"per 100,000 person-years",Multiple rate definitions; see rate columns,NORDCAN 9.6 (30 June 2026),https://nordcan.iarc.fr/en/dataviz/trends?cancers=160&key=asr_n&populations=208_246_352_578_752&sexes=1_2&types=0_1&years=1960_2024,2026-07-30
246,Finland,1,Male,1,Mortality,1977,160,Lung,C33-C34,66.60829548,98.29251116,149.2095905,125.032725,77.42369153,1773.8,2291030,"per 100,000 person-years",Multiple rate definitions; see rate columns,NORDCAN 9.6 (30 June 2026),https://nordcan.iarc.fr/en/dataviz/trends?cancers=160&key=asr_n&populations=208_246_352_578_752&sexes=1_2&types=0_1&years=1960_2024,2026-07-30
246,Finland,1,Male,1,Mortality,1978,160,Lung,C33-C34,66.88135911,99.72110472,153.258529,128.9892208,78.87812746,1812.8,2298229,"per 100,000 person-years",Multiple rate definitions; see rate columns,NORDCAN 9.6 (30 June 2026),https://nordcan.iarc.fr/en/dataviz/trends?cancers=160&key=asr_n&populations=208_246_352_578_752&sexes=1_2&types=0_1&years=1960_2024,2026-07-30
246,Finland,1,Male,1,Mortality,1979,160,Lung,C33-C34,67.25509889,100.0273394,154.3653803,129.2967151,80.03344059,1843.8,2303787,"per 100,000 person-years",Multiple rate definitions; see rate columns,NORDCAN 9.6 (30 June 2026),https://nordcan.iarc.fr/en/dataviz/trends?cancers=160&key=asr_n&populations=208_246_352_578_752&sexes=1_2&types=0_1&years=1960_2024,2026-07-30
246,Finland,1,Male,1,Mortality,1980,160,Lung,C33-C34,65.3685422,98.40011631,155.0221688,130.6099907,79.34867959,1833.6,2310813.5,"per 100,000 person-years",Multiple rate definitions; see rate columns,NORDCAN 9.6 (30 June 2026),https://nordcan.iarc.fr/en/dataviz/trends?cancers=160&key=asr_n&populations=208_246_352_578_752&sexes=1_2&types=0_1&years=1960_2024,2026-07-30
246,Finland,1,Male,1,Mortality,1981,160,Lung,C33-C34,65.11932636,96.80003116,148.9986732,125.3745954,79.38279083,1842.6,2321158,"per 100,000 person-years",Multiple rate definitions; see rate columns,NORDCAN 9.6 (30 June 2026),https://nordcan.iarc.fr/en/dataviz/trends?cancers=160&key=asr_n&populations=208_246_352_578_752&sexes=1_2&types=0_1&years=1960_2024,2026-07-30
246,Finland,1,Male,1,Mortality,1982,160,Lung,C33-C34,58.59996332,87.89993689,137.7207314,115.1508847,72.39726769,1690.6,2335171,"per 100,000 person-years",Multiple rate definitions; see rate columns,NORDCAN 9.6 (30 June 2026),https://nordcan.iarc.fr/en/dataviz/trends?cancers=160&key=asr_n&populations=208_246_352_578_752&sexes=1_2&types=0_1&years=1960_2024,2026-07-30
246,Finland,1,Male,1,Mortality,1983,160,Lung,C33-C34,60.86008027,91.46222109,144.4787151,120.7676142,76.36529128,1794.6,2350020.5,"per 100,000 person-years",Multiple rate definitions; see rate columns,NORDCAN 9.6 (30 June 2026),https://nordcan.iarc.fr/en/dataviz/trends?cancers=160&key=asr_n&populations=208_246_352_578_752&sexes=1_2&types=0_1&years=1960_2024,2026-07-30
246,Finland,1,Male,1,Mortality,1984,160,Lung,C33-C34,57.84469273,86.43089766,135.7919764,113.740046,72.68111036,1717.6,2363200,"per 100,000 person-years",Multiple rate definitions; see rate columns,NORDCAN 9.6 (30 June 2026),https://nordcan.iarc.fr/en/dataviz/trends?cancers=160&key=asr_n&populations=208_246_352_578_752&sexes=1_2&types=0_1&years=1960_2024,2026-07-30
246,Finland,1,Male,1,Mortality,1985,160,Lung,C33-C34,58.37182707,87.79452727,138.571684,116.2325829,74.48902551,1768,2373504,"per 100,000 person-years",Multiple rate definitions; see rate columns,NORDCAN 9.6 (30 June 2026),https://nordcan.iarc.fr/en/dataviz/trends?cancers=160&key=asr_n&populations=208_246_352_578_752&sexes=1_2&types=0_1&years=1960_2024,2026-07-30
246,Finland,1,Male,1,Mortality,1986,160,Lung,C33-C34,52.96436228,80.15277553,128.7083354,107.7532194,68.93879184,1642,2381823,"per 100,000 person-years",Multiple rate definitions; see rate columns,NORDCAN 9.6 (30 June 2026),https://nordcan.iarc.fr/en/dataviz/trends?cancers=160&key=asr_n&populations=208_246_352_578_752&sexes=1_2&types=0_1&years=1960_2024,2026-07-30
246,Finland,1,Male,1,Mortality,1987,160,Lung,C33-C34,53.72937289,80.59758643,128.0036747,107.0859227,69.93484048,1671,2389367,"per 100,000 person-years",Multiple rate definitions; see rate columns,NORDCAN 9.6 (30 June 2026),https://nordcan.iarc.fr/en/dataviz/trends?cancers=160&key=asr_n&populations=208_246_352_578_752&sexes=1_2&types=0_1&years=1960_2024,2026-07-30
246,Finland,1,Male,1,Mortality,1988,160,Lung,C33-C34,51.21886982,77.18203074,123.6931908,103.2239429,67.62287046,1621,2397118,"per 100,000 person-years",Multiple rate definitions; see rate columns,NORDCAN 9.6 (30 June 2026),https://nordcan.iarc.fr/en/dataviz/trends?cancers=160&key=asr_n&populations=208_246_352_578_752&sexes=1_2&types=0_1&years=1960_2024,2026-07-30
246,Finland,1,Male,1,Mortality,1989,160,Lung,C33-C34,47.46752153,71.12373433,112.2963894,93.65569937,63.10592489,1519,2407064,"per 100,000 person-years",Multiple rate definitions; see rate columns,NORDCAN 9.6 (30 June 2026),https://nordcan.iarc.fr/en/dataviz/trends?cancers=160&key=asr_n&populations=208_246_352_578_752&sexes=1_2&types=0_1&years=1960_2024,2026-07-30
246,Finland,1,Male,1,Mortality,1990,160,Lung,C33-C34,49.25848416,74.30950066,119.7681917,99.97403948,67.06394179,1622.6,2419482,"per 100,000 person-years",Multiple rate definitions; see rate columns,NORDCAN 9.6 (30 June 2026),https://nordcan.iarc.fr/en/dataviz/trends?cancers=160&key=asr_n&populations=208_246_352_578_752&sexes=1_2&types=0_1&years=1960_2024,2026-07-30
246,Finland,1,Male,1,Mortality,1991,160,Lung,C33-C34,44.72349151,67.39607493,108.38029,90.10170226,61.38938144,1494.6,2434623,"per 100,000 person-years",Multiple rate definitions; see rate columns,NORDCAN 9.6 (30 June 2026),https://nordcan.iarc.fr/en/dataviz/trends?cancers=160&key=asr_n&populations=208_246_352_578_752&sexes=1_2&types=0_1&years=1960_2024,2026-07-30
246,Finland,1,Male,1,Mortality,1992,160,Lung,C33-C34,47.50213392,72.21020645,117.9362132,98.05373839,65.97931076,1616.6,2450162,"per 100,000 person-years",Multiple rate definitions; see rate columns,NORDCAN 9.6 (30 June 2026),https://nordcan.iarc.fr/en/dataviz/trends?cancers=160&key=asr_n&populations=208_246_352_578_752&sexes=1_2&types=0_1&years=1960_2024,2026-07-30
246,Finland,1,Male,1,Mortality,1993,160,Lung,C33-C34,44.71517334,67.82072433,110.3275361,92.19204705,63.22098242,1557.6,2463739,"per 100,000 person-years",Multiple rate definitions; see rate columns,NORDCAN 9.6 (30 June 2026),https://nordcan.iarc.fr/en/dataviz/trends?cancers=160&key=asr_n&populations=208_246_352_578_752&sexes=1_2&types=0_1&years=1960_2024,2026-07-30
246,Finland,1,Male,1,Mortality,1994,160,Lung,C33-C34,41.23944623,62.53820917,101.3630538,84.54377261,59.23448735,1466.6,2475922.5,"per 100,000 person-years",Multiple rate definitions; see rate columns,NORDCAN 9.6 (30 June 2026),https://nordcan.iarc.fr/en/dataviz/trends?cancers=160&key=asr_n&populations=208_246_352_578_752&sexes=1_2&types=0_1&years=1960_2024,2026-07-30
246,Finland,1,Male,1,Mortality,1995,160,Lung,C33-C34,41.55724404,63.67831336,104.0158138,86.93079316,61.11775765,1519.8,2486675,"per 100,000 person-years",Multiple rate definitions; see rate columns,NORDCAN 9.6 (30 June 2026),https://nordcan.iarc.fr/en/dataviz/trends?cancers=160&key=asr_n&populations=208_246_352_578_752&sexes=1_2&types=0_1&years=1960_2024,2026-07-30
246,Finland,1,Male,1,Mortality,1996,160,Lung,C33-C34,39.63335577,61.03181929,101.2233634,84.94373051,59.84419597,1493.8,2496148.5,"per 100,000 person-years",Multiple rate definitions; see rate columns,NORDCAN 9.6 (30 June 2026),https://nordcan.iarc.fr/en/dataviz/trends?cancers=160&key=asr_n&populations=208_246_352_578_752&sexes=1_2&types=0_1&years=1960_2024,2026-07-30
246,Finland,1,Male,1,Mortality,1997,160,Lung,C33-C34,37.61876626,58.10377402,97.06234873,81.04240834,57.83986008,1448.8,2504847,"per 100,000 person-years",Multiple rate definitions; see rate columns,NORDCAN 9.6 (30 June 2026),https://nordcan.iarc.fr/en/dataviz/trends?cancers=160&key=asr_n&populations=208_246_352_578_752&sexes=1_2&types=0_1&years=1960_2024,2026-07-30
246,Finland,1,Male,1,Mortality,1998,160,Lung,C33-C34,37.63583468,57.75671917,94.83248509,79.43987069,58.85568517,1478.8,2512586.5,"per 100,000 person-years",Multiple rate definitions; see rate columns,NORDCAN 9.6 (30 June 2026),https://nordcan.iarc.fr/en/dataviz/trends?cancers=160&key=asr_n&populations=208_246_352_578_752&sexes=1_2&types=0_1&years=1960_2024,2026-07-30
246,Finland,1,Male,1,Mortality,1999,160,Lung,C33-C34,34.5512353,53.21362958,87.77691979,73.60642241,55.35908092,1394.8,2519550.5,"per 100,000 person-years",Multiple rate definitions; see rate columns,NORDCAN 9.6 (30 June 2026),https://nordcan.iarc.fr/en/dataviz/trends?cancers=160&key=asr_n&populations=208_246_352_578_752&sexes=1_2&types=0_1&years=1960_2024,2026-07-30
246,Finland,1,Male,1,Mortality,2000,160,Lung,C33-C34,33.5927143,52.07732064,86.85415136,72.75083985,55.28497831,1396.6,2526183.5,"per 100,000 person-years",Multiple rate definitions; see rate columns,NORDCAN 9.6 (30 June 2026),https://nordcan.iarc.fr/en/dataviz/trends?cancers=160&key=asr_n&populations=208_246_352_578_752&sexes=1_2&types=0_1&years=1960_2024,2026-07-30
246,Finland,1,Male,1,Mortality,2001,160,Lung,C33-C34,32.65268391,51.15637539,86.8286015,72.7984093,55.40229622,1403.6,2533469,"per 100,000 person-years",Multiple rate definitions; see rate columns,NORDCAN 9.6 (30 June 2026),https://nordcan.iarc.fr/en/dataviz/trends?cancers=160&key=asr_n&populations=208_246_352_578_752&sexes=1_2&types=0_1&years=1960_2024,2026-07-30
246,Finland,1,Male,1,Mortality,2002,160,Lung,C33-C34,31.27570206,48.74355235,82.44961608,69.56604111,54.44550757,1383.6,2541256.5,"per 100,000 person-years",Multiple rate definitions; see rate columns,NORDCAN 9.6 (30 June 2026),https://nordcan.iarc.fr/en/dataviz/trends?cancers=160&key=asr_n&populations=208_246_352_578_752&sexes=1_2&types=0_1&years=1960_2024,2026-07-30
246,Finland,1,Male,1,Mortality,2003,160,Lung,C33-C34,30.87093405,48.32462785,81.66334759,68.51274229,55.06679438,1403.6,2548904.5,"per 100,000 person-years",Multiple rate definitions; see rate columns,NORDCAN 9.6 (30 June 2026),https://nordcan.iarc.fr/en/dataviz/trends?cancers=160&key=asr_n&populations=208_246_352_578_752&sexes=1_2&types=0_1&years=1960_2024,2026-07-30
246,Finland,1,Male,1,Mortality,2004,160,Lung,C33-C34,29.69647261,46.33676196,77.83619105,65.68179357,54.41283136,1391.6,2557485,"per 100,000 person-years",Multiple rate definitions; see rate columns,NORDCAN 9.6 (30 June 2026),https://nordcan.iarc.fr/en/dataviz/trends?cancers=160&key=asr_n&populations=208_246_352_578_752&sexes=1_2&types=0_1&years=1960_2024,2026-07-30
246,Finland,1,Male,1,Mortality,2005,160,Lung,C33-C34,29.78238326,46.44477328,78.15380588,65.55389981,55.29730971,1419.6,2567213.5,"per 100,000 person-years",Multiple rate definitions; see rate columns,NORDCAN 9.6 (30 June 2026),https://nordcan.iarc.fr/en/dataviz/trends?cancers=160&key=asr_n&populations=208_246_352_578_752&sexes=1_2&types=0_1&years=1960_2024,2026-07-30
246,Finland,1,Male,1,Mortality,2006,160,Lung,C33-C34,29.56128201,46.51910385,79.82049526,67.18941357,57.19835876,1474.6,2578046,"per 100,000 person-years",Multiple rate definitions; see rate columns,NORDCAN 9.6 (30 June 2026),https://nordcan.iarc.fr/en/dataviz/trends?cancers=160&key=asr_n&populations=208_246_352_578_752&sexes=1_2&types=0_1&years=1960_2024,2026-07-30
246,Finland,1,Male,1,Mortality,2007,160,Lung,C33-C34,28.46663444,44.26140597,74.81719049,62.87596334,55.8475785,1446.6,2590264.5,"per 100,000 person-years",Multiple rate definitions; see rate columns,NORDCAN 9.6 (30 June 2026),https://nordcan.iarc.fr/en/dataviz/trends?cancers=160&key=asr_n&populations=208_246_352_578_752&sexes=1_2&types=0_1&years=1960_2024,2026-07-30
246,Finland,1,Male,1,Mortality,2008,160,Lung,C33-C34,26.65889158,41.34958818,69.92350916,58.57268433,53.20595034,1385.6,2604220,"per 100,000 person-years",Multiple rate definitions; see rate columns,NORDCAN 9.6 (30 June 2026),https://nordcan.iarc.fr/en/dataviz/trends?cancers=160&key=asr_n&populations=208_246_352_578_752&sexes=1_2&types=0_1&years=1960_2024,2026-07-30
246,Finland,1,Male,1,Mortality,2009,160,Lung,C33-C34,26.95483367,41.80187989,70.45768121,59.10795724,54.94278862,1438.6,2618360,"per 100,000 person-years",Multiple rate definitions; see rate columns,NORDCAN 9.6 (30 June 2026),https://nordcan.iarc.fr/en/dataviz/trends?cancers=160&key=asr_n&populations=208_246_352_578_752&sexes=1_2&types=0_1&years=1960_2024,2026-07-30
246,Finland,1,Male,1,Mortality,2010,160,Lung,C33-C34,28.25587177,43.89294703,74.18740019,62.1989681,59.21554226,1558.4,2631741.5,"per 100,000 person-years",Multiple rate definitions; see rate columns,NORDCAN 9.6 (30 June 2026),https://nordcan.iarc.fr/en/dataviz/trends?cancers=160&key=asr_n&populations=208_246_352_578_752&sexes=1_2&types=0_1&years=1960_2024,2026-07-30
246,Finland,1,Male,1,Mortality,2011,160,Lung,C33-C34,25.67362432,39.52827159,65.63330765,54.65209628,53.99408424,1428.4,2645475,"per 100,000 person-years",Multiple rate definitions; see rate columns,NORDCAN 9.6 (30 June 2026),https://nordcan.iarc.fr/en/dataviz/trends?cancers=160&key=asr_n&populations=208_246_352_578_752&sexes=1_2&types=0_1&years=1960_2024,2026-07-30
246,Finland,1,Male,1,Mortality,2012,160,Lung,C33-C34,24.86671774,38.02631048,63.37688758,52.76808621,53.59496883,1425.4,2659578,"per 100,000 person-years",Multiple rate definitions; see rate columns,NORDCAN 9.6 (30 June 2026),https://nordcan.iarc.fr/en/dataviz/trends?cancers=160&key=asr_n&populations=208_246_352_578_752&sexes=1_2&types=0_1&years=1960_2024,2026-07-30
246,Finland,1,Male,1,Mortality,2013,160,Lung,C33-C34,25.46445586,39.09651363,65.38302116,54.1873902,56.30835764,1505.4,2673493,"per 100,000 person-years",Multiple rate definitions; see rate columns,NORDCAN 9.6 (30 June 2026),https://nordcan.iarc.fr/en/dataviz/trends?cancers=160&key=asr_n&populations=208_246_352_578_752&sexes=1_2&types=0_1&years=1960_2024,2026-07-30
246,Finland,1,Male,1,Mortality,2014,160,Lung,C33-C34,22.49407483,34.88984786,59.39897452,49.30654191,51.39023351,1380.4,2686113.5,"per 100,000 person-years",Multiple rate definitions; see rate columns,NORDCAN 9.6 (30 June 2026),https://nordcan.iarc.fr/en/dataviz/trends?cancers=160&key=asr_n&populations=208_246_352_578_752&sexes=1_2&types=0_1&years=1960_2024,2026-07-30
246,Finland,1,Male,1,Mortality,2015,160,Lung,C33-C34,22.96637932,35.7579459,60.46947584,50.3366798,54.07396846,1458.2,2696676.5,"per 100,000 person-years",Multiple rate definitions; see rate columns,NORDCAN 9.6 (30 June 2026),https://nordcan.iarc.fr/en/dataviz/trends?cancers=160&key=asr_n&populations=208_246_352_578_752&sexes=1_2&types=0_1&years=1960_2024,2026-07-30
246,Finland,1,Male,1,Mortality,2016,160,Lung,C33-C34,22.98631712,35.68596934,60.65423541,50.35160564,55.12561655,1492.2,2706908.5,"per 100,000 person-years",Multiple rate definitions; see rate columns,NORDCAN 9.6 (30 June 2026),https://nordcan.iarc.fr/en/dataviz/trends?cancers=160&key=asr_n&populations=208_246_352_578_752&sexes=1_2&types=0_1&years=1960_2024,2026-07-30
246,Finland,1,Male,1,Mortality,2017,160,Lung,C33-C34,22.32634442,34.95516042,59.86587157,50.02205016,55.38844266,1504.2,2715729,"per 100,000 person-years",Multiple rate definitions; see rate columns,NORDCAN 9.6 (30 June 2026),https://nordcan.iarc.fr/en/dataviz/trends?cancers=160&key=asr_n&populations=208_246_352_578_752&sexes=1_2&types=0_1&years=1960_2024,2026-07-30
246,Finland,1,Male,1,Mortality,2018,160,Lung,C33-C34,21.4320116,33.35466859,56.64749196,47.15731376,54.28466486,1477.2,2721210.5,"per 100,000 person-years",Multiple rate definitions; see rate columns,NORDCAN 9.6 (30 June 2026),https://nordcan.iarc.fr/en/dataviz/trends?cancers=160&key=asr_n&populations=208_246_352_578_752&sexes=1_2&types=0_1&years=1960_2024,2026-07-30
246,Finland,1,Male,1,Mortality,2019,160,Lung,C33-C34,21.00459637,33.20623898,57.497615,47.78578464,55.62452674,1516.2,2725776,"per 100,000 person-years",Multiple rate definitions; see rate columns,NORDCAN 9.6 (30 June 2026),https://nordcan.iarc.fr/en/dataviz/trends?cancers=160&key=asr_n&populations=208_246_352_578_752&sexes=1_2&types=0_1&years=1960_2024,2026-07-30
246,Finland,1,Male,1,Mortality,2020,160,Lung,C33-C34,19.48837078,30.43915396,52.40295719,43.62970602,51.95100026,1418.8,2731035,"per 100,000 person-years",Multiple rate definitions; see rate columns,NORDCAN 9.6 (30 June 2026),https://nordcan.iarc.fr/en/dataviz/trends?cancers=160&key=asr_n&populations=208_246_352_578_752&sexes=1_2&types=0_1&years=1960_2024,2026-07-30
246,Finland,1,Male,1,Mortality,2021,160,Lung,C33-C34,19.7868387,31.03918544,53.3928196,44.51738799,54.47598271,1491.8,2738454.5,"per 100,000 person-years",Multiple rate definitions; see rate columns,NORDCAN 9.6 (30 June 2026),https://nordcan.iarc.fr/en/dataviz/trends?cancers=160&key=asr_n&populations=208_246_352_578_752&sexes=1_2&types=0_1&years=1960_2024,2026-07-30
246,Finland,1,Male,1,Mortality,2022,160,Lung,C33-C34,19.53379938,30.55745148,52.37320435,43.65807027,54.39020423,1494.8,2748289,"per 100,000 person-years",Multiple rate definitions; see rate columns,NORDCAN 9.6 (30 June 2026),https://nordcan.iarc.fr/en/dataviz/trends?cancers=160&key=asr_n&populations=208_246_352_578_752&sexes=1_2&types=0_1&years=1960_2024,2026-07-30
246,Finland,1,Male,1,Mortality,2023,160,Lung,C33-C34,16.62465816,26.07379239,45.03523659,37.77952835,47.32083494,1307.8,2763687.5,"per 100,000 person-years",Multiple rate definitions; see rate columns,NORDCAN 9.6 (30 June 2026),https://nordcan.iarc.fr/en/dataviz/trends?cancers=160&key=asr_n&populations=208_246_352_578_752&sexes=1_2&types=0_1&years=1960_2024,2026-07-30
246,Finland,1,Male,1,Mortality,2024,160,Lung,C33-C34,17.74492544,27.90451086,48.28704074,40.52000894,51.20878686,1424.8,2782335,"per 100,000 person-years",Multiple rate definitions; see rate columns,NORDCAN 9.6 (30 June 2026),https://nordcan.iarc.fr/en/dataviz/trends?cancers=160&key=asr_n&populations=208_246_352_578_752&sexes=1_2&types=0_1&years=1960_2024,2026-07-30
352,Iceland,1,Male,1,Mortality,1960,160,Lung,C33-C34,10.36690607,14.90746043,16.6410103,15.14526891,10.13216851,9,88826,"per 100,000 person-years",Multiple rate definitions; see rate columns,NORDCAN 9.6 (30 June 2026),https://nordcan.iarc.fr/en/dataviz/trends?cancers=160&key=asr_n&populations=208_246_352_578_752&sexes=1_2&types=0_1&years=1960_2024,2026-07-30
352,Iceland,1,Male,1,Mortality,1961,160,Lung,C33-C34,9.430376949,12.25852954,12.49201884,12.38342607,8.849655417,8,90399,"per 100,000 person-years",Multiple rate definitions; see rate columns,NORDCAN 9.6 (30 June 2026),https://nordcan.iarc.fr/en/dataviz/trends?cancers=160&key=asr_n&populations=208_246_352_578_752&sexes=1_2&types=0_1&years=1960_2024,2026-07-30
352,Iceland,1,Male,1,Mortality,1962,160,Lung,C33-C34,13.4994123,18.64225338,23.27532127,20.43654099,13.04092678,12,92018,"per 100,000 person-years",Multiple rate definitions; see rate columns,NORDCAN 9.6 (30 June 2026),https://nordcan.iarc.fr/en/dataviz/trends?cancers=160&key=asr_n&populations=208_246_352_578_752&sexes=1_2&types=0_1&years=1960_2024,2026-07-30
352,Iceland,1,Male,1,Mortality,1963,160,Lung,C33-C34,10.67297294,15.6582339,22.70527018,20.25806828,10.66302702,10,93782,"per 100,000 person-years",Multiple rate definitions; see rate columns,NORDCAN 9.6 (30 June 2026),https://nordcan.iarc.fr/en/dataviz/trends?cancers=160&key=asr_n&populations=208_246_352_578_752&sexes=1_2&types=0_1&years=1960_2024,2026-07-30
352,Iceland,1,Male,1,Mortality,1964,160,Lung,C33-C34,14.10341211,20.24952225,26.41510445,24.40999635,13.62026696,13,95446,"per 100,000 person-years",Multiple rate definitions; see rate columns,NORDCAN 9.6 (30 June 2026),https://nordcan.iarc.fr/en/dataviz/trends?cancers=160&key=asr_n&populations=208_246_352_578_752&sexes=1_2&types=0_1&years=1960_2024,2026-07-30
352,Iceland,1,Male,1,Mortality,1965,160,Lung,C33-C34,10.4265752,13.78359994,15.07838643,13.73308913,9.261069551,9,97181,"per 100,000 person-years",Multiple rate definitions; see rate columns,NORDCAN 9.6 (30 June 2026),https://nordcan.iarc.fr/en/dataviz/trends?cancers=160&key=asr_n&populations=208_246_352_578_752&sexes=1_2&types=0_1&years=1960_2024,2026-07-30
352,Iceland,1,Male,1,Mortality,1966,160,Lung,C33-C34,11.17202334,15.91288027,22.39322643,19.43242442,10.11337089,10,98879,"per 100,000 person-years",Multiple rate definitions; see rate columns,NORDCAN 9.6 (30 June 2026),https://nordcan.iarc.fr/en/dataviz/trends?cancers=160&key=asr_n&populations=208_246_352_578_752&sexes=1_2&types=0_1&years=1960_2024,2026-07-30
352,Iceland,1,Male,1,Mortality,1967,160,Lung,C33-C34,20.28643795,28.75772792,36.70288421,32.59662103,19.90861944,20,100459,"per 100,000 person-years",Multiple rate definitions; see rate columns,NORDCAN 9.6 (30 June 2026),https://nordcan.iarc.fr/en/dataviz/trends?cancers=160&key=asr_n&populations=208_246_352_578_752&sexes=1_2&types=0_1&years=1960_2024,2026-07-30
352,Iceland,1,Male,1,Mortality,1968,160,Lung,C33-C34,15.99042589,22.33162578,30.25443169,25.78883841,15.72357947,16,101758,"per 100,000 person-years",Multiple rate definitions; see rate columns,NORDCAN 9.6 (30 June 2026),https://nordcan.iarc.fr/en/dataviz/trends?cancers=160&key=asr_n&populations=208_246_352_578_752&sexes=1_2&types=0_1&years=1960_2024,2026-07-30
352,Iceland,1,Male,1,Mortality,1969,160,Lung,C33-C34,11.61198803,17.29010571,27.15509816,22.79453222,12.67390054,13,102573,"per 100,000 person-years",Multiple rate definitions; see rate columns,NORDCAN 9.6 (30 June 2026),https://nordcan.iarc.fr/en/dataviz/trends?cancers=160&key=asr_n&populations=208_246_352_578_752&sexes=1_2&types=0_1&years=1960_2024,2026-07-30
352,Iceland,1,Male,1,Mortality,1970,160,Lung,C33-C34,17.25160534,23.03769191,29.45934593,24.84481577,16.47542255,17,103184,"per 100,000 person-years",Multiple rate definitions; see rate columns,NORDCAN 9.6 (30 June 2026),https://nordcan.iarc.fr/en/dataviz/trends?cancers=160&key=asr_n&populations=208_246_352_578_752&sexes=1_2&types=0_1&years=1960_2024,2026-07-30
352,Iceland,1,Male,1,Mortality,1971,160,Lung,C33-C34,9.01180451,12.48938285,15.17694314,13.63511418,8.637982167,9,104191,"per 100,000 person-years",Multiple rate definitions; see rate columns,NORDCAN 9.6 (30 June 2026),https://nordcan.iarc.fr/en/dataviz/trends?cancers=160&key=asr_n&populations=208_246_352_578_752&sexes=1_2&types=0_1&years=1960_2024,2026-07-30
352,Iceland,1,Male,1,Mortality,1972,160,Lung,C33-C34,21.37032438,30.80263948,46.11144203,38.78754799,22.69267499,24,105761,"per 100,000 person-years",Multiple rate definitions; see rate columns,NORDCAN 9.6 (30 June 2026),https://nordcan.iarc.fr/en/dataviz/trends?cancers=160&key=asr_n&populations=208_246_352_578_752&sexes=1_2&types=0_1&years=1960_2024,2026-07-30
352,Iceland,1,Male,1,Mortality,1973,160,Lung,C33-C34,14.16036004,19.57214254,25.922722919999998,22.11676678,13.97819402,15,107310,"per 100,000 person-years",Multiple rate definitions; see rate columns,NORDCAN 9.6 (30 June 2026),https://nordcan.iarc.fr/en/dataviz/trends?cancers=160&key=asr_n&populations=208_246_352_578_752&sexes=1_2&types=0_1&years=1960_2024,2026-07-30
352,Iceland,1,Male,1,Mortality,1974,160,Lung,C33-C34,14.13568701,21.24753985,29.54148695,26.68040554,15.62040576,17,108832,"per 100,000 person-years",Multiple rate definitions; see rate columns,NORDCAN 9.6 (30 June 2026),https://nordcan.iarc.fr/en/dataviz/trends?cancers=160&key=asr_n&populations=208_246_352_578_752&sexes=1_2&types=0_1&years=1960_2024,2026-07-30
352,Iceland,1,Male,1,Mortality,1975,160,Lung,C33-C34,19.49872632,28.89165292,40.6724621,34.70472858,20.87815328,23,110163,"per 100,000 person-years",Multiple rate definitions; see rate columns,NORDCAN 9.6 (30 June 2026),https://nordcan.iarc.fr/en/dataviz/trends?cancers=160&key=asr_n&populations=208_246_352_578_752&sexes=1_2&types=0_1&years=1960_2024,2026-07-30
352,Iceland,1,Male,1,Mortality,1976,160,Lung,C33-C34,16.0573085,23.61595114,32.87476936,28.73317974,17.09232555,19,111161,"per 100,000 person-years",Multiple rate definitions; see rate columns,NORDCAN 9.6 (30 June 2026),https://nordcan.iarc.fr/en/dataviz/trends?cancers=160&key=asr_n&populations=208_246_352_578_752&sexes=1_2&types=0_1&years=1960_2024,2026-07-30
352,Iceland,1,Male,1,Mortality,1977,160,Lung,C33-C34,23.44900845,33.71969185,49.52527929,42.10642759,25.00915514,28,111959,"per 100,000 person-years",Multiple rate definitions; see rate columns,NORDCAN 9.6 (30 June 2026),https://nordcan.iarc.fr/en/dataviz/trends?cancers=160&key=asr_n&populations=208_246_352_578_752&sexes=1_2&types=0_1&years=1960_2024,2026-07-30
352,Iceland,1,Male,1,Mortality,1978,160,Lung,C33-C34,20.91291113,30.12031473,43.10421738,35.6753305,22.1654786,25,112788,"per 100,000 person-years",Multiple rate definitions; see rate columns,NORDCAN 9.6 (30 June 2026),https://nordcan.iarc.fr/en/dataviz/trends?cancers=160&key=asr_n&populations=208_246_352_578_752&sexes=1_2&types=0_1&years=1960_2024,2026-07-30
352,Iceland,1,Male,1,Mortality,1979,160,Lung,C33-C34,24.79841384,34.72634801,46.21616508,39.36860855,25.47278365,29,113847,"per 100,000 person-years",Multiple rate definitions; see rate columns,NORDCAN 9.6 (30 June 2026),https://nordcan.iarc.fr/en/dataviz/trends?cancers=160&key=asr_n&populations=208_246_352_578_752&sexes=1_2&types=0_1&years=1960_2024,2026-07-30
352,Iceland,1,Male,1,Mortality,1980,160,Lung,C33-C34,15.28061836,23.96318811,39.41174266,34.0684387,19.12527927,22,115031,"per 100,000 person-years",Multiple rate definitions; see rate columns,NORDCAN 9.6 (30 June 2026),https://nordcan.iarc.fr/en/dataviz/trends?cancers=160&key=asr_n&populations=208_246_352_578_752&sexes=1_2&types=0_1&years=1960_2024,2026-07-30
352,Iceland,1,Male,1,Mortality,1981,160,Lung,C33-C34,33.5607681,46.19788219,63.12601199,52.87753417,34.38966934,40,116314,"per 100,000 person-years",Multiple rate definitions; see rate columns,NORDCAN 9.6 (30 June 2026),https://nordcan.iarc.fr/en/dataviz/trends?cancers=160&key=asr_n&populations=208_246_352_578_752&sexes=1_2&types=0_1&years=1960_2024,2026-07-30
352,Iceland,1,Male,1,Mortality,1982,160,Lung,C33-C34,29.85579043,42.76774443,59.70824424,51.11860921,32.22933718,38,117905,"per 100,000 person-years",Multiple rate definitions; see rate columns,NORDCAN 9.6 (30 June 2026),https://nordcan.iarc.fr/en/dataviz/trends?cancers=160&key=asr_n&populations=208_246_352_578_752&sexes=1_2&types=0_1&years=1960_2024,2026-07-30
352,Iceland,1,Male,1,Mortality,1983,160,Lung,C33-C34,27.45199482,39.01295927,55.23665565,46.21747001,29.3255132,35,119350,"per 100,000 person-years",Multiple rate definitions; see rate columns,NORDCAN 9.6 (30 June 2026),https://nordcan.iarc.fr/en/dataviz/trends?cancers=160&key=asr_n&populations=208_246_352_578_752&sexes=1_2&types=0_1&years=1960_2024,2026-07-30
352,Iceland,1,Male,1,Mortality,1984,160,Lung,C33-C34,20.39166213,29.78748321,45.57408776,38.87234739,23.23979317,28,120483,"per 100,000 person-years",Multiple rate definitions; see rate columns,NORDCAN 9.6 (30 June 2026),https://nordcan.iarc.fr/en/dataviz/trends?cancers=160&key=asr_n&populations=208_246_352_578_752&sexes=1_2&types=0_1&years=1960_2024,2026-07-30
352,Iceland,1,Male,1,Mortality,1985,160,Lung,C33-C34,33.99649465,48.17874351,69.45814972,57.24046656,37.07945716,45,121361,"per 100,000 person-years",Multiple rate definitions; see rate columns,NORDCAN 9.6 (30 June 2026),https://nordcan.iarc.fr/en/dataviz/trends?cancers=160&key=asr_n&populations=208_246_352_578_752&sexes=1_2&types=0_1&years=1960_2024,2026-07-30
352,Iceland,1,Male,1,Mortality,1986,160,Lung,C33-C34,24.15945806,35.34253151,54.38165964,44.00394221,27.82392366,34,122197,"per 100,000 person-years",Multiple rate definitions; see rate columns,NORDCAN 9.6 (30 June 2026),https://nordcan.iarc.fr/en/dataviz/trends?cancers=160&key=asr_n&populations=208_246_352_578_752&sexes=1_2&types=0_1&years=1960_2024,2026-07-30
352,Iceland,1,Male,1,Mortality,1987,160,Lung,C33-C34,27.43518637,42.84346023,68.80425609,59.80950187,34.80654039,43,123540,"per 100,000 person-years",Multiple rate definitions; see rate columns,NORDCAN 9.6 (30 June 2026),https://nordcan.iarc.fr/en/dataviz/trends?cancers=160&key=asr_n&populations=208_246_352_578_752&sexes=1_2&types=0_1&years=1960_2024,2026-07-30
352,Iceland,1,Male,1,Mortality,1988,160,Lung,C33-C34,30.39977262,43.51363657,62.94553861,52.25357638,35.05445391,44,125519,"per 100,000 person-years",Multiple rate definitions; see rate columns,NORDCAN 9.6 (30 June 2026),https://nordcan.iarc.fr/en/dataviz/trends?cancers=160&key=asr_n&populations=208_246_352_578_752&sexes=1_2&types=0_1&years=1960_2024,2026-07-30
352,Iceland,1,Male,1,Mortality,1989,160,Lung,C33-C34,26.55644261,40.620475,64.56653501,55.74155235,33.0964051,42,126902,"per 100,000 person-years",Multiple rate definitions; see rate columns,NORDCAN 9.6 (30 June 2026),https://nordcan.iarc.fr/en/dataviz/trends?cancers=160&key=asr_n&populations=208_246_352_578_752&sexes=1_2&types=0_1&years=1960_2024,2026-07-30
352,Iceland,1,Male,1,Mortality,1990,160,Lung,C33-C34,30.40206217,45.41694593,69.83697184,57.86539158,36.74947026,47,127893,"per 100,000 person-years",Multiple rate definitions; see rate columns,NORDCAN 9.6 (30 June 2026),https://nordcan.iarc.fr/en/dataviz/trends?cancers=160&key=asr_n&populations=208_246_352_578_752&sexes=1_2&types=0_1&years=1960_2024,2026-07-30
352,Iceland,1,Male,1,Mortality,1991,160,Lung,C33-C34,35.45116315,54.06034017,90.69027735,75.03887097,45.59822553,59,129391,"per 100,000 person-years",Multiple rate definitions; see rate columns,NORDCAN 9.6 (30 June 2026),https://nordcan.iarc.fr/en/dataviz/trends?cancers=160&key=asr_n&populations=208_246_352_578_752&sexes=1_2&types=0_1&years=1960_2024,2026-07-30
352,Iceland,1,Male,1,Mortality,1992,160,Lung,C33-C34,30.21802945,44.33442455,66.15080857,54.89319787,35.89457686,47,130939,"per 100,000 person-years",Multiple rate definitions; see rate columns,NORDCAN 9.6 (30 June 2026),https://nordcan.iarc.fr/en/dataviz/trends?cancers=160&key=asr_n&populations=208_246_352_578_752&sexes=1_2&types=0_1&years=1960_2024,2026-07-30
352,Iceland,1,Male,1,Mortality,1993,160,Lung,C33-C34,31.21973445,45.94946439,70.88981898,58.48721945,38.50625915,51,132446,"per 100,000 person-years",Multiple rate definitions; see rate columns,NORDCAN 9.6 (30 June 2026),https://nordcan.iarc.fr/en/dataviz/trends?cancers=160&key=asr_n&populations=208_246_352_578_752&sexes=1_2&types=0_1&years=1960_2024,2026-07-30
352,Iceland,1,Male,1,Mortality,1994,160,Lung,C33-C34,24.50441081,39.02581671,67.58959582,58.16490068,34.48275862,46,133400,"per 100,000 person-years",Multiple rate definitions; see rate columns,NORDCAN 9.6 (30 June 2026),https://nordcan.iarc.fr/en/dataviz/trends?cancers=160&key=asr_n&populations=208_246_352_578_752&sexes=1_2&types=0_1&years=1960_2024,2026-07-30
352,Iceland,1,Male,1,Mortality,1995,160,Lung,C33-C34,30.00100355,44.74495569,66.83147516,56.22287319,37.30452429,50,134032,"per 100,000 person-years",Multiple rate definitions; see rate columns,NORDCAN 9.6 (30 June 2026),https://nordcan.iarc.fr/en/dataviz/trends?cancers=160&key=asr_n&populations=208_246_352_578_752&sexes=1_2&types=0_1&years=1960_2024,2026-07-30
352,Iceland,1,Male,1,Mortality,1996,160,Lung,C33-C34,35.66427417,53.58484617,84.46505512,71.55575277,46.74492113,63,134774,"per 100,000 person-years",Multiple rate definitions; see rate columns,NORDCAN 9.6 (30 June 2026),https://nordcan.iarc.fr/en/dataviz/trends?cancers=160&key=asr_n&populations=208_246_352_578_752&sexes=1_2&types=0_1&years=1960_2024,2026-07-30
352,Iceland,1,Male,1,Mortality,1997,160,Lung,C33-C34,38.06766369,56.99926831,92.04384445,76.28377696,50.81974458,69,135774,"per 100,000 person-years",Multiple rate definitions; see rate columns,NORDCAN 9.6 (30 June 2026),https://nordcan.iarc.fr/en/dataviz/trends?cancers=160&key=asr_n&populations=208_246_352_578_752&sexes=1_2&types=0_1&years=1960_2024,2026-07-30
352,Iceland,1,Male,1,Mortality,1998,160,Lung,C33-C34,29.63705957,45.8760994,72.70221294,61.99252095,40.79699851,56,137265,"per 100,000 person-years",Multiple rate definitions; see rate columns,NORDCAN 9.6 (30 June 2026),https://nordcan.iarc.fr/en/dataviz/trends?cancers=160&key=asr_n&populations=208_246_352_578_752&sexes=1_2&types=0_1&years=1960_2024,2026-07-30
352,Iceland,1,Male,1,Mortality,1999,160,Lung,C33-C34,32.87242962,49.9859873,79.60201911,66.54225437,43.9242343,61,138875.5,"per 100,000 person-years",Multiple rate definitions; see rate columns,NORDCAN 9.6 (30 June 2026),https://nordcan.iarc.fr/en/dataviz/trends?cancers=160&key=asr_n&populations=208_246_352_578_752&sexes=1_2&types=0_1&years=1960_2024,2026-07-30
352,Iceland,1,Male,1,Mortality,2000,160,Lung,C33-C34,26.24135147,39.89450451,65.06353659,54.69430925,36.94034489,52,140767.5,"per 100,000 person-years",Multiple rate definitions; see rate columns,NORDCAN 9.6 (30 June 2026),https://nordcan.iarc.fr/en/dataviz/trends?cancers=160&key=asr_n&populations=208_246_352_578_752&sexes=1_2&types=0_1&years=1960_2024,2026-07-30
352,Iceland,1,Male,1,Mortality,2001,160,Lung,C33-C34,30.45873188,45.0377168,70.03530945,58.26882877,39.95513809,57,142660,"per 100,000 person-years",Multiple rate definitions; see rate columns,NORDCAN 9.6 (30 June 2026),https://nordcan.iarc.fr/en/dataviz/trends?cancers=160&key=asr_n&populations=208_246_352_578_752&sexes=1_2&types=0_1&years=1960_2024,2026-07-30
352,Iceland,1,Male,1,Mortality,2002,160,Lung,C33-C34,24.98368855,37.40800629,59.49646809,49.68373005,34.75395934,50,143868.5,"per 100,000 person-years",Multiple rate definitions; see rate columns,NORDCAN 9.6 (30 June 2026),https://nordcan.iarc.fr/en/dataviz/trends?cancers=160&key=asr_n&populations=208_246_352_578_752&sexes=1_2&types=0_1&years=1960_2024,2026-07-30
352,Iceland,1,Male,1,Mortality,2003,160,Lung,C33-C34,25.88600751,40.63519997,68.78310491,59.11997168,40.04308083,58,144844,"per 100,000 person-years",Multiple rate definitions; see rate columns,NORDCAN 9.6 (30 June 2026),https://nordcan.iarc.fr/en/dataviz/trends?cancers=160&key=asr_n&populations=208_246_352_578_752&sexes=1_2&types=0_1&years=1960_2024,2026-07-30
352,Iceland,1,Male,1,Mortality,2004,160,Lung,C33-C34,23.67252948,37.32549216,62.56950267,53.42745892,37.59771132,55,146285.5,"per 100,000 person-years",Multiple rate definitions; see rate columns,NORDCAN 9.6 (30 June 2026),https://nordcan.iarc.fr/en/dataviz/trends?cancers=160&key=asr_n&populations=208_246_352_578_752&sexes=1_2&types=0_1&years=1960_2024,2026-07-30
352,Iceland,1,Male,1,Mortality,2005,160,Lung,C33-C34,34.02373567,51.01101097,81.14868806,67.98153714,48.93220543,73,149186,"per 100,000 person-years",Multiple rate definitions; see rate columns,NORDCAN 9.6 (30 June 2026),https://nordcan.iarc.fr/en/dataviz/trends?cancers=160&key=asr_n&populations=208_246_352_578_752&sexes=1_2&types=0_1&years=1960_2024,2026-07-30
352,Iceland,1,Male,1,Mortality,2006,160,Lung,C33-C34,28.01664149,41.03780542,63.46195481,52.50688595,38.3393225,59,153889,"per 100,000 person-years",Multiple rate definitions; see rate columns,NORDCAN 9.6 (30 June 2026),https://nordcan.iarc.fr/en/dataviz/trends?cancers=160&key=asr_n&populations=208_246_352_578_752&sexes=1_2&types=0_1&years=1960_2024,2026-07-30
352,Iceland,1,Male,1,Mortality,2007,160,Lung,C33-C34,30.98054088,47.73511054,80.2743296,67.45659114,46.61828445,74,158736,"per 100,000 person-years",Multiple rate definitions; see rate columns,NORDCAN 9.6 (30 June 2026),https://nordcan.iarc.fr/en/dataviz/trends?cancers=160&key=asr_n&populations=208_246_352_578_752&sexes=1_2&types=0_1&years=1960_2024,2026-07-30
352,Iceland,1,Male,1,Mortality,2008,160,Lung,C33-C34,24.28309177,38.36079557,67.34157596,56.78492033,38.39437213,62,161482,"per 100,000 person-years",Multiple rate definitions; see rate columns,NORDCAN 9.6 (30 June 2026),https://nordcan.iarc.fr/en/dataviz/trends?cancers=160&key=asr_n&populations=208_246_352_578_752&sexes=1_2&types=0_1&years=1960_2024,2026-07-30
352,Iceland,1,Male,1,Mortality,2009,160,Lung,C33-C34,24.34608509,38.45442689,63.04841825,54.11844727,39.1299487,63,161002,"per 100,000 person-years",Multiple rate definitions; see rate columns,NORDCAN 9.6 (30 June 2026),https://nordcan.iarc.fr/en/dataviz/trends?cancers=160&key=asr_n&populations=208_246_352_578_752&sexes=1_2&types=0_1&years=1960_2024,2026-07-30
352,Iceland,1,Male,1,Mortality,2010,160,Lung,C33-C34,27.37947254,42.79863291,73.96894724,61.55201291,44.93770432,71,157996.5,"per 100,000 person-years",Multiple rate definitions; see rate columns,NORDCAN 9.6 (30 June 2026),https://nordcan.iarc.fr/en/dataviz/trends?cancers=160&key=asr_n&populations=208_246_352_578_752&sexes=1_2&types=0_1&years=1960_2024,2026-07-30
352,Iceland,1,Male,1,Mortality,2011,160,Lung,C33-C34,26.25581082,42.00600119,73.50753729,61.30164683,46.06643804,72,156296,"per 100,000 person-years",Multiple rate definitions; see rate columns,NORDCAN 9.6 (30 June 2026),https://nordcan.iarc.fr/en/dataviz/trends?cancers=160&key=asr_n&populations=208_246_352_578_752&sexes=1_2&types=0_1&years=1960_2024,2026-07-30
352,Iceland,1,Male,1,Mortality,2012,160,Lung,C33-C34,24.43121986,38.49441274,67.48533798,56.1770434,42.62018734,67,157202.5,"per 100,000 person-years",Multiple rate definitions; see rate columns,NORDCAN 9.6 (30 June 2026),https://nordcan.iarc.fr/en/dataviz/trends?cancers=160&key=asr_n&populations=208_246_352_578_752&sexes=1_2&types=0_1&years=1960_2024,2026-07-30
352,Iceland,1,Male,1,Mortality,2013,160,Lung,C33-C34,23.7016023,36.67631134,61.6736539,51.48354782,41.55739486,66,158816.5,"per 100,000 person-years",Multiple rate definitions; see rate columns,NORDCAN 9.6 (30 June 2026),https://nordcan.iarc.fr/en/dataviz/trends?cancers=160&key=asr_n&populations=208_246_352_578_752&sexes=1_2&types=0_1&years=1960_2024,2026-07-30
352,Iceland,1,Male,1,Mortality,2014,160,Lung,C33-C34,22.35391723,36.42369508,62.4343329,53.3696103,41.70829715,67,160639.5,"per 100,000 person-years",Multiple rate definitions; see rate columns,NORDCAN 9.6 (30 June 2026),https://nordcan.iarc.fr/en/dataviz/trends?cancers=160&key=asr_n&populations=208_246_352_578_752&sexes=1_2&types=0_1&years=1960_2024,2026-07-30
352,Iceland,1,Male,1,Mortality,2015,160,Lung,C33-C34,15.88562855,25.25665656,44.58999098,36.94343664,29.55328365,48,162418.5,"per 100,000 person-years",Multiple rate definitions; see rate columns,NORDCAN 9.6 (30 June 2026),https://nordcan.iarc.fr/en/dataviz/trends?cancers=160&key=asr_n&populations=208_246_352_578_752&sexes=1_2&types=0_1&years=1960_2024,2026-07-30
352,Iceland,1,Male,1,Mortality,2016,160,Lung,C33-C34,23.22549694,36.54218823,63.11813364,53.09079793,44.13035987,73,165419,"per 100,000 person-years",Multiple rate definitions; see rate columns,NORDCAN 9.6 (30 June 2026),https://nordcan.iarc.fr/en/dataviz/trends?cancers=160&key=asr_n&populations=208_246_352_578_752&sexes=1_2&types=0_1&years=1960_2024,2026-07-30
352,Iceland,1,Male,1,Mortality,2017,160,Lung,C33-C34,21.91367669,33.28280035,52.44567905,43.78966956,38.09847577,65,170610.5,"per 100,000 person-years",Multiple rate definitions; see rate columns,NORDCAN 9.6 (30 June 2026),https://nordcan.iarc.fr/en/dataviz/trends?cancers=160&key=asr_n&populations=208_246_352_578_752&sexes=1_2&types=0_1&years=1960_2024,2026-07-30
352,Iceland,1,Male,1,Mortality,2018,160,Lung,C33-C34,19.0082751,29.95849021,51.30804468,42.83442321,35.83026691,63,175829,"per 100,000 person-years",Multiple rate definitions; see rate columns,NORDCAN 9.6 (30 June 2026),https://nordcan.iarc.fr/en/dataviz/trends?cancers=160&key=asr_n&populations=208_246_352_578_752&sexes=1_2&types=0_1&years=1960_2024,2026-07-30
352,Iceland,1,Male,1,Mortality,2019,160,Lung,C33-C34,14.72183851,23.15610709,41.6451984,33.86286255,29.03462658,52,179096.5,"per 100,000 person-years",Multiple rate definitions; see rate columns,NORDCAN 9.6 (30 June 2026),https://nordcan.iarc.fr/en/dataviz/trends?cancers=160&key=asr_n&populations=208_246_352_578_752&sexes=1_2&types=0_1&years=1960_2024,2026-07-30
352,Iceland,1,Male,1,Mortality,2020,160,Lung,C33-C34,14.20746992,23.41897131,44.15480958,36.60493293,30.35428975,55,181193.5,"per 100,000 person-years",Multiple rate definitions; see rate columns,NORDCAN 9.6 (30 June 2026),https://nordcan.iarc.fr/en/dataviz/trends?cancers=160&key=asr_n&populations=208_246_352_578_752&sexes=1_2&types=0_1&years=1960_2024,2026-07-30
352,Iceland,1,Male,1,Mortality,2021,160,Lung,C33-C34,18.00406553,27.95092148,47.741178,39.17979888,34.79187392,64,183951,"per 100,000 person-years",Multiple rate definitions; see rate columns,NORDCAN 9.6 (30 June 2026),https://nordcan.iarc.fr/en/dataviz/trends?cancers=160&key=asr_n&populations=208_246_352_578_752&sexes=1_2&types=0_1&years=1960_2024,2026-07-30
352,Iceland,1,Male,1,Mortality,2022,160,Lung,C33-C34,17.10266629,26.61154174,47.53270359,38.62867513,34.4378159,65,188746,"per 100,000 person-years",Multiple rate definitions; see rate columns,NORDCAN 9.6 (30 June 2026),https://nordcan.iarc.fr/en/dataviz/trends?cancers=160&key=asr_n&populations=208_246_352_578_752&sexes=1_2&types=0_1&years=1960_2024,2026-07-30
352,Iceland,1,Male,1,Mortality,2023,160,Lung,C33-C34,11.48785089,18.07914014,32.25913974,26.49181119,23.69363105,46,194145,"per 100,000 person-years",Multiple rate definitions; see rate columns,NORDCAN 9.6 (30 June 2026),https://nordcan.iarc.fr/en/dataviz/trends?cancers=160&key=asr_n&populations=208_246_352_578_752&sexes=1_2&types=0_1&years=1960_2024,2026-07-30
352,Iceland,1,Male,1,Mortality,2024,160,Lung,C33-C34,17.47868738,27.0347131,46.36690487,38.43808017,34.83317936,69,198087,"per 100,000 person-years",Multiple rate definitions; see rate columns,NORDCAN 9.6 (30 June 2026),https://nordcan.iarc.fr/en/dataviz/trends?cancers=160&key=asr_n&populations=208_246_352_578_752&sexes=1_2&types=0_1&years=1960_2024,2026-07-30
578,Norway,1,Male,1,Mortality,1961,160,Lung,C33-C34,11.76488382,16.42526399,21.97136592,18.69831626,15.45584743,278,1798672,"per 100,000 person-years",Multiple rate definitions; see rate columns,NORDCAN 9.6 (30 June 2026),https://nordcan.iarc.fr/en/dataviz/trends?cancers=160&key=asr_n&populations=208_246_352_578_752&sexes=1_2&types=0_1&years=1960_2024,2026-07-30
578,Norway,1,Male,1,Mortality,1962,160,Lung,C33-C34,12.03689551,16.99412705,23.79034883,20.12164499,16.04921317,291,1813173,"per 100,000 person-years",Multiple rate definitions; see rate columns,NORDCAN 9.6 (30 June 2026),https://nordcan.iarc.fr/en/dataviz/trends?cancers=160&key=asr_n&populations=208_246_352_578_752&sexes=1_2&types=0_1&years=1960_2024,2026-07-30
578,Norway,1,Male,1,Mortality,1963,160,Lung,C33-C34,13.08311896,18.68761348,25.54987665,21.78707002,17.84454337,326,1826889,"per 100,000 person-years",Multiple rate definitions; see rate columns,NORDCAN 9.6 (30 June 2026),https://nordcan.iarc.fr/en/dataviz/trends?cancers=160&key=asr_n&populations=208_246_352_578_752&sexes=1_2&types=0_1&years=1960_2024,2026-07-30
578,Norway,1,Male,1,Mortality,1964,160,Lung,C33-C34,14.18397893,19.86959967,27.07388082,22.90391905,19.28483153,355,1840825,"per 100,000 person-years",Multiple rate definitions; see rate columns,NORDCAN 9.6 (30 June 2026),https://nordcan.iarc.fr/en/dataviz/trends?cancers=160&key=asr_n&populations=208_246_352_578_752&sexes=1_2&types=0_1&years=1960_2024,2026-07-30
578,Norway,1,Male,1,Mortality,1965,160,Lung,C33-C34,14.34924666,20.0937014,27.39426659,23.22730338,19.67466195,365,1855178,"per 100,000 person-years",Multiple rate definitions; see rate columns,NORDCAN 9.6 (30 June 2026),https://nordcan.iarc.fr/en/dataviz/trends?cancers=160&key=asr_n&populations=208_246_352_578_752&sexes=1_2&types=0_1&years=1960_2024,2026-07-30
578,Norway,1,Male,1,Mortality,1966,160,Lung,C33-C34,14.2087237,20.19896833,28.532604890000002,23.98808536,19.95657172,373,1869058.5,"per 100,000 person-years",Multiple rate definitions; see rate columns,NORDCAN 9.6 (30 June 2026),https://nordcan.iarc.fr/en/dataviz/trends?cancers=160&key=asr_n&populations=208_246_352_578_752&sexes=1_2&types=0_1&years=1960_2024,2026-07-30
578,Norway,1,Male,1,Mortality,1967,160,Lung,C33-C34,16.28346641,23.02066395,32.3766351,27.20665695,22.60757104,426,1884324.5,"per 100,000 person-years",Multiple rate definitions; see rate columns,NORDCAN 9.6 (30 June 2026),https://nordcan.iarc.fr/en/dataviz/trends?cancers=160&key=asr_n&populations=208_246_352_578_752&sexes=1_2&types=0_1&years=1960_2024,2026-07-30
578,Norway,1,Male,1,Mortality,1968,160,Lung,C33-C34,18.09847545,25.94147625,36.56713744,30.91706783,25.88449203,492,1900752,"per 100,000 person-years",Multiple rate definitions; see rate columns,NORDCAN 9.6 (30 June 2026),https://nordcan.iarc.fr/en/dataviz/trends?cancers=160&key=asr_n&populations=208_246_352_578_752&sexes=1_2&types=0_1&years=1960_2024,2026-07-30
578,Norway,1,Male,1,Mortality,1969,160,Lung,C33-C34,18.39423291,26.00822388,36.29688702,30.61153265,25.9909371,498,1916052.5,"per 100,000 person-years",Multiple rate definitions; see rate columns,NORDCAN 9.6 (30 June 2026),https://nordcan.iarc.fr/en/dataviz/trends?cancers=160&key=asr_n&populations=208_246_352_578_752&sexes=1_2&types=0_1&years=1960_2024,2026-07-30
578,Norway,1,Male,1,Mortality,1970,160,Lung,C33-C34,19.35527081,27.54193675,39.28182586,32.89476622,27.89609276,538,1928585.5,"per 100,000 person-years",Multiple rate definitions; see rate columns,NORDCAN 9.6 (30 June 2026),https://nordcan.iarc.fr/en/dataviz/trends?cancers=160&key=asr_n&populations=208_246_352_578_752&sexes=1_2&types=0_1&years=1960_2024,2026-07-30
578,Norway,1,Male,1,Mortality,1971,160,Lung,C33-C34,19.41617055,27.8593195,39.78542982,33.65089565,28.2838139,549,1941039.5,"per 100,000 person-years",Multiple rate definitions; see rate columns,NORDCAN 9.6 (30 June 2026),https://nordcan.iarc.fr/en/dataviz/trends?cancers=160&key=asr_n&populations=208_246_352_578_752&sexes=1_2&types=0_1&years=1960_2024,2026-07-30
578,Norway,1,Male,1,Mortality,1972,160,Lung,C33-C34,19.41021901,27.88669125,39.83876791,33.68482438,28.3278659,554,1955671.5,"per 100,000 person-years",Multiple rate definitions; see rate columns,NORDCAN 9.6 (30 June 2026),https://nordcan.iarc.fr/en/dataviz/trends?cancers=160&key=asr_n&populations=208_246_352_578_752&sexes=1_2&types=0_1&years=1960_2024,2026-07-30
578,Norway,1,Male,1,Mortality,1973,160,Lung,C33-C34,20.24483949,29.3286224,43.2429272,36.28665933,30.07002455,592,1968738,"per 100,000 person-years",Multiple rate definitions; see rate columns,NORDCAN 9.6 (30 June 2026),https://nordcan.iarc.fr/en/dataviz/trends?cancers=160&key=asr_n&populations=208_246_352_578_752&sexes=1_2&types=0_1&years=1960_2024,2026-07-30
578,Norway,1,Male,1,Mortality,1974,160,Lung,C33-C34,19.77120917,28.34195883,39.81852151,33.66617799,29.08556205,576,1980364,"per 100,000 person-years",Multiple rate definitions; see rate columns,NORDCAN 9.6 (30 June 2026),https://nordcan.iarc.fr/en/dataviz/trends?cancers=160&key=asr_n&populations=208_246_352_578_752&sexes=1_2&types=0_1&years=1960_2024,2026-07-30
578,Norway,1,Male,1,Mortality,1975,160,Lung,C33-C34,22.79850554,33.08323626,48.22635809,40.7180613,34.31227131,683,1990541.5,"per 100,000 person-years",Multiple rate definitions; see rate columns,NORDCAN 9.6 (30 June 2026),https://nordcan.iarc.fr/en/dataviz/trends?cancers=160&key=asr_n&populations=208_246_352_578_752&sexes=1_2&types=0_1&years=1960_2024,2026-07-30
578,Norway,1,Male,1,Mortality,1976,160,Lung,C33-C34,23.23202459,33.80437385,49.22383631,41.51934065,35.11774324,702,1998989.5,"per 100,000 person-years",Multiple rate definitions; see rate columns,NORDCAN 9.6 (30 June 2026),https://nordcan.iarc.fr/en/dataviz/trends?cancers=160&key=asr_n&populations=208_246_352_578_752&sexes=1_2&types=0_1&years=1960_2024,2026-07-30
578,Norway,1,Male,1,Mortality,1977,160,Lung,C33-C34,24.03583721,35.44598273,53.3544795,45.08792687,37.22882947,747,2006509.5,"per 100,000 person-years",Multiple rate definitions; see rate columns,NORDCAN 9.6 (30 June 2026),https://nordcan.iarc.fr/en/dataviz/trends?cancers=160&key=asr_n&populations=208_246_352_578_752&sexes=1_2&types=0_1&years=1960_2024,2026-07-30
578,Norway,1,Male,1,Mortality,1978,160,Lung,C33-C34,24.82613795,36.16672884,53.31002262,44.84493961,38.39783184,773,2013134.5,"per 100,000 person-years",Multiple rate definitions; see rate columns,NORDCAN 9.6 (30 June 2026),https://nordcan.iarc.fr/en/dataviz/trends?cancers=160&key=asr_n&populations=208_246_352_578_752&sexes=1_2&types=0_1&years=1960_2024,2026-07-30
578,Norway,1,Male,1,Mortality,1979,160,Lung,C33-C34,24.59224598,35.96493936,52.69476407,44.6844199,38.08606857,769,2019111,"per 100,000 person-years",Multiple rate definitions; see rate columns,NORDCAN 9.6 (30 June 2026),https://nordcan.iarc.fr/en/dataviz/trends?cancers=160&key=asr_n&populations=208_246_352_578_752&sexes=1_2&types=0_1&years=1960_2024,2026-07-30
578,Norway,1,Male,1,Mortality,1980,160,Lung,C33-C34,24.19368895,35.48804918,52.95974376,44.58720116,38.32628709,776,2024720,"per 100,000 person-years",Multiple rate definitions; see rate columns,NORDCAN 9.6 (30 June 2026),https://nordcan.iarc.fr/en/dataviz/trends?cancers=160&key=asr_n&populations=208_246_352_578_752&sexes=1_2&types=0_1&years=1960_2024,2026-07-30
578,Norway,1,Male,1,Mortality,1981,160,Lung,C33-C34,29.45573952,43.09274833,64.1950391,53.91997613,46.44058523,943,2030551.5,"per 100,000 person-years",Multiple rate definitions; see rate columns,NORDCAN 9.6 (30 June 2026),https://nordcan.iarc.fr/en/dataviz/trends?cancers=160&key=asr_n&populations=208_246_352_578_752&sexes=1_2&types=0_1&years=1960_2024,2026-07-30
578,Norway,1,Male,1,Mortality,1982,160,Lung,C33-C34,28.84304065,42.10676635,61.99756566,52.59850219,45.06628499,918,2036999.5,"per 100,000 person-years",Multiple rate definitions; see rate columns,NORDCAN 9.6 (30 June 2026),https://nordcan.iarc.fr/en/dataviz/trends?cancers=160&key=asr_n&populations=208_246_352_578_752&sexes=1_2&types=0_1&years=1960_2024,2026-07-30
578,Norway,1,Male,1,Mortality,1983,160,Lung,C33-C34,27.41546934,40.44252582,61.21590262,51.68542534,43.80817891,895,2042997.5,"per 100,000 person-years",Multiple rate definitions; see rate columns,NORDCAN 9.6 (30 June 2026),https://nordcan.iarc.fr/en/dataviz/trends?cancers=160&key=asr_n&populations=208_246_352_578_752&sexes=1_2&types=0_1&years=1960_2024,2026-07-30
578,Norway,1,Male,1,Mortality,1984,160,Lung,C33-C34,28.80383983,42.34689309,63.72463782,53.81107433,46.00046245,942,2047805.5,"per 100,000 person-years",Multiple rate definitions; see rate columns,NORDCAN 9.6 (30 June 2026),https://nordcan.iarc.fr/en/dataviz/trends?cancers=160&key=asr_n&populations=208_246_352_578_752&sexes=1_2&types=0_1&years=1960_2024,2026-07-30
578,Norway,1,Male,1,Mortality,1985,160,Lung,C33-C34,29.33612813,43.24331345,65.2157989,54.9392407,47.7293144,980,2053245.5,"per 100,000 person-years",Multiple rate definitions; see rate columns,NORDCAN 9.6 (30 June 2026),https://nordcan.iarc.fr/en/dataviz/trends?cancers=160&key=asr_n&populations=208_246_352_578_752&sexes=1_2&types=0_1&years=1960_2024,2026-07-30
578,Norway,1,Male,1,Mortality,1986,160,Lung,C33-C34,30.60939699,45.12065641,68.55462981,57.42155015,49.41963484,1018,2059910,"per 100,000 person-years",Multiple rate definitions; see rate columns,NORDCAN 9.6 (30 June 2026),https://nordcan.iarc.fr/en/dataviz/trends?cancers=160&key=asr_n&populations=208_246_352_578_752&sexes=1_2&types=0_1&years=1960_2024,2026-07-30
578,Norway,1,Male,1,Mortality,1987,160,Lung,C33-C34,30.58402672,45.18949213,68.39530339,57.98082162,49.61862027,1027,2069787.5,"per 100,000 person-years",Multiple rate definitions; see rate columns,NORDCAN 9.6 (30 June 2026),https://nordcan.iarc.fr/en/dataviz/trends?cancers=160&key=asr_n&populations=208_246_352_578_752&sexes=1_2&types=0_1&years=1960_2024,2026-07-30
578,Norway,1,Male,1,Mortality,1988,160,Lung,C33-C34,30.90238933,45.57945158,68.90230397,58.001562560000004,49.94913833,1040,2082118,"per 100,000 person-years",Multiple rate definitions; see rate columns,NORDCAN 9.6 (30 June 2026),https://nordcan.iarc.fr/en/dataviz/trends?cancers=160&key=asr_n&populations=208_246_352_578_752&sexes=1_2&types=0_1&years=1960_2024,2026-07-30
578,Norway,1,Male,1,Mortality,1989,160,Lung,C33-C34,29.44431927,43.6631916,66.89401034,56.2977109,47.87913603,1001,2090681,"per 100,000 person-years",Multiple rate definitions; see rate columns,NORDCAN 9.6 (30 June 2026),https://nordcan.iarc.fr/en/dataviz/trends?cancers=160&key=asr_n&populations=208_246_352_578_752&sexes=1_2&types=0_1&years=1960_2024,2026-07-30
578,Norway,1,Male,1,Mortality,1990,160,Lung,C33-C34,30.08865136,44.45429813,68.34307184,57.3116464,49.11457859,1030,2097137,"per 100,000 person-years",Multiple rate definitions; see rate columns,NORDCAN 9.6 (30 June 2026),https://nordcan.iarc.fr/en/dataviz/trends?cancers=160&key=asr_n&populations=208_246_352_578_752&sexes=1_2&types=0_1&years=1960_2024,2026-07-30
578,Norway,1,Male,1,Mortality,1991,160,Lung,C33-C34,31.488761,46.72411526,71.60692334,60.32141098,51.30087584,1081,2107176.5,"per 100,000 person-years",Multiple rate definitions; see rate columns,NORDCAN 9.6 (30 June 2026),https://nordcan.iarc.fr/en/dataviz/trends?cancers=160&key=asr_n&populations=208_246_352_578_752&sexes=1_2&types=0_1&years=1960_2024,2026-07-30
578,Norway,1,Male,1,Mortality,1992,160,Lung,C33-C34,31.06764343,46.22854462,71.28508823,59.99325832,50.61584578,1073,2119889.5,"per 100,000 person-years",Multiple rate definitions; see rate columns,NORDCAN 9.6 (30 June 2026),https://nordcan.iarc.fr/en/dataviz/trends?cancers=160&key=asr_n&populations=208_246_352_578_752&sexes=1_2&types=0_1&years=1960_2024,2026-07-30
578,Norway,1,Male,1,Mortality,1993,160,Lung,C33-C34,31.99684706,47.42334993,73.49920911,61.41028007,52.05769775,1110,2132249.5,"per 100,000 person-years",Multiple rate definitions; see rate columns,NORDCAN 9.6 (30 June 2026),https://nordcan.iarc.fr/en/dataviz/trends?cancers=160&key=asr_n&populations=208_246_352_578_752&sexes=1_2&types=0_1&years=1960_2024,2026-07-30
578,Norway,1,Male,1,Mortality,1994,160,Lung,C33-C34,31.83079169,47.2201406,72.83200803,61.1495351,51.11587446,1096,2144148,"per 100,000 person-years",Multiple rate definitions; see rate columns,NORDCAN 9.6 (30 June 2026),https://nordcan.iarc.fr/en/dataviz/trends?cancers=160&key=asr_n&populations=208_246_352_578_752&sexes=1_2&types=0_1&years=1960_2024,2026-07-30
578,Norway,1,Male,1,Mortality,1995,160,Lung,C33-C34,31.44618785,46.81883761,72.7838524,60.79128419,51.07959579,1101,2155459.5,"per 100,000 person-years",Multiple rate definitions; see rate columns,NORDCAN 9.6 (30 June 2026),https://nordcan.iarc.fr/en/dataviz/trends?cancers=160&key=asr_n&populations=208_246_352_578_752&sexes=1_2&types=0_1&years=1960_2024,2026-07-30
578,Norway,1,Male,1,Mortality,1996,160,Lung,C33-C34,30.9114738,46.24660024,72.44374808,60.76004438,51.00573618,1105,2166423,"per 100,000 person-years",Multiple rate definitions; see rate columns,NORDCAN 9.6 (30 June 2026),https://nordcan.iarc.fr/en/dataviz/trends?cancers=160&key=asr_n&populations=208_246_352_578_752&sexes=1_2&types=0_1&years=1960_2024,2026-07-30
578,Norway,1,Male,1,Mortality,1997,160,Lung,C33-C34,31.31513241,46.68168347,72.58720052,61.21183755,51.04136784,1112,2178625,"per 100,000 person-years",Multiple rate definitions; see rate columns,NORDCAN 9.6 (30 June 2026),https://nordcan.iarc.fr/en/dataviz/trends?cancers=160&key=asr_n&populations=208_246_352_578_752&sexes=1_2&types=0_1&years=1960_2024,2026-07-30
578,Norway,1,Male,1,Mortality,1998,160,Lung,C33-C34,30.31880415,45.58491935,72.02005175,60.54384674,50.49416546,1107,2192332.5,"per 100,000 person-years",Multiple rate definitions; see rate columns,NORDCAN 9.6 (30 June 2026),https://nordcan.iarc.fr/en/dataviz/trends?cancers=160&key=asr_n&populations=208_246_352_578_752&sexes=1_2&types=0_1&years=1960_2024,2026-07-30
578,Norway,1,Male,1,Mortality,1999,160,Lung,C33-C34,31.92209915,47.74141804,75.29356582,63.05866328,52.39206928,1157,2208349.5,"per 100,000 person-years",Multiple rate definitions; see rate columns,NORDCAN 9.6 (30 June 2026),https://nordcan.iarc.fr/en/dataviz/trends?cancers=160&key=asr_n&populations=208_246_352_578_752&sexes=1_2&types=0_1&years=1960_2024,2026-07-30
578,Norway,1,Male,1,Mortality,2000,160,Lung,C33-C34,29.85103102,45.09033549,71.06728558,60.17162094,50.04000278,1113,2224220.5,"per 100,000 person-years",Multiple rate definitions; see rate columns,NORDCAN 9.6 (30 June 2026),https://nordcan.iarc.fr/en/dataviz/trends?cancers=160&key=asr_n&populations=208_246_352_578_752&sexes=1_2&types=0_1&years=1960_2024,2026-07-30
578,Norway,1,Male,1,Mortality,2001,160,Lung,C33-C34,30.00952394,45.51019191,72.9633717,61.53792672,50.96982385,1140,2236617.5,"per 100,000 person-years",Multiple rate definitions; see rate columns,NORDCAN 9.6 (30 June 2026),https://nordcan.iarc.fr/en/dataviz/trends?cancers=160&key=asr_n&populations=208_246_352_578_752&sexes=1_2&types=0_1&years=1960_2024,2026-07-30
578,Norway,1,Male,1,Mortality,2002,160,Lung,C33-C34,31.95064552,48.59040004,78.52291763,65.94813534,54.51262005,1226,2249020.5,"per 100,000 person-years",Multiple rate definitions; see rate columns,NORDCAN 9.6 (30 June 2026),https://nordcan.iarc.fr/en/dataviz/trends?cancers=160&key=asr_n&populations=208_246_352_578_752&sexes=1_2&types=0_1&years=1960_2024,2026-07-30
578,Norway,1,Male,1,Mortality,2003,160,Lung,C33-C34,30.61809067,46.77736686,76.24229403,64.03232631,53.03684558,1200,2262578,"per 100,000 person-years",Multiple rate definitions; see rate columns,NORDCAN 9.6 (30 June 2026),https://nordcan.iarc.fr/en/dataviz/trends?cancers=160&key=asr_n&populations=208_246_352_578_752&sexes=1_2&types=0_1&years=1960_2024,2026-07-30
578,Norway,1,Male,1,Mortality,2004,160,Lung,C33-C34,30.0181152,45.5895514,73.83862224,61.74494552,51.48119344,1172,2276559.5,"per 100,000 person-years",Multiple rate definitions; see rate columns,NORDCAN 9.6 (30 June 2026),https://nordcan.iarc.fr/en/dataviz/trends?cancers=160&key=asr_n&populations=208_246_352_578_752&sexes=1_2&types=0_1&years=1960_2024,2026-07-30
578,Norway,1,Male,1,Mortality,2005,160,Lung,C33-C34,28.81272692,44.46293363,73.76330691,62.02858471,51.72205891,1186,2293025.5,"per 100,000 person-years",Multiple rate definitions; see rate columns,NORDCAN 9.6 (30 June 2026),https://nordcan.iarc.fr/en/dataviz/trends?cancers=160&key=asr_n&populations=208_246_352_578_752&sexes=1_2&types=0_1&years=1960_2024,2026-07-30
578,Norway,1,Male,1,Mortality,2006,160,Lung,C33-C34,29.53786348,45.27108765,74.54830599,62.21155964,52.24979899,1209,2313884.5,"per 100,000 person-years",Multiple rate definitions; see rate columns,NORDCAN 9.6 (30 June 2026),https://nordcan.iarc.fr/en/dataviz/trends?cancers=160&key=asr_n&populations=208_246_352_578_752&sexes=1_2&types=0_1&years=1960_2024,2026-07-30
578,Norway,1,Male,1,Mortality,2007,160,Lung,C33-C34,29.11814094,44.69254708,73.4992731,61.59568154,52.20385199,1223,2342739,"per 100,000 person-years",Multiple rate definitions; see rate columns,NORDCAN 9.6 (30 June 2026),https://nordcan.iarc.fr/en/dataviz/trends?cancers=160&key=asr_n&populations=208_246_352_578_752&sexes=1_2&types=0_1&years=1960_2024,2026-07-30
578,Norway,1,Male,1,Mortality,2008,160,Lung,C33-C34,27.72648444,42.99433925,71.66966405,60.16554112,50.68623057,1205,2377371.5,"per 100,000 person-years",Multiple rate definitions; see rate columns,NORDCAN 9.6 (30 June 2026),https://nordcan.iarc.fr/en/dataviz/trends?cancers=160&key=asr_n&populations=208_246_352_578_752&sexes=1_2&types=0_1&years=1960_2024,2026-07-30
578,Norway,1,Male,1,Mortality,2009,160,Lung,C33-C34,27.84460519,42.69601006,70.32266143,59.18957331,50.64493483,1221,2410902.5,"per 100,000 person-years",Multiple rate definitions; see rate columns,NORDCAN 9.6 (30 June 2026),https://nordcan.iarc.fr/en/dataviz/trends?cancers=160&key=asr_n&populations=208_246_352_578_752&sexes=1_2&types=0_1&years=1960_2024,2026-07-30
578,Norway,1,Male,1,Mortality,2010,160,Lung,C33-C34,27.44650256,42.27367197,70.22659349,58.71218091,50.53604007,1235,2443800.5,"per 100,000 person-years",Multiple rate definitions; see rate columns,NORDCAN 9.6 (30 June 2026),https://nordcan.iarc.fr/en/dataviz/trends?cancers=160&key=asr_n&populations=208_246_352_578_752&sexes=1_2&types=0_1&years=1960_2024,2026-07-30
578,Norway,1,Male,1,Mortality,2011,160,Lung,C33-C34,26.76647017,41.69331777,70.73573233,59.53141494,50.97061931,1264,2479860,"per 100,000 person-years",Multiple rate definitions; see rate columns,NORDCAN 9.6 (30 June 2026),https://nordcan.iarc.fr/en/dataviz/trends?cancers=160&key=asr_n&populations=208_246_352_578_752&sexes=1_2&types=0_1&years=1960_2024,2026-07-30
578,Norway,1,Male,1,Mortality,2012,160,Lung,C33-C34,25.6978272,40.08169847,67.97657103,57.27262405,49.25737555,1240,2517389.5,"per 100,000 person-years",Multiple rate definitions; see rate columns,NORDCAN 9.6 (30 June 2026),https://nordcan.iarc.fr/en/dataviz/trends?cancers=160&key=asr_n&populations=208_246_352_578_752&sexes=1_2&types=0_1&years=1960_2024,2026-07-30
578,Norway,1,Male,1,Mortality,2013,160,Lung,C33-C34,24.89547275,38.65623533,65.64867216,55.01387873,48.36046653,1234,2551671,"per 100,000 person-years",Multiple rate definitions; see rate columns,NORDCAN 9.6 (30 June 2026),https://nordcan.iarc.fr/en/dataviz/trends?cancers=160&key=asr_n&populations=208_246_352_578_752&sexes=1_2&types=0_1&years=1960_2024,2026-07-30
578,Norway,1,Male,1,Mortality,2014,160,Lung,C33-C34,23.87592039,36.99142064,62.24742256,52.17192843,46.45528737,1200,2583129,"per 100,000 person-years",Multiple rate definitions; see rate columns,NORDCAN 9.6 (30 June 2026),https://nordcan.iarc.fr/en/dataviz/trends?cancers=160&key=asr_n&populations=208_246_352_578_752&sexes=1_2&types=0_1&years=1960_2024,2026-07-30
578,Norway,1,Male,1,Mortality,2015,160,Lung,C33-C34,22.52288182,35.21448858,60.20554622,50.36377849,45.17667237,1180,2611967.5,"per 100,000 person-years",Multiple rate definitions; see rate columns,NORDCAN 9.6 (30 June 2026),https://nordcan.iarc.fr/en/dataviz/trends?cancers=160&key=asr_n&populations=208_246_352_578_752&sexes=1_2&types=0_1&years=1960_2024,2026-07-30
578,Norway,1,Male,1,Mortality,2016,160,Lung,C33-C34,22.03852579,34.52320365,59.50213891,49.53785346,45.20081657,1192,2637120.5,"per 100,000 person-years",Multiple rate definitions; see rate columns,NORDCAN 9.6 (30 June 2026),https://nordcan.iarc.fr/en/dataviz/trends?cancers=160&key=asr_n&populations=208_246_352_578_752&sexes=1_2&types=0_1&years=1960_2024,2026-07-30
578,Norway,1,Male,1,Mortality,2017,160,Lung,C33-C34,20.83888474,32.81742227,56.97238674,47.63763666,43.96803836,1169,2658749.5,"per 100,000 person-years",Multiple rate definitions; see rate columns,NORDCAN 9.6 (30 June 2026),https://nordcan.iarc.fr/en/dataviz/trends?cancers=160&key=asr_n&populations=208_246_352_578_752&sexes=1_2&types=0_1&years=1960_2024,2026-07-30
578,Norway,1,Male,1,Mortality,2018,160,Lung,C33-C34,20.37479464,31.86476625,54.86661583,45.76910009,43.52340046,1165,2676721,"per 100,000 person-years",Multiple rate definitions; see rate columns,NORDCAN 9.6 (30 June 2026),https://nordcan.iarc.fr/en/dataviz/trends?cancers=160&key=asr_n&populations=208_246_352_578_752&sexes=1_2&types=0_1&years=1960_2024,2026-07-30
578,Norway,1,Male,1,Mortality,2019,160,Lung,C33-C34,18.63445438,29.24143867,50.68091942,42.09660535,41.10070507,1108,2695817.5,"per 100,000 person-years",Multiple rate definitions; see rate columns,NORDCAN 9.6 (30 June 2026),https://nordcan.iarc.fr/en/dataviz/trends?cancers=160&key=asr_n&populations=208_246_352_578_752&sexes=1_2&types=0_1&years=1960_2024,2026-07-30
578,Norway,1,Male,1,Mortality,2020,160,Lung,C33-C34,18.8434,29.84972934,51.92578161,43.40927124,43.01653151,1167,2712910.5,"per 100,000 person-years",Multiple rate definitions; see rate columns,NORDCAN 9.6 (30 June 2026),https://nordcan.iarc.fr/en/dataviz/trends?cancers=160&key=asr_n&populations=208_246_352_578_752&sexes=1_2&types=0_1&years=1960_2024,2026-07-30
578,Norway,1,Male,1,Mortality,2021,160,Lung,C33-C34,18.07503834,28.72320984,50.81434245,42.3233576,42.70065321,1165,2728295.5,"per 100,000 person-years",Multiple rate definitions; see rate columns,NORDCAN 9.6 (30 June 2026),https://nordcan.iarc.fr/en/dataviz/trends?cancers=160&key=asr_n&populations=208_246_352_578_752&sexes=1_2&types=0_1&years=1960_2024,2026-07-30
578,Norway,1,Male,1,Mortality,2022,160,Lung,C33-C34,17.77404776,28.53394572,50.66718592,42.39678899,43.39607349,1194,2751401,"per 100,000 person-years",Multiple rate definitions; see rate columns,NORDCAN 9.6 (30 June 2026),https://nordcan.iarc.fr/en/dataviz/trends?cancers=160&key=asr_n&populations=208_246_352_578_752&sexes=1_2&types=0_1&years=1960_2024,2026-07-30
578,Norway,1,Male,1,Mortality,2023,160,Lung,C33-C34,16.44754519,26.32773124,46.77331279,39.02350102,40.99843415,1140,2780594,"per 100,000 person-years",Multiple rate definitions; see rate columns,NORDCAN 9.6 (30 June 2026),https://nordcan.iarc.fr/en/dataviz/trends?cancers=160&key=asr_n&populations=208_246_352_578_752&sexes=1_2&types=0_1&years=1960_2024,2026-07-30
578,Norway,1,Male,1,Mortality,2024,160,Lung,C33-C34,15.96481351,25.65980033,46.00186124,38.35865585,40.81985213,1146,2807457.5,"per 100,000 person-years",Multiple rate definitions; see rate columns,NORDCAN 9.6 (30 June 2026),https://nordcan.iarc.fr/en/dataviz/trends?cancers=160&key=asr_n&populations=208_246_352_578_752&sexes=1_2&types=0_1&years=1960_2024,2026-07-30
752,Sweden,1,Male,1,Mortality,1960,160,Lung,C33-C34,14.33011607,20.57875558,29.49988323,25.00958131,20.75550577,775,3733949,"per 100,000 person-years",Multiple rate definitions; see rate columns,NORDCAN 9.6 (30 June 2026),https://nordcan.iarc.fr/en/dataviz/trends?cancers=160&key=asr_n&populations=208_246_352_578_752&sexes=1_2&types=0_1&years=1960_2024,2026-07-30
752,Sweden,1,Male,1,Mortality,1961,160,Lung,C33-C34,15.17138978,21.57393606,30.53131913,25.59922061,21.77746786,817,3751584,"per 100,000 person-years",Multiple rate definitions; see rate columns,NORDCAN 9.6 (30 June 2026),https://nordcan.iarc.fr/en/dataviz/trends?cancers=160&key=asr_n&populations=208_246_352_578_752&sexes=1_2&types=0_1&years=1960_2024,2026-07-30
752,Sweden,1,Male,1,Mortality,1962,160,Lung,C33-C34,15.74324593,22.61889526,32.50185593,27.34358948,23.19323998,875,3772651,"per 100,000 person-years",Multiple rate definitions; see rate columns,NORDCAN 9.6 (30 June 2026),https://nordcan.iarc.fr/en/dataviz/trends?cancers=160&key=asr_n&populations=208_246_352_578_752&sexes=1_2&types=0_1&years=1960_2024,2026-07-30
752,Sweden,1,Male,1,Mortality,1963,160,Lung,C33-C34,15.01980291,21.59774784,31.51202355,26.62344222,22.50933188,854,3793982,"per 100,000 person-years",Multiple rate definitions; see rate columns,NORDCAN 9.6 (30 June 2026),https://nordcan.iarc.fr/en/dataviz/trends?cancers=160&key=asr_n&populations=208_246_352_578_752&sexes=1_2&types=0_1&years=1960_2024,2026-07-30
752,Sweden,1,Male,1,Mortality,1964,160,Lung,C33-C34,16.41303116,23.89417904,35.19161353,29.51578689,24.95224679,954,3823303,"per 100,000 person-years",Multiple rate definitions; see rate columns,NORDCAN 9.6 (30 June 2026),https://nordcan.iarc.fr/en/dataviz/trends?cancers=160&key=asr_n&populations=208_246_352_578_752&sexes=1_2&types=0_1&years=1960_2024,2026-07-30
752,Sweden,1,Male,1,Mortality,1965,160,Lung,C33-C34,16.73129045,24.19102461,36.14649438,30.10752039,25.24801318,975,3861690,"per 100,000 person-years",Multiple rate definitions; see rate columns,NORDCAN 9.6 (30 June 2026),https://nordcan.iarc.fr/en/dataviz/trends?cancers=160&key=asr_n&populations=208_246_352_578_752&sexes=1_2&types=0_1&years=1960_2024,2026-07-30
752,Sweden,1,Male,1,Mortality,1966,160,Lung,C33-C34,16.93385836,24.48111261,36.2771523,30.20885061,25.9688589,1013,3900826,"per 100,000 person-years",Multiple rate definitions; see rate columns,NORDCAN 9.6 (30 June 2026),https://nordcan.iarc.fr/en/dataviz/trends?cancers=160&key=asr_n&populations=208_246_352_578_752&sexes=1_2&types=0_1&years=1960_2024,2026-07-30
752,Sweden,1,Male,1,Mortality,1967,160,Lung,C33-C34,17.84027126,25.80545483,38.09227512,31.9358178,27.70497484,1089,3930702,"per 100,000 person-years",Multiple rate definitions; see rate columns,NORDCAN 9.6 (30 June 2026),https://nordcan.iarc.fr/en/dataviz/trends?cancers=160&key=asr_n&populations=208_246_352_578_752&sexes=1_2&types=0_1&years=1960_2024,2026-07-30
752,Sweden,1,Male,1,Mortality,1968,160,Lung,C33-C34,18.00926824,26.262298,39.25223801,32.63033375,28.45082715,1124,3950676,"per 100,000 person-years",Multiple rate definitions; see rate columns,NORDCAN 9.6 (30 June 2026),https://nordcan.iarc.fr/en/dataviz/trends?cancers=160&key=asr_n&populations=208_246_352_578_752&sexes=1_2&types=0_1&years=1960_2024,2026-07-30
752,Sweden,1,Male,1,Mortality,1969,160,Lung,C33-C34,19.81818609,28.93148852,43.43692137,36.46762869,31.70074098,1261,3977825,"per 100,000 person-years",Multiple rate definitions; see rate columns,NORDCAN 9.6 (30 June 2026),https://nordcan.iarc.fr/en/dataviz/trends?cancers=160&key=asr_n&populations=208_246_352_578_752&sexes=1_2&types=0_1&years=1960_2024,2026-07-30
752,Sweden,1,Male,1,Mortality,1970,160,Lung,C33-C34,19.70348917,29.10715489,44.65904575,37.37540918,31.77169794,1276,4016153,"per 100,000 person-years",Multiple rate definitions; see rate columns,NORDCAN 9.6 (30 June 2026),https://nordcan.iarc.fr/en/dataviz/trends?cancers=160&key=asr_n&populations=208_246_352_578_752&sexes=1_2&types=0_1&years=1960_2024,2026-07-30
752,Sweden,1,Male,1,Mortality,1971,160,Lung,C33-C34,21.62953084,32.10097478,49.8980676,41.66372776,35.64912454,1441,4042175,"per 100,000 person-years",Multiple rate definitions; see rate columns,NORDCAN 9.6 (30 June 2026),https://nordcan.iarc.fr/en/dataviz/trends?cancers=160&key=asr_n&populations=208_246_352_578_752&sexes=1_2&types=0_1&years=1960_2024,2026-07-30
752,Sweden,1,Male,1,Mortality,1972,160,Lung,C33-C34,22.46629471,33.56308427,52.69163957,44.16887387,37.55603776,1521,4049948,"per 100,000 person-years",Multiple rate definitions; see rate columns,NORDCAN 9.6 (30 June 2026),https://nordcan.iarc.fr/en/dataviz/trends?cancers=160&key=asr_n&populations=208_246_352_578_752&sexes=1_2&types=0_1&years=1960_2024,2026-07-30
752,Sweden,1,Male,1,Mortality,1973,160,Lung,C33-C34,22.63212249,33.88971884,53.06794261,44.78713761,38.41670853,1557,4052924,"per 100,000 person-years",Multiple rate definitions; see rate columns,NORDCAN 9.6 (30 June 2026),https://nordcan.iarc.fr/en/dataviz/trends?cancers=160&key=asr_n&populations=208_246_352_578_752&sexes=1_2&types=0_1&years=1960_2024,2026-07-30
752,Sweden,1,Male,1,Mortality,1974,160,Lung,C33-C34,23.49467609,35.23964467,55.01081441,46.40750545,40.01307012,1625,4061173,"per 100,000 person-years",Multiple rate definitions; see rate columns,NORDCAN 9.6 (30 June 2026),https://nordcan.iarc.fr/en/dataviz/trends?cancers=160&key=asr_n&populations=208_246_352_578_752&sexes=1_2&types=0_1&years=1960_2024,2026-07-30
752,Sweden,1,Male,1,Mortality,1975,160,Lung,C33-C34,23.84632323,35.80608572,56.56221489,47.62623382,41.15803039,1677,4074539,"per 100,000 person-years",Multiple rate definitions; see rate columns,NORDCAN 9.6 (30 June 2026),https://nordcan.iarc.fr/en/dataviz/trends?cancers=160&key=asr_n&populations=208_246_352_578_752&sexes=1_2&types=0_1&years=1960_2024,2026-07-30
752,Sweden,1,Male,1,Mortality,1976,160,Lung,C33-C34,24.15963576,36.56292885,57.93236347,49.0321911,42.74605345,1747,4086927,"per 100,000 person-years",Multiple rate definitions; see rate columns,NORDCAN 9.6 (30 June 2026),https://nordcan.iarc.fr/en/dataviz/trends?cancers=160&key=asr_n&populations=208_246_352_578_752&sexes=1_2&types=0_1&years=1960_2024,2026-07-30
752,Sweden,1,Male,1,Mortality,1977,160,Lung,C33-C34,25.99539923,39.52567088,63.45311046,53.68916639,46.28416476,1897,4098594,"per 100,000 person-years",Multiple rate definitions; see rate columns,NORDCAN 9.6 (30 June 2026),https://nordcan.iarc.fr/en/dataviz/trends?cancers=160&key=asr_n&populations=208_246_352_578_752&sexes=1_2&types=0_1&years=1960_2024,2026-07-30
752,Sweden,1,Male,1,Mortality,1978,160,Lung,C33-C34,25.15385505,38.14917889,60.73653475,51.42555301,44.89834081,1844,4107056,"per 100,000 person-years",Multiple rate definitions; see rate columns,NORDCAN 9.6 (30 June 2026),https://nordcan.iarc.fr/en/dataviz/trends?cancers=160&key=asr_n&populations=208_246_352_578_752&sexes=1_2&types=0_1&years=1960_2024,2026-07-30
752,Sweden,1,Male,1,Mortality,1979,160,Lung,C33-C34,26.06942892,39.47043674,63.14956959,53.26533625,46.80831714,1925,4112517,"per 100,000 person-years",Multiple rate definitions; see rate columns,NORDCAN 9.6 (30 June 2026),https://nordcan.iarc.fr/en/dataviz/trends?cancers=160&key=asr_n&populations=208_246_352_578_752&sexes=1_2&types=0_1&years=1960_2024,2026-07-30
752,Sweden,1,Male,1,Mortality,1980,160,Lung,C33-C34,24.52341574,37.19973439,59.444501,50.24636361,44.46683032,1831,4117676,"per 100,000 person-years",Multiple rate definitions; see rate columns,NORDCAN 9.6 (30 June 2026),https://nordcan.iarc.fr/en/dataviz/trends?cancers=160&key=asr_n&populations=208_246_352_578_752&sexes=1_2&types=0_1&years=1960_2024,2026-07-30
752,Sweden,1,Male,1,Mortality,1981,160,Lung,C33-C34,23.72182474,35.95243983,57.6426605,48.63108542,43.13917226,1777,4119226,"per 100,000 person-years",Multiple rate definitions; see rate columns,NORDCAN 9.6 (30 June 2026),https://nordcan.iarc.fr/en/dataviz/trends?cancers=160&key=asr_n&populations=208_246_352_578_752&sexes=1_2&types=0_1&years=1960_2024,2026-07-30
752,Sweden,1,Male,1,Mortality,1982,160,Lung,C33-C34,23.74250021,35.53187859,55.64914785,47.07081869,42.95780907,1769,4117994,"per 100,000 person-years",Multiple rate definitions; see rate columns,NORDCAN 9.6 (30 June 2026),https://nordcan.iarc.fr/en/dataviz/trends?cancers=160&key=asr_n&populations=208_246_352_578_752&sexes=1_2&types=0_1&years=1960_2024,2026-07-30
752,Sweden,1,Male,1,Mortality,1983,160,Lung,C33-C34,23.92867408,36.29267317,58.06011857,49.10130364,43.94240897,1809,4116752,"per 100,000 person-years",Multiple rate definitions; see rate columns,NORDCAN 9.6 (30 June 2026),https://nordcan.iarc.fr/en/dataviz/trends?cancers=160&key=asr_n&populations=208_246_352_578_752&sexes=1_2&types=0_1&years=1960_2024,2026-07-30
752,Sweden,1,Male,1,Mortality,1984,160,Lung,C33-C34,24.90700985,37.73326776,59.8538717,50.7764204,46.23212997,1904,4118348,"per 100,000 person-years",Multiple rate definitions; see rate columns,NORDCAN 9.6 (30 June 2026),https://nordcan.iarc.fr/en/dataviz/trends?cancers=160&key=asr_n&populations=208_246_352_578_752&sexes=1_2&types=0_1&years=1960_2024,2026-07-30
752,Sweden,1,Male,1,Mortality,1985,160,Lung,C33-C34,24.927095,37.22763294,58.28118308,49.01570708,45.54013437,1878,4123835,"per 100,000 person-years",Multiple rate definitions; see rate columns,NORDCAN 9.6 (30 June 2026),https://nordcan.iarc.fr/en/dataviz/trends?cancers=160&key=asr_n&populations=208_246_352_578_752&sexes=1_2&types=0_1&years=1960_2024,2026-07-30
752,Sweden,1,Male,1,Mortality,1986,160,Lung,C33-C34,23.07961537,34.96895106,56.03518492,47.16510875,43.8010927,1810,4132317,"per 100,000 person-years",Multiple rate definitions; see rate columns,NORDCAN 9.6 (30 June 2026),https://nordcan.iarc.fr/en/dataviz/trends?cancers=160&key=asr_n&populations=208_246_352_578_752&sexes=1_2&types=0_1&years=1960_2024,2026-07-30
752,Sweden,1,Male,1,Mortality,1987,160,Lung,C33-C34,23.96260137,36.08867709,56.94792118,47.98121973,44.77625623,1856,4145054,"per 100,000 person-years",Multiple rate definitions; see rate columns,NORDCAN 9.6 (30 June 2026),https://nordcan.iarc.fr/en/dataviz/trends?cancers=160&key=asr_n&populations=208_246_352_578_752&sexes=1_2&types=0_1&years=1960_2024,2026-07-30
752,Sweden,1,Male,1,Mortality,1988,160,Lung,C33-C34,24.09966497,36.26201936,57.3768756,48.36635731,44.97824931,1873,4164235,"per 100,000 person-years",Multiple rate definitions; see rate columns,NORDCAN 9.6 (30 June 2026),https://nordcan.iarc.fr/en/dataviz/trends?cancers=160&key=asr_n&populations=208_246_352_578_752&sexes=1_2&types=0_1&years=1960_2024,2026-07-30
752,Sweden,1,Male,1,Mortality,1989,160,Lung,C33-C34,22.63082116,34.0498378,53.76829513,45.40109327,42.27484947,1773,4193983,"per 100,000 person-years",Multiple rate definitions; see rate columns,NORDCAN 9.6 (30 June 2026),https://nordcan.iarc.fr/en/dataviz/trends?cancers=160&key=asr_n&populations=208_246_352_578_752&sexes=1_2&types=0_1&years=1960_2024,2026-07-30
752,Sweden,1,Male,1,Mortality,1990,160,Lung,C33-C34,23.65316778,35.61054604,56.18169266,47.3942972,43.77902637,1851,4228052,"per 100,000 person-years",Multiple rate definitions; see rate columns,NORDCAN 9.6 (30 June 2026),https://nordcan.iarc.fr/en/dataviz/trends?cancers=160&key=asr_n&populations=208_246_352_578_752&sexes=1_2&types=0_1&years=1960_2024,2026-07-30
752,Sweden,1,Male,1,Mortality,1991,160,Lung,C33-C34,24.10309803,35.87795613,55.761593,46.77392638,43.94778411,1871,4257325,"per 100,000 person-years",Multiple rate definitions; see rate columns,NORDCAN 9.6 (30 June 2026),https://nordcan.iarc.fr/en/dataviz/trends?cancers=160&key=asr_n&populations=208_246_352_578_752&sexes=1_2&types=0_1&years=1960_2024,2026-07-30
752,Sweden,1,Male,1,Mortality,1992,160,Lung,C33-C34,23.45401086,35.10190169,55.14498234,46.40456653,43.05784485,1844,4282611,"per 100,000 person-years",Multiple rate definitions; see rate columns,NORDCAN 9.6 (30 June 2026),https://nordcan.iarc.fr/en/dataviz/trends?cancers=160&key=asr_n&populations=208_246_352_578_752&sexes=1_2&types=0_1&years=1960_2024,2026-07-30
752,Sweden,1,Male,1,Mortality,1993,160,Lung,C33-C34,22.31641755,33.51624641,53.24696013,44.59019144,41.45992803,1786,4307774,"per 100,000 person-years",Multiple rate definitions; see rate columns,NORDCAN 9.6 (30 June 2026),https://nordcan.iarc.fr/en/dataviz/trends?cancers=160&key=asr_n&populations=208_246_352_578_752&sexes=1_2&types=0_1&years=1960_2024,2026-07-30
752,Sweden,1,Male,1,Mortality,1994,160,Lung,C33-C34,22.95694474,34.23532282,53.88998991,45.22389156,42.11027083,1827,4338609,"per 100,000 person-years",Multiple rate definitions; see rate columns,NORDCAN 9.6 (30 June 2026),https://nordcan.iarc.fr/en/dataviz/trends?cancers=160&key=asr_n&populations=208_246_352_578_752&sexes=1_2&types=0_1&years=1960_2024,2026-07-30
752,Sweden,1,Male,1,Mortality,1995,160,Lung,C33-C34,22.39531241,33.61626411,53.33539581,44.7231141,41.64022115,1816,4361168,"per 100,000 person-years",Multiple rate definitions; see rate columns,NORDCAN 9.6 (30 June 2026),https://nordcan.iarc.fr/en/dataviz/trends?cancers=160&key=asr_n&populations=208_246_352_578_752&sexes=1_2&types=0_1&years=1960_2024,2026-07-30
752,Sweden,1,Male,1,Mortality,1996,160,Lung,C33-C34,21.50991185,32.55165261,51.70782179,43.51931454,40.72898239,1779,4367897,"per 100,000 person-years",Multiple rate definitions; see rate columns,NORDCAN 9.6 (30 June 2026),https://nordcan.iarc.fr/en/dataviz/trends?cancers=160&key=asr_n&populations=208_246_352_578_752&sexes=1_2&types=0_1&years=1960_2024,2026-07-30
752,Sweden,1,Male,1,Mortality,1997,160,Lung,C33-C34,22.23419319,33.33585992,52.79073602,44.04422328,41.57115634,1817,4370819,"per 100,000 person-years",Multiple rate definitions; see rate columns,NORDCAN 9.6 (30 June 2026),https://nordcan.iarc.fr/en/dataviz/trends?cancers=160&key=asr_n&populations=208_246_352_578_752&sexes=1_2&types=0_1&years=1960_2024,2026-07-30
752,Sweden,1,Male,1,Mortality,1998,160,Lung,C33-C34,21.13859582,32.02876994,51.40952846,43.17221782,40.88004587,1788,4373772,"per 100,000 person-years",Multiple rate definitions; see rate columns,NORDCAN 9.6 (30 June 2026),https://nordcan.iarc.fr/en/dataviz/trends?cancers=160&key=asr_n&populations=208_246_352_578_752&sexes=1_2&types=0_1&years=1960_2024,2026-07-30
752,Sweden,1,Male,1,Mortality,1999,160,Lung,C33-C34,21.61133916,32.70640659,52.43604991,44.01467957,41.89248023,1834,4377874,"per 100,000 person-years",Multiple rate definitions; see rate columns,NORDCAN 9.6 (30 June 2026),https://nordcan.iarc.fr/en/dataviz/trends?cancers=160&key=asr_n&populations=208_246_352_578_752&sexes=1_2&types=0_1&years=1960_2024,2026-07-30
752,Sweden,1,Male,1,Mortality,2000,160,Lung,C33-C34,20.88611435,31.47738617,50.24303765,42.06954575,40.26044817,1766,4386439,"per 100,000 person-years",Multiple rate definitions; see rate columns,NORDCAN 9.6 (30 June 2026),https://nordcan.iarc.fr/en/dataviz/trends?cancers=160&key=asr_n&populations=208_246_352_578_752&sexes=1_2&types=0_1&years=1960_2024,2026-07-30
752,Sweden,1,Male,1,Mortality,2001,160,Lung,C33-C34,20.64495292,31.36140339,50.70781049,42.62208852,40.97166706,1803,4400602,"per 100,000 person-years",Multiple rate definitions; see rate columns,NORDCAN 9.6 (30 June 2026),https://nordcan.iarc.fr/en/dataviz/trends?cancers=160&key=asr_n&populations=208_246_352_578_752&sexes=1_2&types=0_1&years=1960_2024,2026-07-30
752,Sweden,1,Male,1,Mortality,2002,160,Lung,C33-C34,20.29349275,30.82843209,49.94152845,41.66707708,40.13327053,1773,4417781,"per 100,000 person-years",Multiple rate definitions; see rate columns,NORDCAN 9.6 (30 June 2026),https://nordcan.iarc.fr/en/dataviz/trends?cancers=160&key=asr_n&populations=208_246_352_578_752&sexes=1_2&types=0_1&years=1960_2024,2026-07-30
752,Sweden,1,Male,1,Mortality,2003,160,Lung,C33-C34,20.62832361,31.09490479,49.9908774,41.86074333,40.79436776,1810,4436887,"per 100,000 person-years",Multiple rate definitions; see rate columns,NORDCAN 9.6 (30 June 2026),https://nordcan.iarc.fr/en/dataviz/trends?cancers=160&key=asr_n&populations=208_246_352_578_752&sexes=1_2&types=0_1&years=1960_2024,2026-07-30
752,Sweden,1,Male,1,Mortality,2004,160,Lung,C33-C34,20.17244266,30.74346443,50.1623575,41.95411007,40.92909035,1824,4456488,"per 100,000 person-years",Multiple rate definitions; see rate columns,NORDCAN 9.6 (30 June 2026),https://nordcan.iarc.fr/en/dataviz/trends?cancers=160&key=asr_n&populations=208_246_352_578_752&sexes=1_2&types=0_1&years=1960_2024,2026-07-30
752,Sweden,1,Male,1,Mortality,2005,160,Lung,C33-C34,20.95929547,32.07301261,52.57103603,43.98273953,43.29336999,1938,4476436,"per 100,000 person-years",Multiple rate definitions; see rate columns,NORDCAN 9.6 (30 June 2026),https://nordcan.iarc.fr/en/dataviz/trends?cancers=160&key=asr_n&populations=208_246_352_578_752&sexes=1_2&types=0_1&years=1960_2024,2026-07-30
752,Sweden,1,Male,1,Mortality,2006,160,Lung,C33-C34,19.89274041,30.60505174,50.7544365,42.65574816,42.13058216,1898,4505041,"per 100,000 person-years",Multiple rate definitions; see rate columns,NORDCAN 9.6 (30 June 2026),https://nordcan.iarc.fr/en/dataviz/trends?cancers=160&key=asr_n&populations=208_246_352_578_752&sexes=1_2&types=0_1&years=1960_2024,2026-07-30
752,Sweden,1,Male,1,Mortality,2007,160,Lung,C33-C34,18.57750862,28.48784349,46.87801218,39.30430628,39.32895602,1787,4543726,"per 100,000 person-years",Multiple rate definitions; see rate columns,NORDCAN 9.6 (30 June 2026),https://nordcan.iarc.fr/en/dataviz/trends?cancers=160&key=asr_n&populations=208_246_352_578_752&sexes=1_2&types=0_1&years=1960_2024,2026-07-30
752,Sweden,1,Male,1,Mortality,2008,160,Lung,C33-C34,19.18353201,29.6240247,49.22142201,41.35422198,41.36287172,1896,4583821,"per 100,000 person-years",Multiple rate definitions; see rate columns,NORDCAN 9.6 (30 June 2026),https://nordcan.iarc.fr/en/dataviz/trends?cancers=160&key=asr_n&populations=208_246_352_578_752&sexes=1_2&types=0_1&years=1960_2024,2026-07-30
752,Sweden,1,Male,1,Mortality,2009,160,Lung,C33-C34,17.85157593,27.83008368,47.04899042,39.45134559,39.55586758,1830,4626368,"per 100,000 person-years",Multiple rate definitions; see rate columns,NORDCAN 9.6 (30 June 2026),https://nordcan.iarc.fr/en/dataviz/trends?cancers=160&key=asr_n&populations=208_246_352_578_752&sexes=1_2&types=0_1&years=1960_2024,2026-07-30
752,Sweden,1,Male,1,Mortality,2010,160,Lung,C33-C34,18.42510369,28.62765756,48.36309822,40.41389397,41.15953388,1922,4669635,"per 100,000 person-years",Multiple rate definitions; see rate columns,NORDCAN 9.6 (30 June 2026),https://nordcan.iarc.fr/en/dataviz/trends?cancers=160&key=asr_n&populations=208_246_352_578_752&sexes=1_2&types=0_1&years=1960_2024,2026-07-30
752,Sweden,1,Male,1,Mortality,2011,160,Lung,C33-C34,17.88855409,27.86648904,47.30125013,39.62306425,40.56457392,1910,4708542,"per 100,000 person-years",Multiple rate definitions; see rate columns,NORDCAN 9.6 (30 June 2026),https://nordcan.iarc.fr/en/dataviz/trends?cancers=160&key=asr_n&populations=208_246_352_578_752&sexes=1_2&types=0_1&years=1960_2024,2026-07-30
752,Sweden,1,Male,1,Mortality,2012,160,Lung,C33-C34,17.26437187,26.81417502,45.57627048,38.15519243,39.58809837,1879,4746376,"per 100,000 person-years",Multiple rate definitions; see rate columns,NORDCAN 9.6 (30 June 2026),https://nordcan.iarc.fr/en/dataviz/trends?cancers=160&key=asr_n&populations=208_246_352_578_752&sexes=1_2&types=0_1&years=1960_2024,2026-07-30
752,Sweden,1,Male,1,Mortality,2013,160,Lung,C33-C34,16.45007697,25.50280336,43.61290374,36.23997997,38.47489122,1843,4790137,"per 100,000 person-years",Multiple rate definitions; see rate columns,NORDCAN 9.6 (30 June 2026),https://nordcan.iarc.fr/en/dataviz/trends?cancers=160&key=asr_n&populations=208_246_352_578_752&sexes=1_2&types=0_1&years=1960_2024,2026-07-30
752,Sweden,1,Male,1,Mortality,2014,160,Lung,C33-C34,15.69554983,24.66050402,42.23301727,35.49694393,37.30924179,1807,4843304,"per 100,000 person-years",Multiple rate definitions; see rate columns,NORDCAN 9.6 (30 June 2026),https://nordcan.iarc.fr/en/dataviz/trends?cancers=160&key=asr_n&populations=208_246_352_578_752&sexes=1_2&types=0_1&years=1960_2024,2026-07-30
752,Sweden,1,Male,1,Mortality,2015,160,Lung,C33-C34,15.19847923,23.92782279,41.40855545,34.68102004,37.04907391,1816,4901607,"per 100,000 person-years",Multiple rate definitions; see rate columns,NORDCAN 9.6 (30 June 2026),https://nordcan.iarc.fr/en/dataviz/trends?cancers=160&key=asr_n&populations=208_246_352_578_752&sexes=1_2&types=0_1&years=1960_2024,2026-07-30
752,Sweden,1,Male,1,Mortality,2016,160,Lung,C33-C34,15.14378276,23.87120454,41.60192505,34.81510036,37.40828183,1860,4972161,"per 100,000 person-years",Multiple rate definitions; see rate columns,NORDCAN 9.6 (30 June 2026),https://nordcan.iarc.fr/en/dataviz/trends?cancers=160&key=asr_n&populations=208_246_352_578_752&sexes=1_2&types=0_1&years=1960_2024,2026-07-30
752,Sweden,1,Male,1,Mortality,2017,160,Lung,C33-C34,14.68828784,23.34369261,41.129773900000004,34.43554637,37.12353977,1874,5048010,"per 100,000 person-years",Multiple rate definitions; see rate columns,NORDCAN 9.6 (30 June 2026),https://nordcan.iarc.fr/en/dataviz/trends?cancers=160&key=asr_n&populations=208_246_352_578_752&sexes=1_2&types=0_1&years=1960_2024,2026-07-30
752,Sweden,1,Male,1,Mortality,2018,160,Lung,C33-C34,13.5902291,21.49557703,37.66894738,31.42596038,34.34681876,1756,5112555,"per 100,000 person-years",Multiple rate definitions; see rate columns,NORDCAN 9.6 (30 June 2026),https://nordcan.iarc.fr/en/dataviz/trends?cancers=160&key=asr_n&populations=208_246_352_578_752&sexes=1_2&types=0_1&years=1960_2024,2026-07-30
752,Sweden,1,Male,1,Mortality,2019,160,Lung,C33-C34,12.39863878,19.81683063,35.32103492,29.52708082,32.53931221,1682,5169132,"per 100,000 person-years",Multiple rate definitions; see rate columns,NORDCAN 9.6 (30 June 2026),https://nordcan.iarc.fr/en/dataviz/trends?cancers=160&key=asr_n&populations=208_246_352_578_752&sexes=1_2&types=0_1&years=1960_2024,2026-07-30
752,Sweden,1,Male,1,Mortality,2020,160,Lung,C33-C34,12.40146438,19.767016,34.98380431,29.22749619,32.74889544,1706,5209336,"per 100,000 person-years",Multiple rate definitions; see rate columns,NORDCAN 9.6 (30 June 2026),https://nordcan.iarc.fr/en/dataviz/trends?cancers=160&key=asr_n&populations=208_246_352_578_752&sexes=1_2&types=0_1&years=1960_2024,2026-07-30
752,Sweden,1,Male,1,Mortality,2021,160,Lung,C33-C34,11.4303293,18.35506313,33.18952776,27.81460871,31.28706993,1640,5241782,"per 100,000 person-years",Multiple rate definitions; see rate columns,NORDCAN 9.6 (30 June 2026),https://nordcan.iarc.fr/en/dataviz/trends?cancers=160&key=asr_n&populations=208_246_352_578_752&sexes=1_2&types=0_1&years=1960_2024,2026-07-30
752,Sweden,1,Male,1,Mortality,2022,160,Lung,C33-C34,10.72763148,17.30992023,31.55766289,26.36641461,30.34366761,1602,5279520,"per 100,000 person-years",Multiple rate definitions; see rate columns,NORDCAN 9.6 (30 June 2026),https://nordcan.iarc.fr/en/dataviz/trends?cancers=160&key=asr_n&populations=208_246_352_578_752&sexes=1_2&types=0_1&years=1960_2024,2026-07-30
752,Sweden,1,Male,1,Mortality,2023,160,Lung,C33-C34,10.34208688,16.88820926,31.01280634,25.90273726,30.32744785,1609,5305425,"per 100,000 person-years",Multiple rate definitions; see rate columns,NORDCAN 9.6 (30 June 2026),https://nordcan.iarc.fr/en/dataviz/trends?cancers=160&key=asr_n&populations=208_246_352_578_752&sexes=1_2&types=0_1&years=1960_2024,2026-07-30
752,Sweden,1,Male,1,Mortality,2024,160,Lung,C33-C34,10.07364611,16.34981164,29.88581319,25.07635616,30.04518435,1598,5318656,"per 100,000 person-years",Multiple rate definitions; see rate columns,NORDCAN 9.6 (30 June 2026),https://nordcan.iarc.fr/en/dataviz/trends?cancers=160&key=asr_n&populations=208_246_352_578_752&sexes=1_2&types=0_1&years=1960_2024,2026-07-30
208,Denmark,2,Female,1,Mortality,1960,160,Lung,C33-C34,5.803642208,8.518979958,12.88391422,10.95005752,8.620542145,199,2308439.5,"per 100,000 person-years",Multiple rate definitions; see rate columns,NORDCAN 9.6 (30 June 2026),https://nordcan.iarc.fr/en/dataviz/trends?cancers=160&key=asr_n&populations=208_246_352_578_752&sexes=1_2&types=0_1&years=1960_2024,2026-07-30
208,Denmark,2,Female,1,Mortality,1961,160,Lung,C33-C34,5.228519938,7.754757442,12.05081306,10.24991274,7.742504933,180,2324829,"per 100,000 person-years",Multiple rate definitions; see rate columns,NORDCAN 9.6 (30 June 2026),https://nordcan.iarc.fr/en/dataviz/trends?cancers=160&key=asr_n&populations=208_246_352_578_752&sexes=1_2&types=0_1&years=1960_2024,2026-07-30
208,Denmark,2,Female,1,Mortality,1962,160,Lung,C33-C34,5.591547371,8.17161439,12.17065017,10.2846524,8.493699937,199,2342913,"per 100,000 person-years",Multiple rate definitions; see rate columns,NORDCAN 9.6 (30 June 2026),https://nordcan.iarc.fr/en/dataviz/trends?cancers=160&key=asr_n&populations=208_246_352_578_752&sexes=1_2&types=0_1&years=1960_2024,2026-07-30
208,Denmark,2,Female,1,Mortality,1963,160,Lung,C33-C34,5.542760492,8.233213342,12.70562947,10.80517481,8.468467133,200,2361702.5,"per 100,000 person-years",Multiple rate definitions; see rate columns,NORDCAN 9.6 (30 June 2026),https://nordcan.iarc.fr/en/dataviz/trends?cancers=160&key=asr_n&populations=208_246_352_578_752&sexes=1_2&types=0_1&years=1960_2024,2026-07-30
208,Denmark,2,Female,1,Mortality,1964,160,Lung,C33-C34,6.077774857,8.920547074,13.19190971,11.38726374,9.408037068,224,2380943,"per 100,000 person-years",Multiple rate definitions; see rate columns,NORDCAN 9.6 (30 June 2026),https://nordcan.iarc.fr/en/dataviz/trends?cancers=160&key=asr_n&populations=208_246_352_578_752&sexes=1_2&types=0_1&years=1960_2024,2026-07-30
208,Denmark,2,Female,1,Mortality,1965,160,Lung,C33-C34,6.700995174,9.890998539,15.09440849,12.81114695,10.41573359,250,2400215,"per 100,000 person-years",Multiple rate definitions; see rate columns,NORDCAN 9.6 (30 June 2026),https://nordcan.iarc.fr/en/dataviz/trends?cancers=160&key=asr_n&populations=208_246_352_578_752&sexes=1_2&types=0_1&years=1960_2024,2026-07-30
208,Denmark,2,Female,1,Mortality,1966,160,Lung,C33-C34,6.146412066,9.007921168,13.58034161,11.63897084,9.66941949,234,2420000.5,"per 100,000 person-years",Multiple rate definitions; see rate columns,NORDCAN 9.6 (30 June 2026),https://nordcan.iarc.fr/en/dataviz/trends?cancers=160&key=asr_n&populations=208_246_352_578_752&sexes=1_2&types=0_1&years=1960_2024,2026-07-30
208,Denmark,2,Female,1,Mortality,1967,160,Lung,C33-C34,8.017185082,11.48009804,16.84870089,14.47283356,12.21758118,298,2439108,"per 100,000 person-years",Multiple rate definitions; see rate columns,NORDCAN 9.6 (30 June 2026),https://nordcan.iarc.fr/en/dataviz/trends?cancers=160&key=asr_n&populations=208_246_352_578_752&sexes=1_2&types=0_1&years=1960_2024,2026-07-30
208,Denmark,2,Female,1,Mortality,1968,160,Lung,C33-C34,6.917393106,10.11885497,14.98750957,12.93847644,10.83782499,266,2454367,"per 100,000 person-years",Multiple rate definitions; see rate columns,NORDCAN 9.6 (30 June 2026),https://nordcan.iarc.fr/en/dataviz/trends?cancers=160&key=asr_n&populations=208_246_352_578_752&sexes=1_2&types=0_1&years=1960_2024,2026-07-30
208,Denmark,2,Female,1,Mortality,1969,160,Lung,C33-C34,8.177179876,11.77077835,16.94082239,14.5939961,12.88715934,318,2467572.5,"per 100,000 person-years",Multiple rate definitions; see rate columns,NORDCAN 9.6 (30 June 2026),https://nordcan.iarc.fr/en/dataviz/trends?cancers=160&key=asr_n&populations=208_246_352_578_752&sexes=1_2&types=0_1&years=1960_2024,2026-07-30
208,Denmark,2,Female,1,Mortality,1970,160,Lung,C33-C34,8.718325888,12.6354833,18.74410654,16.02700104,14.13837766,351,2482604.5,"per 100,000 person-years",Multiple rate definitions; see rate columns,NORDCAN 9.6 (30 June 2026),https://nordcan.iarc.fr/en/dataviz/trends?cancers=160&key=asr_n&populations=208_246_352_578_752&sexes=1_2&types=0_1&years=1960_2024,2026-07-30
208,Denmark,2,Female,1,Mortality,1971,160,Lung,C33-C34,9.244731964,13.39010846,19.78762621,16.94743064,14.9712464,374,2498122,"per 100,000 person-years",Multiple rate definitions; see rate columns,NORDCAN 9.6 (30 June 2026),https://nordcan.iarc.fr/en/dataviz/trends?cancers=160&key=asr_n&populations=208_246_352_578_752&sexes=1_2&types=0_1&years=1960_2024,2026-07-30
208,Denmark,2,Female,1,Mortality,1972,160,Lung,C33-C34,10.2398648,14.75102203,21.37201313,18.40926737,16.34784068,411,2514093.5,"per 100,000 person-years",Multiple rate definitions; see rate columns,NORDCAN 9.6 (30 June 2026),https://nordcan.iarc.fr/en/dataviz/trends?cancers=160&key=asr_n&populations=208_246_352_578_752&sexes=1_2&types=0_1&years=1960_2024,2026-07-30
208,Denmark,2,Female,1,Mortality,1973,160,Lung,C33-C34,9.214437486,13.20579655,18.76558796,16.30517855,14.81994654,375,2530373.5,"per 100,000 person-years",Multiple rate definitions; see rate columns,NORDCAN 9.6 (30 June 2026),https://nordcan.iarc.fr/en/dataviz/trends?cancers=160&key=asr_n&populations=208_246_352_578_752&sexes=1_2&types=0_1&years=1960_2024,2026-07-30
208,Denmark,2,Female,1,Mortality,1974,160,Lung,C33-C34,9.900950664,14.24205275,20.3867009,17.492983,16.35151673,416,2544106.5,"per 100,000 person-years",Multiple rate definitions; see rate columns,NORDCAN 9.6 (30 June 2026),https://nordcan.iarc.fr/en/dataviz/trends?cancers=160&key=asr_n&populations=208_246_352_578_752&sexes=1_2&types=0_1&years=1960_2024,2026-07-30
208,Denmark,2,Female,1,Mortality,1975,160,Lung,C33-C34,10.83301435,15.68432403,22.37527039,19.35949982,17.96948007,459,2554331,"per 100,000 person-years",Multiple rate definitions; see rate columns,NORDCAN 9.6 (30 June 2026),https://nordcan.iarc.fr/en/dataviz/trends?cancers=160&key=asr_n&populations=208_246_352_578_752&sexes=1_2&types=0_1&years=1960_2024,2026-07-30
208,Denmark,2,Female,1,Mortality,1976,160,Lung,C33-C34,13.22118706,18.67555659,26.11501445,22.25928892,21.14906953,542,2562760.5,"per 100,000 person-years",Multiple rate definitions; see rate columns,NORDCAN 9.6 (30 June 2026),https://nordcan.iarc.fr/en/dataviz/trends?cancers=160&key=asr_n&populations=208_246_352_578_752&sexes=1_2&types=0_1&years=1960_2024,2026-07-30
208,Denmark,2,Female,1,Mortality,1977,160,Lung,C33-C34,11.71372037,16.72292151,23.4410486,20.26190521,19.24509838,495,2572083.5,"per 100,000 person-years",Multiple rate definitions; see rate columns,NORDCAN 9.6 (30 June 2026),https://nordcan.iarc.fr/en/dataviz/trends?cancers=160&key=asr_n&populations=208_246_352_578_752&sexes=1_2&types=0_1&years=1960_2024,2026-07-30
208,Denmark,2,Female,1,Mortality,1978,160,Lung,C33-C34,13.11280577,18.87992776,27.01035416,23.24875722,22.31234101,576,2581531,"per 100,000 person-years",Multiple rate definitions; see rate columns,NORDCAN 9.6 (30 June 2026),https://nordcan.iarc.fr/en/dataviz/trends?cancers=160&key=asr_n&populations=208_246_352_578_752&sexes=1_2&types=0_1&years=1960_2024,2026-07-30
208,Denmark,2,Female,1,Mortality,1979,160,Lung,C33-C34,14.61868079,20.83594329,29.25896466,25.10623776,24.59953825,637,2589479.5,"per 100,000 person-years",Multiple rate definitions; see rate columns,NORDCAN 9.6 (30 June 2026),https://nordcan.iarc.fr/en/dataviz/trends?cancers=160&key=asr_n&populations=208_246_352_578_752&sexes=1_2&types=0_1&years=1960_2024,2026-07-30
208,Denmark,2,Female,1,Mortality,1980,160,Lung,C33-C34,14.38126787,20.6902004,29.23874846,25.31400581,24.29606959,630,2593012,"per 100,000 person-years",Multiple rate definitions; see rate columns,NORDCAN 9.6 (30 June 2026),https://nordcan.iarc.fr/en/dataviz/trends?cancers=160&key=asr_n&populations=208_246_352_578_752&sexes=1_2&types=0_1&years=1960_2024,2026-07-30
208,Denmark,2,Female,1,Mortality,1981,160,Lung,C33-C34,16.31572186,23.05510924,31.71231673,27.28685828,26.73586659,694,2595764,"per 100,000 person-years",Multiple rate definitions; see rate columns,NORDCAN 9.6 (30 June 2026),https://nordcan.iarc.fr/en/dataviz/trends?cancers=160&key=asr_n&populations=208_246_352_578_752&sexes=1_2&types=0_1&years=1960_2024,2026-07-30
208,Denmark,2,Female,1,Mortality,1982,160,Lung,C33-C34,16.02203759,22.87543051,32.14797129,27.76338211,27.31829864,709,2595330,"per 100,000 person-years",Multiple rate definitions; see rate columns,NORDCAN 9.6 (30 June 2026),https://nordcan.iarc.fr/en/dataviz/trends?cancers=160&key=asr_n&populations=208_246_352_578_752&sexes=1_2&types=0_1&years=1960_2024,2026-07-30
208,Denmark,2,Female,1,Mortality,1983,160,Lung,C33-C34,19.90805289,28.39249105,39.63017431,34.30509753,34.10083984,885,2595244,"per 100,000 person-years",Multiple rate definitions; see rate columns,NORDCAN 9.6 (30 June 2026),https://nordcan.iarc.fr/en/dataviz/trends?cancers=160&key=asr_n&populations=208_246_352_578_752&sexes=1_2&types=0_1&years=1960_2024,2026-07-30
208,Denmark,2,Female,1,Mortality,1984,160,Lung,C33-C34,21.09532389,29.94241402,41.4811455,35.64548185,35.73372477,927,2594188,"per 100,000 person-years",Multiple rate definitions; see rate columns,NORDCAN 9.6 (30 June 2026),https://nordcan.iarc.fr/en/dataviz/trends?cancers=160&key=asr_n&populations=208_246_352_578_752&sexes=1_2&types=0_1&years=1960_2024,2026-07-30
208,Denmark,2,Female,1,Mortality,1985,160,Lung,C33-C34,19.84293369,28.29474344,39.1646335,33.61177087,33.96252018,881,2594036,"per 100,000 person-years",Multiple rate definitions; see rate columns,NORDCAN 9.6 (30 June 2026),https://nordcan.iarc.fr/en/dataviz/trends?cancers=160&key=asr_n&populations=208_246_352_578_752&sexes=1_2&types=0_1&years=1960_2024,2026-07-30
208,Denmark,2,Female,1,Mortality,1986,160,Lung,C33-C34,19.87176817,28.49918306,39.98994545,34.15667326,34.98079524,908,2595710,"per 100,000 person-years",Multiple rate definitions; see rate columns,NORDCAN 9.6 (30 June 2026),https://nordcan.iarc.fr/en/dataviz/trends?cancers=160&key=asr_n&populations=208_246_352_578_752&sexes=1_2&types=0_1&years=1960_2024,2026-07-30
208,Denmark,2,Female,1,Mortality,1987,160,Lung,C33-C34,22.95105661,32.91981158,45.90264617,39.25667826,40.13430949,1043,2598774,"per 100,000 person-years",Multiple rate definitions; see rate columns,NORDCAN 9.6 (30 June 2026),https://nordcan.iarc.fr/en/dataviz/trends?cancers=160&key=asr_n&populations=208_246_352_578_752&sexes=1_2&types=0_1&years=1960_2024,2026-07-30
208,Denmark,2,Female,1,Mortality,1988,160,Lung,C33-C34,24.09234109,34.41881092,47.75554281,40.93995561,41.86435948,1089,2601258,"per 100,000 person-years",Multiple rate definitions; see rate columns,NORDCAN 9.6 (30 June 2026),https://nordcan.iarc.fr/en/dataviz/trends?cancers=160&key=asr_n&populations=208_246_352_578_752&sexes=1_2&types=0_1&years=1960_2024,2026-07-30
208,Denmark,2,Female,1,Mortality,1989,160,Lung,C33-C34,21.73979109,31.04625511,43.74231828,37.19472845,38.74519385,1008,2601613,"per 100,000 person-years",Multiple rate definitions; see rate columns,NORDCAN 9.6 (30 June 2026),https://nordcan.iarc.fr/en/dataviz/trends?cancers=160&key=asr_n&populations=208_246_352_578_752&sexes=1_2&types=0_1&years=1960_2024,2026-07-30
208,Denmark,2,Female,1,Mortality,1990,160,Lung,C33-C34,23.8915941,34.33916591,48.53162473,41.31887613,42.95895443,1119,2604812,"per 100,000 person-years",Multiple rate definitions; see rate columns,NORDCAN 9.6 (30 June 2026),https://nordcan.iarc.fr/en/dataviz/trends?cancers=160&key=asr_n&populations=208_246_352_578_752&sexes=1_2&types=0_1&years=1960_2024,2026-07-30
208,Denmark,2,Female,1,Mortality,1991,160,Lung,C33-C34,25.80124035,36.96712926,51.80372831,44.1421883,45.51588113,1188,2610078,"per 100,000 person-years",Multiple rate definitions; see rate columns,NORDCAN 9.6 (30 June 2026),https://nordcan.iarc.fr/en/dataviz/trends?cancers=160&key=asr_n&populations=208_246_352_578_752&sexes=1_2&types=0_1&years=1960_2024,2026-07-30
208,Denmark,2,Female,1,Mortality,1992,160,Lung,C33-C34,24.50478559,34.95268316,48.81705059,41.32152173,42.7479073,1119,2617672,"per 100,000 person-years",Multiple rate definitions; see rate columns,NORDCAN 9.6 (30 June 2026),https://nordcan.iarc.fr/en/dataviz/trends?cancers=160&key=asr_n&populations=208_246_352_578_752&sexes=1_2&types=0_1&years=1960_2024,2026-07-30
208,Denmark,2,Female,1,Mortality,1993,160,Lung,C33-C34,25.35793214,36.50038895,52.50274146,44.3406509,46.57237949,1223,2626020,"per 100,000 person-years",Multiple rate definitions; see rate columns,NORDCAN 9.6 (30 June 2026),https://nordcan.iarc.fr/en/dataviz/trends?cancers=160&key=asr_n&populations=208_246_352_578_752&sexes=1_2&types=0_1&years=1960_2024,2026-07-30
208,Denmark,2,Female,1,Mortality,1994,160,Lung,C33-C34,28.31267176,40.29896167,56.83168761,48.00759534,50.05316725,1318,2633200,"per 100,000 person-years",Multiple rate definitions; see rate columns,NORDCAN 9.6 (30 June 2026),https://nordcan.iarc.fr/en/dataviz/trends?cancers=160&key=asr_n&populations=208_246_352_578_752&sexes=1_2&types=0_1&years=1960_2024,2026-07-30
208,Denmark,2,Female,1,Mortality,1995,160,Lung,C33-C34,28.17733987,40.53723982,58.28349311,49.09103681,51.24141214,1354,2642394,"per 100,000 person-years",Multiple rate definitions; see rate columns,NORDCAN 9.6 (30 June 2026),https://nordcan.iarc.fr/en/dataviz/trends?cancers=160&key=asr_n&populations=208_246_352_578_752&sexes=1_2&types=0_1&years=1960_2024,2026-07-30
208,Denmark,2,Female,1,Mortality,1996,160,Lung,C33-C34,27.66735977,39.32517827,55.60539932,46.87749924,48.63086988,1293,2658805,"per 100,000 person-years",Multiple rate definitions; see rate columns,NORDCAN 9.6 (30 June 2026),https://nordcan.iarc.fr/en/dataviz/trends?cancers=160&key=asr_n&populations=208_246_352_578_752&sexes=1_2&types=0_1&years=1960_2024,2026-07-30
208,Denmark,2,Female,1,Mortality,1997,160,Lung,C33-C34,29.46729858,42.33204654,61.03761197,51.28473174,53.29220758,1423,2670184,"per 100,000 person-years",Multiple rate definitions; see rate columns,NORDCAN 9.6 (30 June 2026),https://nordcan.iarc.fr/en/dataviz/trends?cancers=160&key=asr_n&populations=208_246_352_578_752&sexes=1_2&types=0_1&years=1960_2024,2026-07-30
208,Denmark,2,Female,1,Mortality,1998,160,Lung,C33-C34,27.2618559,39.31344599,57.61200202,48.32314322,50.53764364,1354,2679191,"per 100,000 person-years",Multiple rate definitions; see rate columns,NORDCAN 9.6 (30 June 2026),https://nordcan.iarc.fr/en/dataviz/trends?cancers=160&key=asr_n&populations=208_246_352_578_752&sexes=1_2&types=0_1&years=1960_2024,2026-07-30
208,Denmark,2,Female,1,Mortality,1999,160,Lung,C33-C34,28.18397059,40.91570335,60.24594615,50.75747119,53.12191703,1428,2688156,"per 100,000 person-years",Multiple rate definitions; see rate columns,NORDCAN 9.6 (30 June 2026),https://nordcan.iarc.fr/en/dataviz/trends?cancers=160&key=asr_n&populations=208_246_352_578_752&sexes=1_2&types=0_1&years=1960_2024,2026-07-30
208,Denmark,2,Female,1,Mortality,2000,160,Lung,C33-C34,27.44764124,40.19580054,60.08719166,50.5839868,53.15483004,1433,2695898,"per 100,000 person-years",Multiple rate definitions; see rate columns,NORDCAN 9.6 (30 June 2026),https://nordcan.iarc.fr/en/dataviz/trends?cancers=160&key=asr_n&populations=208_246_352_578_752&sexes=1_2&types=0_1&years=1960_2024,2026-07-30
208,Denmark,2,Female,1,Mortality,2001,160,Lung,C33-C34,28.03193947,41.10357577,61.66298041,51.95962176,54.75262792,1481,2704893,"per 100,000 person-years",Multiple rate definitions; see rate columns,NORDCAN 9.6 (30 June 2026),https://nordcan.iarc.fr/en/dataviz/trends?cancers=160&key=asr_n&populations=208_246_352_578_752&sexes=1_2&types=0_1&years=1960_2024,2026-07-30
208,Denmark,2,Female,1,Mortality,2002,160,Lung,C33-C34,27.22623981,39.87919378,59.68398652,50.27803852,53.09099376,1441,2714208,"per 100,000 person-years",Multiple rate definitions; see rate columns,NORDCAN 9.6 (30 June 2026),https://nordcan.iarc.fr/en/dataviz/trends?cancers=160&key=asr_n&populations=208_246_352_578_752&sexes=1_2&types=0_1&years=1960_2024,2026-07-30
208,Denmark,2,Female,1,Mortality,2003,160,Lung,C33-C34,27.82552071,40.77401378,61.09001147,51.44115944,54.24418483,1476,2721029,"per 100,000 person-years",Multiple rate definitions; see rate columns,NORDCAN 9.6 (30 June 2026),https://nordcan.iarc.fr/en/dataviz/trends?cancers=160&key=asr_n&populations=208_246_352_578_752&sexes=1_2&types=0_1&years=1960_2024,2026-07-30
208,Denmark,2,Female,1,Mortality,2004,160,Lung,C33-C34,28.9792378,42.82686825,65.08240942,55.14354696,58.84357356,1606,2729270,"per 100,000 person-years",Multiple rate definitions; see rate columns,NORDCAN 9.6 (30 June 2026),https://nordcan.iarc.fr/en/dataviz/trends?cancers=160&key=asr_n&populations=208_246_352_578_752&sexes=1_2&types=0_1&years=1960_2024,2026-07-30
208,Denmark,2,Female,1,Mortality,2005,160,Lung,C33-C34,30.07958696,44.29751266,66.78364484,56.38791482,60.12161012,1645,2736121,"per 100,000 person-years",Multiple rate definitions; see rate columns,NORDCAN 9.6 (30 June 2026),https://nordcan.iarc.fr/en/dataviz/trends?cancers=160&key=asr_n&populations=208_246_352_578_752&sexes=1_2&types=0_1&years=1960_2024,2026-07-30
208,Denmark,2,Female,1,Mortality,2006,160,Lung,C33-C34,29.65072981,44.08651741,67.60097653,57.27547406,62.05390783,1703,2744388,"per 100,000 person-years",Multiple rate definitions; see rate columns,NORDCAN 9.6 (30 June 2026),https://nordcan.iarc.fr/en/dataviz/trends?cancers=160&key=asr_n&populations=208_246_352_578_752&sexes=1_2&types=0_1&years=1960_2024,2026-07-30
208,Denmark,2,Female,1,Mortality,2007,160,Lung,C33-C34,26.48587511,39.73099266,61.56382424,52.43822904,56.59786221,1559,2754521,"per 100,000 person-years",Multiple rate definitions; see rate columns,NORDCAN 9.6 (30 June 2026),https://nordcan.iarc.fr/en/dataviz/trends?cancers=160&key=asr_n&populations=208_246_352_578_752&sexes=1_2&types=0_1&years=1960_2024,2026-07-30
208,Denmark,2,Female,1,Mortality,2008,160,Lung,C33-C34,28.35989314,42.64913325,66.69703984,56.67443537,61.82724053,1712,2769006,"per 100,000 person-years",Multiple rate definitions; see rate columns,NORDCAN 9.6 (30 June 2026),https://nordcan.iarc.fr/en/dataviz/trends?cancers=160&key=asr_n&populations=208_246_352_578_752&sexes=1_2&types=0_1&years=1960_2024,2026-07-30
208,Denmark,2,Female,1,Mortality,2009,160,Lung,C33-C34,28.68561609,43.17654695,67.07145174,56.89541701,62.76365586,1747,2783458,"per 100,000 person-years",Multiple rate definitions; see rate columns,NORDCAN 9.6 (30 June 2026),https://nordcan.iarc.fr/en/dataviz/trends?cancers=160&key=asr_n&populations=208_246_352_578_752&sexes=1_2&types=0_1&years=1960_2024,2026-07-30
208,Denmark,2,Female,1,Mortality,2010,160,Lung,C33-C34,28.15680557,42.57785705,67.03227326,56.76939945,63.24146866,1768,2795634,"per 100,000 person-years",Multiple rate definitions; see rate columns,NORDCAN 9.6 (30 June 2026),https://nordcan.iarc.fr/en/dataviz/trends?cancers=160&key=asr_n&populations=208_246_352_578_752&sexes=1_2&types=0_1&years=1960_2024,2026-07-30
208,Denmark,2,Female,1,Mortality,2011,160,Lung,C33-C34,27.40049927,41.54650841,65.95413605,55.83038936,63.09865337,1771,2806716,"per 100,000 person-years",Multiple rate definitions; see rate columns,NORDCAN 9.6 (30 June 2026),https://nordcan.iarc.fr/en/dataviz/trends?cancers=160&key=asr_n&populations=208_246_352_578_752&sexes=1_2&types=0_1&years=1960_2024,2026-07-30
208,Denmark,2,Female,1,Mortality,2012,160,Lung,C33-C34,27.09618216,41.3403617,66.11995272,56.10201644,64.17183705,1807,2815877,"per 100,000 person-years",Multiple rate definitions; see rate columns,NORDCAN 9.6 (30 June 2026),https://nordcan.iarc.fr/en/dataviz/trends?cancers=160&key=asr_n&populations=208_246_352_578_752&sexes=1_2&types=0_1&years=1960_2024,2026-07-30
208,Denmark,2,Female,1,Mortality,2013,160,Lung,C33-C34,25.92350568,39.7876715,64.72428495,54.93408099,63.51457456,1795,2826123,"per 100,000 person-years",Multiple rate definitions; see rate columns,NORDCAN 9.6 (30 June 2026),https://nordcan.iarc.fr/en/dataviz/trends?cancers=160&key=asr_n&populations=208_246_352_578_752&sexes=1_2&types=0_1&years=1960_2024,2026-07-30
208,Denmark,2,Female,1,Mortality,2014,160,Lung,C33-C34,26.10768714,39.41885594,62.6383361,52.83354376,62.67994073,1780,2839824,"per 100,000 person-years",Multiple rate definitions; see rate columns,NORDCAN 9.6 (30 June 2026),https://nordcan.iarc.fr/en/dataviz/trends?cancers=160&key=asr_n&populations=208_246_352_578_752&sexes=1_2&types=0_1&years=1960_2024,2026-07-30
208,Denmark,2,Female,1,Mortality,2015,160,Lung,C33-C34,26.21937585,39.52042679,62.9877788,53.13975214,64.07982595,1830,2855813,"per 100,000 person-years",Multiple rate definitions; see rate columns,NORDCAN 9.6 (30 June 2026),https://nordcan.iarc.fr/en/dataviz/trends?cancers=160&key=asr_n&populations=208_246_352_578_752&sexes=1_2&types=0_1&years=1960_2024,2026-07-30
208,Denmark,2,Female,1,Mortality,2016,160,Lung,C33-C34,24.72617526,37.48728674,60.541383,51.05642197,62.16047275,1788,2876426,"per 100,000 person-years",Multiple rate definitions; see rate columns,NORDCAN 9.6 (30 June 2026),https://nordcan.iarc.fr/en/dataviz/trends?cancers=160&key=asr_n&populations=208_246_352_578_752&sexes=1_2&types=0_1&years=1960_2024,2026-07-30
208,Denmark,2,Female,1,Mortality,2017,160,Lung,C33-C34,23.72894167,36.2876227,59.24601785,49.76845079,61.85762241,1790,2893742,"per 100,000 person-years",Multiple rate definitions; see rate columns,NORDCAN 9.6 (30 June 2026),https://nordcan.iarc.fr/en/dataviz/trends?cancers=160&key=asr_n&populations=208_246_352_578_752&sexes=1_2&types=0_1&years=1960_2024,2026-07-30
208,Denmark,2,Female,1,Mortality,2018,160,Lung,C33-C34,22.27449215,34.09142852,55.74062441,46.66234611,58.79648748,1710,2908337,"per 100,000 person-years",Multiple rate definitions; see rate columns,NORDCAN 9.6 (30 June 2026),https://nordcan.iarc.fr/en/dataviz/trends?cancers=160&key=asr_n&populations=208_246_352_578_752&sexes=1_2&types=0_1&years=1960_2024,2026-07-30
208,Denmark,2,Female,1,Mortality,2019,160,Lung,C33-C34,23.50774628,35.64911192,57.96243866,48.41997751,61.90710168,1808,2920505,"per 100,000 person-years",Multiple rate definitions; see rate columns,NORDCAN 9.6 (30 June 2026),https://nordcan.iarc.fr/en/dataviz/trends?cancers=160&key=asr_n&populations=208_246_352_578_752&sexes=1_2&types=0_1&years=1960_2024,2026-07-30
208,Denmark,2,Female,1,Mortality,2020,160,Lung,C33-C34,21.06318639,32.18405168,53.35125887,44.31863727,58.10059224,1701,2927681,"per 100,000 person-years",Multiple rate definitions; see rate columns,NORDCAN 9.6 (30 June 2026),https://nordcan.iarc.fr/en/dataviz/trends?cancers=160&key=asr_n&populations=208_246_352_578_752&sexes=1_2&types=0_1&years=1960_2024,2026-07-30
208,Denmark,2,Female,1,Mortality,2021,160,Lung,C33-C34,20.44736049,31.44462503,52.19970398,43.5141355,57.83131219,1700,2939584,"per 100,000 person-years",Multiple rate definitions; see rate columns,NORDCAN 9.6 (30 June 2026),https://nordcan.iarc.fr/en/dataviz/trends?cancers=160&key=asr_n&populations=208_246_352_578_752&sexes=1_2&types=0_1&years=1960_2024,2026-07-30
208,Denmark,2,Female,1,Mortality,2022,160,Lung,C33-C34,20.4984935,31.65948394,52.91131425,44.1122459,59.17267252,1759,2972656,"per 100,000 person-years",Multiple rate definitions; see rate columns,NORDCAN 9.6 (30 June 2026),https://nordcan.iarc.fr/en/dataviz/trends?cancers=160&key=asr_n&populations=208_246_352_578_752&sexes=1_2&types=0_1&years=1960_2024,2026-07-30
208,Denmark,2,Female,1,Mortality,2023,160,Lung,C33-C34,18.51706885,28.96696577,49.5875414,41.29278311,56.47715703,1688,2988819,"per 100,000 person-years",Multiple rate definitions; see rate columns,NORDCAN 9.6 (30 June 2026),https://nordcan.iarc.fr/en/dataviz/trends?cancers=160&key=asr_n&populations=208_246_352_578_752&sexes=1_2&types=0_1&years=1960_2024,2026-07-30
208,Denmark,2,Female,1,Mortality,2024,160,Lung,C33-C34,19.61511894,30.44810005,51.49489092,42.97500887,59.04493076,1773,3002798,"per 100,000 person-years",Multiple rate definitions; see rate columns,NORDCAN 9.6 (30 June 2026),https://nordcan.iarc.fr/en/dataviz/trends?cancers=160&key=asr_n&populations=208_246_352_578_752&sexes=1_2&types=0_1&years=1960_2024,2026-07-30
246,Finland,2,Female,1,Mortality,1960,160,Lung,C33-C34,2.632705038,3.940587499,6.126418058,5.282770567,3.292439149,75.6,2296170,"per 100,000 person-years",Multiple rate definitions; see rate columns,NORDCAN 9.6 (30 June 2026),https://nordcan.iarc.fr/en/dataviz/trends?cancers=160&key=asr_n&populations=208_246_352_578_752&sexes=1_2&types=0_1&years=1960_2024,2026-07-30
246,Finland,2,Female,1,Mortality,1961,160,Lung,C33-C34,3.647437399,5.377720219,8.051911335,6.896596652,4.612848514,106.6,2310936.5,"per 100,000 person-years",Multiple rate definitions; see rate columns,NORDCAN 9.6 (30 June 2026),https://nordcan.iarc.fr/en/dataviz/trends?cancers=160&key=asr_n&populations=208_246_352_578_752&sexes=1_2&types=0_1&years=1960_2024,2026-07-30
246,Finland,2,Female,1,Mortality,1962,160,Lung,C33-C34,3.483590304,5.086904289,7.617997814,6.510641392,4.412060665,102.6,2325444,"per 100,000 person-years",Multiple rate definitions; see rate columns,NORDCAN 9.6 (30 June 2026),https://nordcan.iarc.fr/en/dataviz/trends?cancers=160&key=asr_n&populations=208_246_352_578_752&sexes=1_2&types=0_1&years=1960_2024,2026-07-30
246,Finland,2,Female,1,Mortality,1963,160,Lung,C33-C34,3.722539105,5.53280833,8.471158586,7.23056471,4.852896573,113.6,2340870,"per 100,000 person-years",Multiple rate definitions; see rate columns,NORDCAN 9.6 (30 June 2026),https://nordcan.iarc.fr/en/dataviz/trends?cancers=160&key=asr_n&populations=208_246_352_578_752&sexes=1_2&types=0_1&years=1960_2024,2026-07-30
246,Finland,2,Female,1,Mortality,1964,160,Lung,C33-C34,3.564292894,5.287267612,8.249669534,7.035418991,4.700389482,110.6,2352996.5,"per 100,000 person-years",Multiple rate definitions; see rate columns,NORDCAN 9.6 (30 June 2026),https://nordcan.iarc.fr/en/dataviz/trends?cancers=160&key=asr_n&populations=208_246_352_578_752&sexes=1_2&types=0_1&years=1960_2024,2026-07-30
246,Finland,2,Female,1,Mortality,1965,160,Lung,C33-C34,3.929156315,5.913808343,9.188628736,7.854833522,5.178105428,122.2,2359936.5,"per 100,000 person-years",Multiple rate definitions; see rate columns,NORDCAN 9.6 (30 June 2026),https://nordcan.iarc.fr/en/dataviz/trends?cancers=160&key=asr_n&populations=208_246_352_578_752&sexes=1_2&types=0_1&years=1960_2024,2026-07-30
246,Finland,2,Female,1,Mortality,1966,160,Lung,C33-C34,3.710328628,5.543564907,8.83943267,7.49764724,4.90721168,116.2,2367943.5,"per 100,000 person-years",Multiple rate definitions; see rate columns,NORDCAN 9.6 (30 June 2026),https://nordcan.iarc.fr/en/dataviz/trends?cancers=160&key=asr_n&populations=208_246_352_578_752&sexes=1_2&types=0_1&years=1960_2024,2026-07-30
246,Finland,2,Female,1,Mortality,1967,160,Lung,C33-C34,3.978217662,5.892256948,9.10432064,7.702225438,5.302189065,126.2,2380149,"per 100,000 person-years",Multiple rate definitions; see rate columns,NORDCAN 9.6 (30 June 2026),https://nordcan.iarc.fr/en/dataviz/trends?cancers=160&key=asr_n&populations=208_246_352_578_752&sexes=1_2&types=0_1&years=1960_2024,2026-07-30
246,Finland,2,Female,1,Mortality,1968,160,Lung,C33-C34,4.108248801,6.065994811,9.25138984,7.8785831140000004,5.572443014,133.2,2390334,"per 100,000 person-years",Multiple rate definitions; see rate columns,NORDCAN 9.6 (30 June 2026),https://nordcan.iarc.fr/en/dataviz/trends?cancers=160&key=asr_n&populations=208_246_352_578_752&sexes=1_2&types=0_1&years=1960_2024,2026-07-30
246,Finland,2,Female,1,Mortality,1969,160,Lung,C33-C34,3.628570867,5.48867356,8.747958194,7.465887433,5.157324563,123.2,2388835.5,"per 100,000 person-years",Multiple rate definitions; see rate columns,NORDCAN 9.6 (30 June 2026),https://nordcan.iarc.fr/en/dataviz/trends?cancers=160&key=asr_n&populations=208_246_352_578_752&sexes=1_2&types=0_1&years=1960_2024,2026-07-30
246,Finland,2,Female,1,Mortality,1970,160,Lung,C33-C34,4.1592917720000004,6.215738619,9.82880303,8.383491425,5.971765142,142.2,2381205.5,"per 100,000 person-years",Multiple rate definitions; see rate columns,NORDCAN 9.6 (30 June 2026),https://nordcan.iarc.fr/en/dataviz/trends?cancers=160&key=asr_n&populations=208_246_352_578_752&sexes=1_2&types=0_1&years=1960_2024,2026-07-30
246,Finland,2,Female,1,Mortality,1971,160,Lung,C33-C34,4.393686587,6.704082706,10.50937441,9.040658077,6.548955961,156.2,2385113,"per 100,000 person-years",Multiple rate definitions; see rate columns,NORDCAN 9.6 (30 June 2026),https://nordcan.iarc.fr/en/dataviz/trends?cancers=160&key=asr_n&populations=208_246_352_578_752&sexes=1_2&types=0_1&years=1960_2024,2026-07-30
246,Finland,2,Female,1,Mortality,1972,160,Lung,C33-C34,4.721394257,6.865115051,10.31706189,8.756720459,6.930453401,166.2,2398111.5,"per 100,000 person-years",Multiple rate definitions; see rate columns,NORDCAN 9.6 (30 June 2026),https://nordcan.iarc.fr/en/dataviz/trends?cancers=160&key=asr_n&populations=208_246_352_578_752&sexes=1_2&types=0_1&years=1960_2024,2026-07-30
246,Finland,2,Female,1,Mortality,1973,160,Lung,C33-C34,3.791327357,5.657743039,8.920124357,7.537975279,5.816260514,140.2,2410483.5,"per 100,000 person-years",Multiple rate definitions; see rate columns,NORDCAN 9.6 (30 June 2026),https://nordcan.iarc.fr/en/dataviz/trends?cancers=160&key=asr_n&populations=208_246_352_578_752&sexes=1_2&types=0_1&years=1960_2024,2026-07-30
246,Finland,2,Female,1,Mortality,1974,160,Lung,C33-C34,4.431611607,6.556093172,10.01242944,8.531704165,6.81913262,165.2,2422595.5,"per 100,000 person-years",Multiple rate definitions; see rate columns,NORDCAN 9.6 (30 June 2026),https://nordcan.iarc.fr/en/dataviz/trends?cancers=160&key=asr_n&populations=208_246_352_578_752&sexes=1_2&types=0_1&years=1960_2024,2026-07-30
246,Finland,2,Female,1,Mortality,1975,160,Lung,C33-C34,4.557100308,6.869328103,10.99260399,9.362610071,7.207801027,175.4,2433474.5,"per 100,000 person-years",Multiple rate definitions; see rate columns,NORDCAN 9.6 (30 June 2026),https://nordcan.iarc.fr/en/dataviz/trends?cancers=160&key=asr_n&populations=208_246_352_578_752&sexes=1_2&types=0_1&years=1960_2024,2026-07-30
246,Finland,2,Female,1,Mortality,1976,160,Lung,C33-C34,5.279395343,7.809776735,12.03715032,10.20292262,8.331249497,203.4,2441410.5,"per 100,000 person-years",Multiple rate definitions; see rate columns,NORDCAN 9.6 (30 June 2026),https://nordcan.iarc.fr/en/dataviz/trends?cancers=160&key=asr_n&populations=208_246_352_578_752&sexes=1_2&types=0_1&years=1960_2024,2026-07-30
246,Finland,2,Female,1,Mortality,1977,160,Lung,C33-C34,5.880049108,8.70490044,13.20422509,11.4004699,9.493962408,232.4,2447871.5,"per 100,000 person-years",Multiple rate definitions; see rate columns,NORDCAN 9.6 (30 June 2026),https://nordcan.iarc.fr/en/dataviz/trends?cancers=160&key=asr_n&populations=208_246_352_578_752&sexes=1_2&types=0_1&years=1960_2024,2026-07-30
246,Finland,2,Female,1,Mortality,1978,160,Lung,C33-C34,5.174968977,7.509555439,11.1735796,9.448884545,8.246755641,202.4,2454298.5,"per 100,000 person-years",Multiple rate definitions; see rate columns,NORDCAN 9.6 (30 June 2026),https://nordcan.iarc.fr/en/dataviz/trends?cancers=160&key=asr_n&populations=208_246_352_578_752&sexes=1_2&types=0_1&years=1960_2024,2026-07-30
246,Finland,2,Female,1,Mortality,1979,160,Lung,C33-C34,5.335062712,7.889486664,12.0744198,10.32883439,9.159239515,225.4,2460903,"per 100,000 person-years",Multiple rate definitions; see rate columns,NORDCAN 9.6 (30 June 2026),https://nordcan.iarc.fr/en/dataviz/trends?cancers=160&key=asr_n&populations=208_246_352_578_752&sexes=1_2&types=0_1&years=1960_2024,2026-07-30
246,Finland,2,Female,1,Mortality,1980,160,Lung,C33-C34,6.252932788,9.348585023,14.53369149,12.30008185,10.9611392,270.6,2468721.5,"per 100,000 person-years",Multiple rate definitions; see rate columns,NORDCAN 9.6 (30 June 2026),https://nordcan.iarc.fr/en/dataviz/trends?cancers=160&key=asr_n&populations=208_246_352_578_752&sexes=1_2&types=0_1&years=1960_2024,2026-07-30
246,Finland,2,Female,1,Mortality,1981,160,Lung,C33-C34,5.881767727,8.690519209,13.42065674,11.28014915,10.23073205,253.6,2478806,"per 100,000 person-years",Multiple rate definitions; see rate columns,NORDCAN 9.6 (30 June 2026),https://nordcan.iarc.fr/en/dataviz/trends?cancers=160&key=asr_n&populations=208_246_352_578_752&sexes=1_2&types=0_1&years=1960_2024,2026-07-30
246,Finland,2,Female,1,Mortality,1982,160,Lung,C33-C34,5.625079359,8.30966698,12.82466852,10.78262942,10.05714231,250.6,2491761.5,"per 100,000 person-years",Multiple rate definitions; see rate columns,NORDCAN 9.6 (30 June 2026),https://nordcan.iarc.fr/en/dataviz/trends?cancers=160&key=asr_n&populations=208_246_352_578_752&sexes=1_2&types=0_1&years=1960_2024,2026-07-30
246,Finland,2,Female,1,Mortality,1983,160,Lung,C33-C34,5.583622008,8.254630093,12.57920683,10.73598994,10.0408418,251.6,2505766,"per 100,000 person-years",Multiple rate definitions; see rate columns,NORDCAN 9.6 (30 June 2026),https://nordcan.iarc.fr/en/dataviz/trends?cancers=160&key=asr_n&populations=208_246_352_578_752&sexes=1_2&types=0_1&years=1960_2024,2026-07-30
246,Finland,2,Female,1,Mortality,1984,160,Lung,C33-C34,5.803097658,8.616648137,13.19359924,11.29754419,10.74405136,270.6,2518603,"per 100,000 person-years",Multiple rate definitions; see rate columns,NORDCAN 9.6 (30 June 2026),https://nordcan.iarc.fr/en/dataviz/trends?cancers=160&key=asr_n&populations=208_246_352_578_752&sexes=1_2&types=0_1&years=1960_2024,2026-07-30
246,Finland,2,Female,1,Mortality,1985,160,Lung,C33-C34,7.005340425,10.33992728,15.88864795,13.39563014,12.93153563,327,2528702,"per 100,000 person-years",Multiple rate definitions; see rate columns,NORDCAN 9.6 (30 June 2026),https://nordcan.iarc.fr/en/dataviz/trends?cancers=160&key=asr_n&populations=208_246_352_578_752&sexes=1_2&types=0_1&years=1960_2024,2026-07-30
246,Finland,2,Female,1,Mortality,1986,160,Lung,C33-C34,6.328520609,9.298248549,14.38343213,12.05841678,11.86753622,301,2536331,"per 100,000 person-years",Multiple rate definitions; see rate columns,NORDCAN 9.6 (30 June 2026),https://nordcan.iarc.fr/en/dataviz/trends?cancers=160&key=asr_n&populations=208_246_352_578_752&sexes=1_2&types=0_1&years=1960_2024,2026-07-30
246,Finland,2,Female,1,Mortality,1987,160,Lung,C33-C34,6.546958262,9.598283038,14.42034979,12.20200388,12.03418653,306,2542756,"per 100,000 person-years",Multiple rate definitions; see rate columns,NORDCAN 9.6 (30 June 2026),https://nordcan.iarc.fr/en/dataviz/trends?cancers=160&key=asr_n&populations=208_246_352_578_752&sexes=1_2&types=0_1&years=1960_2024,2026-07-30
246,Finland,2,Female,1,Mortality,1988,160,Lung,C33-C34,6.448439803,9.624990785,14.98763182,12.65502101,12.74828511,325,2549362.5,"per 100,000 person-years",Multiple rate definitions; see rate columns,NORDCAN 9.6 (30 June 2026),https://nordcan.iarc.fr/en/dataviz/trends?cancers=160&key=asr_n&populations=208_246_352_578_752&sexes=1_2&types=0_1&years=1960_2024,2026-07-30
246,Finland,2,Female,1,Mortality,1989,160,Lung,C33-C34,6.418303461,9.596270146,15.01162675,12.71661844,12.74778507,326,2557307,"per 100,000 person-years",Multiple rate definitions; see rate columns,NORDCAN 9.6 (30 June 2026),https://nordcan.iarc.fr/en/dataviz/trends?cancers=160&key=asr_n&populations=208_246_352_578_752&sexes=1_2&types=0_1&years=1960_2024,2026-07-30
246,Finland,2,Female,1,Mortality,1990,160,Lung,C33-C34,6.823284541,10.12648585,15.66340143,13.20525588,13.51799617,347,2566948.5,"per 100,000 person-years",Multiple rate definitions; see rate columns,NORDCAN 9.6 (30 June 2026),https://nordcan.iarc.fr/en/dataviz/trends?cancers=160&key=asr_n&populations=208_246_352_578_752&sexes=1_2&types=0_1&years=1960_2024,2026-07-30
246,Finland,2,Female,1,Mortality,1991,160,Lung,C33-C34,7.084670703,10.36498853,15.72851744,13.27845078,13.531763,349,2579117,"per 100,000 person-years",Multiple rate definitions; see rate columns,NORDCAN 9.6 (30 June 2026),https://nordcan.iarc.fr/en/dataviz/trends?cancers=160&key=asr_n&populations=208_246_352_578_752&sexes=1_2&types=0_1&years=1960_2024,2026-07-30
246,Finland,2,Female,1,Mortality,1992,160,Lung,C33-C34,7.586387382,11.17387962,17.1777821,14.54452865,14.93153486,387,2591830,"per 100,000 person-years",Multiple rate definitions; see rate columns,NORDCAN 9.6 (30 June 2026),https://nordcan.iarc.fr/en/dataviz/trends?cancers=160&key=asr_n&populations=208_246_352_578_752&sexes=1_2&types=0_1&years=1960_2024,2026-07-30
246,Finland,2,Female,1,Mortality,1993,160,Lung,C33-C34,6.832675725,10.23279728,16.09904025,13.57173718,13.98543363,364,2602708,"per 100,000 person-years",Multiple rate definitions; see rate columns,NORDCAN 9.6 (30 June 2026),https://nordcan.iarc.fr/en/dataviz/trends?cancers=160&key=asr_n&populations=208_246_352_578_752&sexes=1_2&types=0_1&years=1960_2024,2026-07-30
246,Finland,2,Female,1,Mortality,1994,160,Lung,C33-C34,7.057820754,10.56155496,16.69742002,14.14088768,14.77562581,386,2612410.5,"per 100,000 person-years",Multiple rate definitions; see rate columns,NORDCAN 9.6 (30 June 2026),https://nordcan.iarc.fr/en/dataviz/trends?cancers=160&key=asr_n&populations=208_246_352_578_752&sexes=1_2&types=0_1&years=1960_2024,2026-07-30
246,Finland,2,Female,1,Mortality,1995,160,Lung,C33-C34,7.004321696,10.36742748,16.04209401,13.60209661,14.28399746,374.4,2621115,"per 100,000 person-years",Multiple rate definitions; see rate columns,NORDCAN 9.6 (30 June 2026),https://nordcan.iarc.fr/en/dataviz/trends?cancers=160&key=asr_n&populations=208_246_352_578_752&sexes=1_2&types=0_1&years=1960_2024,2026-07-30
246,Finland,2,Female,1,Mortality,1996,160,Lung,C33-C34,7.199224721,10.78277293,17.10764842,14.40274312,15.2715058,401.4,2628424.5,"per 100,000 person-years",Multiple rate definitions; see rate columns,NORDCAN 9.6 (30 June 2026),https://nordcan.iarc.fr/en/dataviz/trends?cancers=160&key=asr_n&populations=208_246_352_578_752&sexes=1_2&types=0_1&years=1960_2024,2026-07-30
246,Finland,2,Female,1,Mortality,1997,160,Lung,C33-C34,7.244172907,10.80126171,16.79134742,14.17399272,15.11961632,398.4,2634987.5,"per 100,000 person-years",Multiple rate definitions; see rate columns,NORDCAN 9.6 (30 June 2026),https://nordcan.iarc.fr/en/dataviz/trends?cancers=160&key=asr_n&populations=208_246_352_578_752&sexes=1_2&types=0_1&years=1960_2024,2026-07-30
246,Finland,2,Female,1,Mortality,1998,160,Lung,C33-C34,8.094184934,12.2241031,19.28166598,16.34902973,17.62270671,465.4,2640911,"per 100,000 person-years",Multiple rate definitions; see rate columns,NORDCAN 9.6 (30 June 2026),https://nordcan.iarc.fr/en/dataviz/trends?cancers=160&key=asr_n&populations=208_246_352_578_752&sexes=1_2&types=0_1&years=1960_2024,2026-07-30
246,Finland,2,Female,1,Mortality,1999,160,Lung,C33-C34,7.00871429,10.72073387,17.39855952,14.80649307,16.11535632,426.4,2645923.5,"per 100,000 person-years",Multiple rate definitions; see rate columns,NORDCAN 9.6 (30 June 2026),https://nordcan.iarc.fr/en/dataviz/trends?cancers=160&key=asr_n&populations=208_246_352_578_752&sexes=1_2&types=0_1&years=1960_2024,2026-07-30
246,Finland,2,Female,1,Mortality,2000,160,Lung,C33-C34,7.658192739,11.60992802,18.50525657,15.7173441,17.35832681,460,2650025,"per 100,000 person-years",Multiple rate definitions; see rate columns,NORDCAN 9.6 (30 June 2026),https://nordcan.iarc.fr/en/dataviz/trends?cancers=160&key=asr_n&populations=208_246_352_578_752&sexes=1_2&types=0_1&years=1960_2024,2026-07-30
246,Finland,2,Female,1,Mortality,2001,160,Lung,C33-C34,8.063012652,12.10769857,19.10723979,16.27130368,18.1575784,482,2654539,"per 100,000 person-years",Multiple rate definitions; see rate columns,NORDCAN 9.6 (30 June 2026),https://nordcan.iarc.fr/en/dataviz/trends?cancers=160&key=asr_n&populations=208_246_352_578_752&sexes=1_2&types=0_1&years=1960_2024,2026-07-30
246,Finland,2,Female,1,Mortality,2002,160,Lung,C33-C34,8.049159612,11.9986455,18.52430602,15.69475899,17.71115143,471,2659341.5,"per 100,000 person-years",Multiple rate definitions; see rate columns,NORDCAN 9.6 (30 June 2026),https://nordcan.iarc.fr/en/dataviz/trends?cancers=160&key=asr_n&populations=208_246_352_578_752&sexes=1_2&types=0_1&years=1960_2024,2026-07-30
246,Finland,2,Female,1,Mortality,2003,160,Lung,C33-C34,8.597812112,13.02785029,20.6616649,17.57864716,20.08176092,535,2664109,"per 100,000 person-years",Multiple rate definitions; see rate columns,NORDCAN 9.6 (30 June 2026),https://nordcan.iarc.fr/en/dataviz/trends?cancers=160&key=asr_n&populations=208_246_352_578_752&sexes=1_2&types=0_1&years=1960_2024,2026-07-30
246,Finland,2,Female,1,Mortality,2004,160,Lung,C33-C34,8.201093402,12.33453225,19.40276219,16.51553397,19.13365721,511,2670686.5,"per 100,000 person-years",Multiple rate definitions; see rate columns,NORDCAN 9.6 (30 June 2026),https://nordcan.iarc.fr/en/dataviz/trends?cancers=160&key=asr_n&populations=208_246_352_578_752&sexes=1_2&types=0_1&years=1960_2024,2026-07-30
246,Finland,2,Female,1,Mortality,2005,160,Lung,C33-C34,8.218109107,12.43220034,19.67303647,16.83208493,19.88142815,532.6,2678882,"per 100,000 person-years",Multiple rate definitions; see rate columns,NORDCAN 9.6 (30 June 2026),https://nordcan.iarc.fr/en/dataviz/trends?cancers=160&key=asr_n&populations=208_246_352_578_752&sexes=1_2&types=0_1&years=1960_2024,2026-07-30
246,Finland,2,Female,1,Mortality,2006,160,Lung,C33-C34,8.29737589,12.52695013,19.96769059,16.9537897,20.33314591,546.6,2688221.5,"per 100,000 person-years",Multiple rate definitions; see rate columns,NORDCAN 9.6 (30 June 2026),https://nordcan.iarc.fr/en/dataviz/trends?cancers=160&key=asr_n&populations=208_246_352_578_752&sexes=1_2&types=0_1&years=1960_2024,2026-07-30
246,Finland,2,Female,1,Mortality,2007,160,Lung,C33-C34,9.0093982,13.39419896,20.42088831,17.39499452,21.03425849,567.6,2698455,"per 100,000 person-years",Multiple rate definitions; see rate columns,NORDCAN 9.6 (30 June 2026),https://nordcan.iarc.fr/en/dataviz/trends?cancers=160&key=asr_n&populations=208_246_352_578_752&sexes=1_2&types=0_1&years=1960_2024,2026-07-30
246,Finland,2,Female,1,Mortality,2008,160,Lung,C33-C34,9.327357826,13.99596754,21.87856558,18.46321145,22.72275106,615.6,2709179,"per 100,000 person-years",Multiple rate definitions; see rate columns,NORDCAN 9.6 (30 June 2026),https://nordcan.iarc.fr/en/dataviz/trends?cancers=160&key=asr_n&populations=208_246_352_578_752&sexes=1_2&types=0_1&years=1960_2024,2026-07-30
246,Finland,2,Female,1,Mortality,2009,160,Lung,C33-C34,9.258108851,13.70349152,21.08458603,17.80671516,22.18701233,603.6,2720510.5,"per 100,000 person-years",Multiple rate definitions; see rate columns,NORDCAN 9.6 (30 June 2026),https://nordcan.iarc.fr/en/dataviz/trends?cancers=160&key=asr_n&populations=208_246_352_578_752&sexes=1_2&types=0_1&years=1960_2024,2026-07-30
246,Finland,2,Female,1,Mortality,2010,160,Lung,C33-C34,9.729187457,14.59170214,23.1549423,19.38547602,24.59355472,671.8,2731610,"per 100,000 person-years",Multiple rate definitions; see rate columns,NORDCAN 9.6 (30 June 2026),https://nordcan.iarc.fr/en/dataviz/trends?cancers=160&key=asr_n&populations=208_246_352_578_752&sexes=1_2&types=0_1&years=1960_2024,2026-07-30
246,Finland,2,Female,1,Mortality,2011,160,Lung,C33-C34,9.75476456,14.63028613,22.98202082,19.28329433,24.67554556,676.8,2742796.5,"per 100,000 person-years",Multiple rate definitions; see rate columns,NORDCAN 9.6 (30 June 2026),https://nordcan.iarc.fr/en/dataviz/trends?cancers=160&key=asr_n&populations=208_246_352_578_752&sexes=1_2&types=0_1&years=1960_2024,2026-07-30
246,Finland,2,Female,1,Mortality,2012,160,Lung,C33-C34,10.28748113,15.46699934,24.66678395,20.61533262,26.85891717,739.8,2754392.5,"per 100,000 person-years",Multiple rate definitions; see rate columns,NORDCAN 9.6 (30 June 2026),https://nordcan.iarc.fr/en/dataviz/trends?cancers=160&key=asr_n&populations=208_246_352_578_752&sexes=1_2&types=0_1&years=1960_2024,2026-07-30
246,Finland,2,Female,1,Mortality,2013,160,Lung,C33-C34,10.09417991,15.05309439,23.70038249,19.64636352,26.13652101,722.8,2765479,"per 100,000 person-years",Multiple rate definitions; see rate columns,NORDCAN 9.6 (30 June 2026),https://nordcan.iarc.fr/en/dataviz/trends?cancers=160&key=asr_n&populations=208_246_352_578_752&sexes=1_2&types=0_1&years=1960_2024,2026-07-30
246,Finland,2,Female,1,Mortality,2014,160,Lung,C33-C34,10.25768009,15.51830255,24.94295964,20.8867207,27.77259334,770.8,2775398,"per 100,000 person-years",Multiple rate definitions; see rate columns,NORDCAN 9.6 (30 June 2026),https://nordcan.iarc.fr/en/dataviz/trends?cancers=160&key=asr_n&populations=208_246_352_578_752&sexes=1_2&types=0_1&years=1960_2024,2026-07-30
246,Finland,2,Female,1,Mortality,2015,160,Lung,C33-C34,10.17324855,15.26734693,24.44994142,20.25829001,27.90660236,776.6,2782854,"per 100,000 person-years",Multiple rate definitions; see rate columns,NORDCAN 9.6 (30 June 2026),https://nordcan.iarc.fr/en/dataviz/trends?cancers=160&key=asr_n&populations=208_246_352_578_752&sexes=1_2&types=0_1&years=1960_2024,2026-07-30
246,Finland,2,Female,1,Mortality,2016,160,Lung,C33-C34,10.20804391,15.36977466,24.48421056,20.42306226,28.03047202,781.6,2788394,"per 100,000 person-years",Multiple rate definitions; see rate columns,NORDCAN 9.6 (30 June 2026),https://nordcan.iarc.fr/en/dataviz/trends?cancers=160&key=asr_n&populations=208_246_352_578_752&sexes=1_2&types=0_1&years=1960_2024,2026-07-30
246,Finland,2,Female,1,Mortality,2017,160,Lung,C33-C34,9.636075754,14.60803075,23.71532609,19.76520166,27.81036027,776.6,2792484.5,"per 100,000 person-years",Multiple rate definitions; see rate columns,NORDCAN 9.6 (30 June 2026),https://nordcan.iarc.fr/en/dataviz/trends?cancers=160&key=asr_n&populations=208_246_352_578_752&sexes=1_2&types=0_1&years=1960_2024,2026-07-30
246,Finland,2,Female,1,Mortality,2018,160,Lung,C33-C34,9.842748415,14.97477517,24.39632182,20.31179274,29.08048272,812.6,2794314,"per 100,000 person-years",Multiple rate definitions; see rate columns,NORDCAN 9.6 (30 June 2026),https://nordcan.iarc.fr/en/dataviz/trends?cancers=160&key=asr_n&populations=208_246_352_578_752&sexes=1_2&types=0_1&years=1960_2024,2026-07-30
246,Finland,2,Female,1,Mortality,2019,160,Lung,C33-C34,9.701454628,14.9378343,24.92641845,20.84497608,30.24504892,845.6,2795829.5,"per 100,000 person-years",Multiple rate definitions; see rate columns,NORDCAN 9.6 (30 June 2026),https://nordcan.iarc.fr/en/dataviz/trends?cancers=160&key=asr_n&populations=208_246_352_578_752&sexes=1_2&types=0_1&years=1960_2024,2026-07-30
246,Finland,2,Female,1,Mortality,2020,160,Lung,C33-C34,10.19650699,15.4991912,25.32995775,21.03884794,31.22378625,873.8,2798507.5,"per 100,000 person-years",Multiple rate definitions; see rate columns,NORDCAN 9.6 (30 June 2026),https://nordcan.iarc.fr/en/dataviz/trends?cancers=160&key=asr_n&populations=208_246_352_578_752&sexes=1_2&types=0_1&years=1960_2024,2026-07-30
246,Finland,2,Female,1,Mortality,2021,160,Lung,C33-C34,9.698956576,14.87587922,24.40199515,20.40907663,30.42929462,852.8,2802562.5,"per 100,000 person-years",Multiple rate definitions; see rate columns,NORDCAN 9.6 (30 June 2026),https://nordcan.iarc.fr/en/dataviz/trends?cancers=160&key=asr_n&populations=208_246_352_578_752&sexes=1_2&types=0_1&years=1960_2024,2026-07-30
246,Finland,2,Female,1,Mortality,2022,160,Lung,C33-C34,9.70243294,15.031157,25.42551503,21.00737338,32.58047668,914.8,2807816.5,"per 100,000 person-years",Multiple rate definitions; see rate columns,NORDCAN 9.6 (30 June 2026),https://nordcan.iarc.fr/en/dataviz/trends?cancers=160&key=asr_n&populations=208_246_352_578_752&sexes=1_2&types=0_1&years=1960_2024,2026-07-30
246,Finland,2,Female,1,Mortality,2023,160,Lung,C33-C34,9.610204623,14.87359722,24.72633176,20.76075883,31.6216129,891.8,2820223,"per 100,000 person-years",Multiple rate definitions; see rate columns,NORDCAN 9.6 (30 June 2026),https://nordcan.iarc.fr/en/dataviz/trends?cancers=160&key=asr_n&populations=208_246_352_578_752&sexes=1_2&types=0_1&years=1960_2024,2026-07-30
246,Finland,2,Female,1,Mortality,2024,160,Lung,C33-C34,8.997172205,13.87016002,23.14377603,19.33225535,29.9128552,848.8,2837576,"per 100,000 person-years",Multiple rate definitions; see rate columns,NORDCAN 9.6 (30 June 2026),https://nordcan.iarc.fr/en/dataviz/trends?cancers=160&key=asr_n&populations=208_246_352_578_752&sexes=1_2&types=0_1&years=1960_2024,2026-07-30
352,Iceland,2,Female,1,Mortality,1960,160,Lung,C33-C34,12.30896694,17.34429909,25.58496235,21.95051075,13.78819041,12,87031,"per 100,000 person-years",Multiple rate definitions; see rate columns,NORDCAN 9.6 (30 June 2026),https://nordcan.iarc.fr/en/dataviz/trends?cancers=160&key=asr_n&populations=208_246_352_578_752&sexes=1_2&types=0_1&years=1960_2024,2026-07-30
352,Iceland,2,Female,1,Mortality,1961,160,Lung,C33-C34,3.221684234,5.028129928,9.40480671,8.701248489,4.519620804,4,88503,"per 100,000 person-years",Multiple rate definitions; see rate columns,NORDCAN 9.6 (30 June 2026),https://nordcan.iarc.fr/en/dataviz/trends?cancers=160&key=asr_n&populations=208_246_352_578_752&sexes=1_2&types=0_1&years=1960_2024,2026-07-30
352,Iceland,2,Female,1,Mortality,1962,160,Lung,C33-C34,2.66718921,4.334339519,6.710785731,5.769798073,3.332222592,3,90030,"per 100,000 person-years",Multiple rate definitions; see rate columns,NORDCAN 9.6 (30 June 2026),https://nordcan.iarc.fr/en/dataviz/trends?cancers=160&key=asr_n&populations=208_246_352_578_752&sexes=1_2&types=0_1&years=1960_2024,2026-07-30
352,Iceland,2,Female,1,Mortality,1963,160,Lung,C33-C34,2.920703476,4.584400763,6.012732121,5.678264382,3.271716015,3,91695,"per 100,000 person-years",Multiple rate definitions; see rate columns,NORDCAN 9.6 (30 June 2026),https://nordcan.iarc.fr/en/dataviz/trends?cancers=160&key=asr_n&populations=208_246_352_578_752&sexes=1_2&types=0_1&years=1960_2024,2026-07-30
352,Iceland,2,Female,1,Mortality,1964,160,Lung,C33-C34,10.74057854,14.43344633,17.46590842,15.58722444,10.70675275,10,93399,"per 100,000 person-years",Multiple rate definitions; see rate columns,NORDCAN 9.6 (30 June 2026),https://nordcan.iarc.fr/en/dataviz/trends?cancers=160&key=asr_n&populations=208_246_352_578_752&sexes=1_2&types=0_1&years=1960_2024,2026-07-30
352,Iceland,2,Female,1,Mortality,1965,160,Lung,C33-C34,6.030406915,9.167790504,14.02889014,11.49372052,7.360208609,7,95106,"per 100,000 person-years",Multiple rate definitions; see rate columns,NORDCAN 9.6 (30 June 2026),https://nordcan.iarc.fr/en/dataviz/trends?cancers=160&key=asr_n&populations=208_246_352_578_752&sexes=1_2&types=0_1&years=1960_2024,2026-07-30
352,Iceland,2,Female,1,Mortality,1966,160,Lung,C33-C34,8.654560306,12.4094346,16.68885126,15.03955622,9.304537513,9,96727,"per 100,000 person-years",Multiple rate definitions; see rate columns,NORDCAN 9.6 (30 June 2026),https://nordcan.iarc.fr/en/dataviz/trends?cancers=160&key=asr_n&populations=208_246_352_578_752&sexes=1_2&types=0_1&years=1960_2024,2026-07-30
352,Iceland,2,Female,1,Mortality,1967,160,Lung,C33-C34,8.685409353,12.36222491,15.57577119,14.63112756,9.163849631,9,98212,"per 100,000 person-years",Multiple rate definitions; see rate columns,NORDCAN 9.6 (30 June 2026),https://nordcan.iarc.fr/en/dataviz/trends?cancers=160&key=asr_n&populations=208_246_352_578_752&sexes=1_2&types=0_1&years=1960_2024,2026-07-30
352,Iceland,2,Female,1,Mortality,1968,160,Lung,C33-C34,7.262101971,10.3725667,14.32157294,12.49208921,8.041979131,8,99478,"per 100,000 person-years",Multiple rate definitions; see rate columns,NORDCAN 9.6 (30 June 2026),https://nordcan.iarc.fr/en/dataviz/trends?cancers=160&key=asr_n&populations=208_246_352_578_752&sexes=1_2&types=0_1&years=1960_2024,2026-07-30
352,Iceland,2,Female,1,Mortality,1969,160,Lung,C33-C34,10.8520095,15.92550279,20.6700527,18.405466,11.95886152,12,100344,"per 100,000 person-years",Multiple rate definitions; see rate columns,NORDCAN 9.6 (30 June 2026),https://nordcan.iarc.fr/en/dataviz/trends?cancers=160&key=asr_n&populations=208_246_352_578_752&sexes=1_2&types=0_1&years=1960_2024,2026-07-30
352,Iceland,2,Female,1,Mortality,1970,160,Lung,C33-C34,5.259549264,8.369207229,14.21549021,11.54960379,5.945362122,6,100919,"per 100,000 person-years",Multiple rate definitions; see rate columns,NORDCAN 9.6 (30 June 2026),https://nordcan.iarc.fr/en/dataviz/trends?cancers=160&key=asr_n&populations=208_246_352_578_752&sexes=1_2&types=0_1&years=1960_2024,2026-07-30
352,Iceland,2,Female,1,Mortality,1971,160,Lung,C33-C34,11.26314957,15.6144656,19.19143926,18.1024964,11.77648236,12,101898,"per 100,000 person-years",Multiple rate definitions; see rate columns,NORDCAN 9.6 (30 June 2026),https://nordcan.iarc.fr/en/dataviz/trends?cancers=160&key=asr_n&populations=208_246_352_578_752&sexes=1_2&types=0_1&years=1960_2024,2026-07-30
352,Iceland,2,Female,1,Mortality,1972,160,Lung,C33-C34,11.95349367,16.66125679,23.84465989,19.25466929,13.52539393,14,103509,"per 100,000 person-years",Multiple rate definitions; see rate columns,NORDCAN 9.6 (30 June 2026),https://nordcan.iarc.fr/en/dataviz/trends?cancers=160&key=asr_n&populations=208_246_352_578_752&sexes=1_2&types=0_1&years=1960_2024,2026-07-30
352,Iceland,2,Female,1,Mortality,1973,160,Lung,C33-C34,9.15866508,12.58316237,15.61536598,13.46338924,9.519185919,10,105051,"per 100,000 person-years",Multiple rate definitions; see rate columns,NORDCAN 9.6 (30 June 2026),https://nordcan.iarc.fr/en/dataviz/trends?cancers=160&key=asr_n&populations=208_246_352_578_752&sexes=1_2&types=0_1&years=1960_2024,2026-07-30
352,Iceland,2,Female,1,Mortality,1974,160,Lung,C33-C34,9.777612184,13.42147567,18.45169046,16.13176585,10.32980242,11,106488,"per 100,000 person-years",Multiple rate definitions; see rate columns,NORDCAN 9.6 (30 June 2026),https://nordcan.iarc.fr/en/dataviz/trends?cancers=160&key=asr_n&populations=208_246_352_578_752&sexes=1_2&types=0_1&years=1960_2024,2026-07-30
352,Iceland,2,Female,1,Mortality,1975,160,Lung,C33-C34,11.80855051,17.72020948,26.85721395,23.42852874,14.83363155,16,107863,"per 100,000 person-years",Multiple rate definitions; see rate columns,NORDCAN 9.6 (30 June 2026),https://nordcan.iarc.fr/en/dataviz/trends?cancers=160&key=asr_n&populations=208_246_352_578_752&sexes=1_2&types=0_1&years=1960_2024,2026-07-30
352,Iceland,2,Female,1,Mortality,1976,160,Lung,C33-C34,9.52222339,13.83800613,20.01143813,16.86777746,11.0127105,12,108965,"per 100,000 person-years",Multiple rate definitions; see rate columns,NORDCAN 9.6 (30 June 2026),https://nordcan.iarc.fr/en/dataviz/trends?cancers=160&key=asr_n&populations=208_246_352_578_752&sexes=1_2&types=0_1&years=1960_2024,2026-07-30
352,Iceland,2,Female,1,Mortality,1977,160,Lung,C33-C34,14.10484808,20.4959446,29.71697474,25.41656565,17.29505361,19,109858,"per 100,000 person-years",Multiple rate definitions; see rate columns,NORDCAN 9.6 (30 June 2026),https://nordcan.iarc.fr/en/dataviz/trends?cancers=160&key=asr_n&populations=208_246_352_578_752&sexes=1_2&types=0_1&years=1960_2024,2026-07-30
352,Iceland,2,Female,1,Mortality,1978,160,Lung,C33-C34,11.2683711,15.72412985,22.65764745,19.20606097,13.53925029,15,110789,"per 100,000 person-years",Multiple rate definitions; see rate columns,NORDCAN 9.6 (30 June 2026),https://nordcan.iarc.fr/en/dataviz/trends?cancers=160&key=asr_n&populations=208_246_352_578_752&sexes=1_2&types=0_1&years=1960_2024,2026-07-30
352,Iceland,2,Female,1,Mortality,1979,160,Lung,C33-C34,16.64323368,22.92825783,28.45813177,25.01087182,17.87437887,20,111892,"per 100,000 person-years",Multiple rate definitions; see rate columns,NORDCAN 9.6 (30 June 2026),https://nordcan.iarc.fr/en/dataviz/trends?cancers=160&key=asr_n&populations=208_246_352_578_752&sexes=1_2&types=0_1&years=1960_2024,2026-07-30
352,Iceland,2,Female,1,Mortality,1980,160,Lung,C33-C34,20.99080938,30.93932908,46.80772054,39.08898807,27.4037994,31,113123,"per 100,000 person-years",Multiple rate definitions; see rate columns,NORDCAN 9.6 (30 June 2026),https://nordcan.iarc.fr/en/dataviz/trends?cancers=160&key=asr_n&populations=208_246_352_578_752&sexes=1_2&types=0_1&years=1960_2024,2026-07-30
352,Iceland,2,Female,1,Mortality,1981,160,Lung,C33-C34,23.56688998,32.88281955,46.84842547,40.66350573,28.82624761,33,114479,"per 100,000 person-years",Multiple rate definitions; see rate columns,NORDCAN 9.6 (30 June 2026),https://nordcan.iarc.fr/en/dataviz/trends?cancers=160&key=asr_n&populations=208_246_352_578_752&sexes=1_2&types=0_1&years=1960_2024,2026-07-30
352,Iceland,2,Female,1,Mortality,1982,160,Lung,C33-C34,25.87028432,35.92013134,49.68482812,42.68441845,30.15135983,35,116081,"per 100,000 person-years",Multiple rate definitions; see rate columns,NORDCAN 9.6 (30 June 2026),https://nordcan.iarc.fr/en/dataviz/trends?cancers=160&key=asr_n&populations=208_246_352_578_752&sexes=1_2&types=0_1&years=1960_2024,2026-07-30
352,Iceland,2,Female,1,Mortality,1983,160,Lung,C33-C34,20.02097244,29.14689631,44.68672398,36.48679818,26.34195253,31,117683,"per 100,000 person-years",Multiple rate definitions; see rate columns,NORDCAN 9.6 (30 June 2026),https://nordcan.iarc.fr/en/dataviz/trends?cancers=160&key=asr_n&populations=208_246_352_578_752&sexes=1_2&types=0_1&years=1960_2024,2026-07-30
352,Iceland,2,Female,1,Mortality,1984,160,Lung,C33-C34,17.20824755,24.62405306,36.61428825,30.42918221,21.8489231,26,118999,"per 100,000 person-years",Multiple rate definitions; see rate columns,NORDCAN 9.6 (30 June 2026),https://nordcan.iarc.fr/en/dataviz/trends?cancers=160&key=asr_n&populations=208_246_352_578_752&sexes=1_2&types=0_1&years=1960_2024,2026-07-30
352,Iceland,2,Female,1,Mortality,1985,160,Lung,C33-C34,17.37180151,24.45779848,34.60904763,29.06850269,20.82934104,25,120023,"per 100,000 person-years",Multiple rate definitions; see rate columns,NORDCAN 9.6 (30 June 2026),https://nordcan.iarc.fr/en/dataviz/trends?cancers=160&key=asr_n&populations=208_246_352_578_752&sexes=1_2&types=0_1&years=1960_2024,2026-07-30
352,Iceland,2,Female,1,Mortality,1986,160,Lung,C33-C34,20.89760151,29.91079603,41.88778012,36.60854198,25.62089343,31,120995,"per 100,000 person-years",Multiple rate definitions; see rate columns,NORDCAN 9.6 (30 June 2026),https://nordcan.iarc.fr/en/dataviz/trends?cancers=160&key=asr_n&populations=208_246_352_578_752&sexes=1_2&types=0_1&years=1960_2024,2026-07-30
352,Iceland,2,Female,1,Mortality,1987,160,Lung,C33-C34,20.41489052,30.37446527,46.69834184,39.0137947,28.59313601,35,122407,"per 100,000 person-years",Multiple rate definitions; see rate columns,NORDCAN 9.6 (30 June 2026),https://nordcan.iarc.fr/en/dataviz/trends?cancers=160&key=asr_n&populations=208_246_352_578_752&sexes=1_2&types=0_1&years=1960_2024,2026-07-30
352,Iceland,2,Female,1,Mortality,1988,160,Lung,C33-C34,28.15491877,41.49793548,60.12588611,51.44147319,36.99206279,46,124351,"per 100,000 person-years",Multiple rate definitions; see rate columns,NORDCAN 9.6 (30 June 2026),https://nordcan.iarc.fr/en/dataviz/trends?cancers=160&key=asr_n&populations=208_246_352_578_752&sexes=1_2&types=0_1&years=1960_2024,2026-07-30
352,Iceland,2,Female,1,Mortality,1989,160,Lung,C33-C34,23.49677941,34.49893959,52.10927532,44.55126399,32.59504237,41,125786,"per 100,000 person-years",Multiple rate definitions; see rate columns,NORDCAN 9.6 (30 June 2026),https://nordcan.iarc.fr/en/dataviz/trends?cancers=160&key=asr_n&populations=208_246_352_578_752&sexes=1_2&types=0_1&years=1960_2024,2026-07-30
352,Iceland,2,Female,1,Mortality,1990,160,Lung,C33-C34,21.84242414,31.83918912,43.87377781,38.45958913,27.5862069,35,126875,"per 100,000 person-years",Multiple rate definitions; see rate columns,NORDCAN 9.6 (30 June 2026),https://nordcan.iarc.fr/en/dataviz/trends?cancers=160&key=asr_n&populations=208_246_352_578_752&sexes=1_2&types=0_1&years=1960_2024,2026-07-30
352,Iceland,2,Female,1,Mortality,1991,160,Lung,C33-C34,23.91572568,35.32184482,51.50768109,42.88809027,31.89494893,41,128547,"per 100,000 person-years",Multiple rate definitions; see rate columns,NORDCAN 9.6 (30 June 2026),https://nordcan.iarc.fr/en/dataviz/trends?cancers=160&key=asr_n&populations=208_246_352_578_752&sexes=1_2&types=0_1&years=1960_2024,2026-07-30
352,Iceland,2,Female,1,Mortality,1992,160,Lung,C33-C34,29.95350417,42.57545133,60.15006525,50.95916248,38.42222957,50,130133,"per 100,000 person-years",Multiple rate definitions; see rate columns,NORDCAN 9.6 (30 June 2026),https://nordcan.iarc.fr/en/dataviz/trends?cancers=160&key=asr_n&populations=208_246_352_578_752&sexes=1_2&types=0_1&years=1960_2024,2026-07-30
352,Iceland,2,Female,1,Mortality,1993,160,Lung,C33-C34,23.84905172,35.62620963,54.69288901,48.04040621,34.81551561,46,132125,"per 100,000 person-years",Multiple rate definitions; see rate columns,NORDCAN 9.6 (30 June 2026),https://nordcan.iarc.fr/en/dataviz/trends?cancers=160&key=asr_n&populations=208_246_352_578_752&sexes=1_2&types=0_1&years=1960_2024,2026-07-30
352,Iceland,2,Female,1,Mortality,1994,160,Lung,C33-C34,28.4581446,40.73399063,60.39630361,52.35906932,39.97556211,53,132581,"per 100,000 person-years",Multiple rate definitions; see rate columns,NORDCAN 9.6 (30 June 2026),https://nordcan.iarc.fr/en/dataviz/trends?cancers=160&key=asr_n&populations=208_246_352_578_752&sexes=1_2&types=0_1&years=1960_2024,2026-07-30
352,Iceland,2,Female,1,Mortality,1995,160,Lung,C33-C34,22.93035456,32.90277875,49.25575665,41.46274207,32.2529834,43,133321,"per 100,000 person-years",Multiple rate definitions; see rate columns,NORDCAN 9.6 (30 June 2026),https://nordcan.iarc.fr/en/dataviz/trends?cancers=160&key=asr_n&populations=208_246_352_578_752&sexes=1_2&types=0_1&years=1960_2024,2026-07-30
352,Iceland,2,Female,1,Mortality,1996,160,Lung,C33-C34,25.81935372,38.60335078,59.65813729,50.24108311,38.76893713,52,134128,"per 100,000 person-years",Multiple rate definitions; see rate columns,NORDCAN 9.6 (30 June 2026),https://nordcan.iarc.fr/en/dataviz/trends?cancers=160&key=asr_n&populations=208_246_352_578_752&sexes=1_2&types=0_1&years=1960_2024,2026-07-30
352,Iceland,2,Female,1,Mortality,1997,160,Lung,C33-C34,26.45544712,39.14392128,56.12348382,49.18334683,37.00414446,50,135120,"per 100,000 person-years",Multiple rate definitions; see rate columns,NORDCAN 9.6 (30 June 2026),https://nordcan.iarc.fr/en/dataviz/trends?cancers=160&key=asr_n&populations=208_246_352_578_752&sexes=1_2&types=0_1&years=1960_2024,2026-07-30
352,Iceland,2,Female,1,Mortality,1998,160,Lung,C33-C34,24.01300419,35.89659926,54.01170744,45.81647736,35.82355801,49,136781.5,"per 100,000 person-years",Multiple rate definitions; see rate columns,NORDCAN 9.6 (30 June 2026),https://nordcan.iarc.fr/en/dataviz/trends?cancers=160&key=asr_n&populations=208_246_352_578_752&sexes=1_2&types=0_1&years=1960_2024,2026-07-30
352,Iceland,2,Female,1,Mortality,1999,160,Lung,C33-C34,25.12819885,36.86915533,55.24462297,46.8834981,36.82177539,51,138505,"per 100,000 person-years",Multiple rate definitions; see rate columns,NORDCAN 9.6 (30 June 2026),https://nordcan.iarc.fr/en/dataviz/trends?cancers=160&key=asr_n&populations=208_246_352_578_752&sexes=1_2&types=0_1&years=1960_2024,2026-07-30
352,Iceland,2,Female,1,Mortality,2000,160,Lung,C33-C34,26.18060928,38.96689971,59.34973312,49.46903507,39.16332888,55,140437.5,"per 100,000 person-years",Multiple rate definitions; see rate columns,NORDCAN 9.6 (30 June 2026),https://nordcan.iarc.fr/en/dataviz/trends?cancers=160&key=asr_n&populations=208_246_352_578_752&sexes=1_2&types=0_1&years=1960_2024,2026-07-30
352,Iceland,2,Female,1,Mortality,2001,160,Lung,C33-C34,23.79231279,34.65250413,51.43564041,43.16697663,34.43235798,49,142308,"per 100,000 person-years",Multiple rate definitions; see rate columns,NORDCAN 9.6 (30 June 2026),https://nordcan.iarc.fr/en/dataviz/trends?cancers=160&key=asr_n&populations=208_246_352_578_752&sexes=1_2&types=0_1&years=1960_2024,2026-07-30
352,Iceland,2,Female,1,Mortality,2002,160,Lung,C33-C34,22.99134325,33.29130106,49.72791908,41.53878639,33.41350254,48,143654.5,"per 100,000 person-years",Multiple rate definitions; see rate columns,NORDCAN 9.6 (30 June 2026),https://nordcan.iarc.fr/en/dataviz/trends?cancers=160&key=asr_n&populations=208_246_352_578_752&sexes=1_2&types=0_1&years=1960_2024,2026-07-30
352,Iceland,2,Female,1,Mortality,2003,160,Lung,C33-C34,25.68636959,38.58320216,59.82496539,50.01052783,40.78063818,59,144676.5,"per 100,000 person-years",Multiple rate definitions; see rate columns,NORDCAN 9.6 (30 June 2026),https://nordcan.iarc.fr/en/dataviz/trends?cancers=160&key=asr_n&populations=208_246_352_578_752&sexes=1_2&types=0_1&years=1960_2024,2026-07-30
352,Iceland,2,Female,1,Mortality,2004,160,Lung,C33-C34,26.84395787,40.5570689,63.41840651,53.23790809,43.89936072,64,145788,"per 100,000 person-years",Multiple rate definitions; see rate columns,NORDCAN 9.6 (30 June 2026),https://nordcan.iarc.fr/en/dataviz/trends?cancers=160&key=asr_n&populations=208_246_352_578_752&sexes=1_2&types=0_1&years=1960_2024,2026-07-30
352,Iceland,2,Female,1,Mortality,2005,160,Lung,C33-C34,25.1991395,36.91652315,53.95054995,45.44253602,37.95375064,56,147548,"per 100,000 person-years",Multiple rate definitions; see rate columns,NORDCAN 9.6 (30 June 2026),https://nordcan.iarc.fr/en/dataviz/trends?cancers=160&key=asr_n&populations=208_246_352_578_752&sexes=1_2&types=0_1&years=1960_2024,2026-07-30
352,Iceland,2,Female,1,Mortality,2006,160,Lung,C33-C34,27.46102237,39.73614108,58.66232529,49.41222322,41.3629768,62,149892.5,"per 100,000 person-years",Multiple rate definitions; see rate columns,NORDCAN 9.6 (30 June 2026),https://nordcan.iarc.fr/en/dataviz/trends?cancers=160&key=asr_n&populations=208_246_352_578_752&sexes=1_2&types=0_1&years=1960_2024,2026-07-30
352,Iceland,2,Female,1,Mortality,2007,160,Lung,C33-C34,23.98849062,37.13726547,60.63689865,51.09004105,42.53105585,65,152829.5,"per 100,000 person-years",Multiple rate definitions; see rate columns,NORDCAN 9.6 (30 June 2026),https://nordcan.iarc.fr/en/dataviz/trends?cancers=160&key=asr_n&populations=208_246_352_578_752&sexes=1_2&types=0_1&years=1960_2024,2026-07-30
352,Iceland,2,Female,1,Mortality,2008,160,Lung,C33-C34,26.94030877,41.17423512,65.18676203,55.54569889,46.17412133,72,155931.5,"per 100,000 person-years",Multiple rate definitions; see rate columns,NORDCAN 9.6 (30 June 2026),https://nordcan.iarc.fr/en/dataviz/trends?cancers=160&key=asr_n&populations=208_246_352_578_752&sexes=1_2&types=0_1&years=1960_2024,2026-07-30
352,Iceland,2,Female,1,Mortality,2009,160,Lung,C33-C34,23.56070885,36.5467222,62.66070254,51.92529171,43.81035829,69,157497,"per 100,000 person-years",Multiple rate definitions; see rate columns,NORDCAN 9.6 (30 June 2026),https://nordcan.iarc.fr/en/dataviz/trends?cancers=160&key=asr_n&populations=208_246_352_578_752&sexes=1_2&types=0_1&years=1960_2024,2026-07-30
352,Iceland,2,Female,1,Mortality,2010,160,Lung,C33-C34,25.9362061,39.71714155,63.77880533,53.80344306,46.57424125,73,156739,"per 100,000 person-years",Multiple rate definitions; see rate columns,NORDCAN 9.6 (30 June 2026),https://nordcan.iarc.fr/en/dataviz/trends?cancers=160&key=asr_n&populations=208_246_352_578_752&sexes=1_2&types=0_1&years=1960_2024,2026-07-30
352,Iceland,2,Female,1,Mortality,2011,160,Lung,C33-C34,23.96058395,36.58567255,59.39122723,50.20301783,44.80989402,70,156215.5,"per 100,000 person-years",Multiple rate definitions; see rate columns,NORDCAN 9.6 (30 June 2026),https://nordcan.iarc.fr/en/dataviz/trends?cancers=160&key=asr_n&populations=208_246_352_578_752&sexes=1_2&types=0_1&years=1960_2024,2026-07-30
352,Iceland,2,Female,1,Mortality,2012,160,Lung,C33-C34,26.10870228,39.40968923,63.72810956,53.21613994,47.04580927,74,157293.5,"per 100,000 person-years",Multiple rate definitions; see rate columns,NORDCAN 9.6 (30 June 2026),https://nordcan.iarc.fr/en/dataviz/trends?cancers=160&key=asr_n&populations=208_246_352_578_752&sexes=1_2&types=0_1&years=1960_2024,2026-07-30
352,Iceland,2,Female,1,Mortality,2013,160,Lung,C33-C34,20.57345325,31.5109032,54.29425698,45.7315795,41.52314443,66,158947.5,"per 100,000 person-years",Multiple rate definitions; see rate columns,NORDCAN 9.6 (30 June 2026),https://nordcan.iarc.fr/en/dataviz/trends?cancers=160&key=asr_n&populations=208_246_352_578_752&sexes=1_2&types=0_1&years=1960_2024,2026-07-30
352,Iceland,2,Female,1,Mortality,2014,160,Lung,C33-C34,21.75600678,33.33858292,53.45416541,45.57888114,41.06226844,66,160731.5,"per 100,000 person-years",Multiple rate definitions; see rate columns,NORDCAN 9.6 (30 June 2026),https://nordcan.iarc.fr/en/dataviz/trends?cancers=160&key=asr_n&populations=208_246_352_578_752&sexes=1_2&types=0_1&years=1960_2024,2026-07-30
352,Iceland,2,Female,1,Mortality,2015,160,Lung,C33-C34,22.22489267,33.4549571,54.65228838,45.83134281,42.56329748,69,162111.5,"per 100,000 person-years",Multiple rate definitions; see rate columns,NORDCAN 9.6 (30 June 2026),https://nordcan.iarc.fr/en/dataviz/trends?cancers=160&key=asr_n&populations=208_246_352_578_752&sexes=1_2&types=0_1&years=1960_2024,2026-07-30
352,Iceland,2,Female,1,Mortality,2016,160,Lung,C33-C34,23.89480651,37.29619741,62.91069697,52.69397698,50.04500999,82,163852.5,"per 100,000 person-years",Multiple rate definitions; see rate columns,NORDCAN 9.6 (30 June 2026),https://nordcan.iarc.fr/en/dataviz/trends?cancers=160&key=asr_n&populations=208_246_352_578_752&sexes=1_2&types=0_1&years=1960_2024,2026-07-30
352,Iceland,2,Female,1,Mortality,2017,160,Lung,C33-C34,17.37458963,27.72289996,46.89406681,39.76065007,36.58510986,61,166734.5,"per 100,000 person-years",Multiple rate definitions; see rate columns,NORDCAN 9.6 (30 June 2026),https://nordcan.iarc.fr/en/dataviz/trends?cancers=160&key=asr_n&populations=208_246_352_578_752&sexes=1_2&types=0_1&years=1960_2024,2026-07-30
352,Iceland,2,Female,1,Mortality,2018,160,Lung,C33-C34,17.44541396,28.28989161,50.11120438,41.88926572,39.41257614,67,169996.5,"per 100,000 person-years",Multiple rate definitions; see rate columns,NORDCAN 9.6 (30 June 2026),https://nordcan.iarc.fr/en/dataviz/trends?cancers=160&key=asr_n&populations=208_246_352_578_752&sexes=1_2&types=0_1&years=1960_2024,2026-07-30
352,Iceland,2,Female,1,Mortality,2019,160,Lung,C33-C34,18.92612423,29.75093028,50.60332007,42.61129271,41.12163606,71,172658.5,"per 100,000 person-years",Multiple rate definitions; see rate columns,NORDCAN 9.6 (30 June 2026),https://nordcan.iarc.fr/en/dataviz/trends?cancers=160&key=asr_n&populations=208_246_352_578_752&sexes=1_2&types=0_1&years=1960_2024,2026-07-30
352,Iceland,2,Female,1,Mortality,2020,160,Lung,C33-C34,17.79346302,27.62416279,45.04741894,37.80638584,37.71935088,66,174976.5,"per 100,000 person-years",Multiple rate definitions; see rate columns,NORDCAN 9.6 (30 June 2026),https://nordcan.iarc.fr/en/dataviz/trends?cancers=160&key=asr_n&populations=208_246_352_578_752&sexes=1_2&types=0_1&years=1960_2024,2026-07-30
352,Iceland,2,Female,1,Mortality,2021,160,Lung,C33-C34,16.85658532,25.91856883,42.97532716,35.55593327,36.03167409,64,177621.5,"per 100,000 person-years",Multiple rate definitions; see rate columns,NORDCAN 9.6 (30 June 2026),https://nordcan.iarc.fr/en/dataviz/trends?cancers=160&key=asr_n&populations=208_246_352_578_752&sexes=1_2&types=0_1&years=1960_2024,2026-07-30
352,Iceland,2,Female,1,Mortality,2022,160,Lung,C33-C34,19.46796502,31.73849414,57.28408439,48.97119867,46.90392696,85,181221.5,"per 100,000 person-years",Multiple rate definitions; see rate columns,NORDCAN 9.6 (30 June 2026),https://nordcan.iarc.fr/en/dataviz/trends?cancers=160&key=asr_n&populations=208_246_352_578_752&sexes=1_2&types=0_1&years=1960_2024,2026-07-30
352,Iceland,2,Female,1,Mortality,2023,160,Lung,C33-C34,16.23409196,26.07240202,47.01771389,39.79430717,39.4205716,73,185182.5,"per 100,000 person-years",Multiple rate definitions; see rate columns,NORDCAN 9.6 (30 June 2026),https://nordcan.iarc.fr/en/dataviz/trends?cancers=160&key=asr_n&populations=208_246_352_578_752&sexes=1_2&types=0_1&years=1960_2024,2026-07-30
352,Iceland,2,Female,1,Mortality,2024,160,Lung,C33-C34,14.77278343,23.95774768,41.86760635,35.26483777,35.57792894,67,188319,"per 100,000 person-years",Multiple rate definitions; see rate columns,NORDCAN 9.6 (30 June 2026),https://nordcan.iarc.fr/en/dataviz/trends?cancers=160&key=asr_n&populations=208_246_352_578_752&sexes=1_2&types=0_1&years=1960_2024,2026-07-30
578,Norway,2,Female,1,Mortality,1961,160,Lung,C33-C34,2.460401091,3.55231098,5.185873469,4.43812964,3.809780424,69,1811128,"per 100,000 person-years",Multiple rate definitions; see rate columns,NORDCAN 9.6 (30 June 2026),https://nordcan.iarc.fr/en/dataviz/trends?cancers=160&key=asr_n&populations=208_246_352_578_752&sexes=1_2&types=0_1&years=1960_2024,2026-07-30
578,Norway,2,Female,1,Mortality,1962,160,Lung,C33-C34,2.532827169,3.648585258,5.299473928,4.645666649,3.943596708,72,1825744.5,"per 100,000 person-years",Multiple rate definitions; see rate columns,NORDCAN 9.6 (30 June 2026),https://nordcan.iarc.fr/en/dataviz/trends?cancers=160&key=asr_n&populations=208_246_352_578_752&sexes=1_2&types=0_1&years=1960_2024,2026-07-30
578,Norway,2,Female,1,Mortality,1963,160,Lung,C33-C34,2.415214073,3.551012251,5.247471918,4.583910676,3.913792204,72,1839648,"per 100,000 person-years",Multiple rate definitions; see rate columns,NORDCAN 9.6 (30 June 2026),https://nordcan.iarc.fr/en/dataviz/trends?cancers=160&key=asr_n&populations=208_246_352_578_752&sexes=1_2&types=0_1&years=1960_2024,2026-07-30
578,Norway,2,Female,1,Mortality,1964,160,Lung,C33-C34,2.974294005,4.246270358,6.195476979,5.351449577,4.585885131,85,1853513.5,"per 100,000 person-years",Multiple rate definitions; see rate columns,NORDCAN 9.6 (30 June 2026),https://nordcan.iarc.fr/en/dataviz/trends?cancers=160&key=asr_n&populations=208_246_352_578_752&sexes=1_2&types=0_1&years=1960_2024,2026-07-30
578,Norway,2,Female,1,Mortality,1965,160,Lung,C33-C34,2.186003625,3.134337894,4.528146894,3.958803255,3.479676947,65,1867989.5,"per 100,000 person-years",Multiple rate definitions; see rate columns,NORDCAN 9.6 (30 June 2026),https://nordcan.iarc.fr/en/dataviz/trends?cancers=160&key=asr_n&populations=208_246_352_578_752&sexes=1_2&types=0_1&years=1960_2024,2026-07-30
578,Norway,2,Female,1,Mortality,1966,160,Lung,C33-C34,2.552218722,3.696422677,5.456599424,4.683324548,4.246389308,80,1883953.5,"per 100,000 person-years",Multiple rate definitions; see rate columns,NORDCAN 9.6 (30 June 2026),https://nordcan.iarc.fr/en/dataviz/trends?cancers=160&key=asr_n&populations=208_246_352_578_752&sexes=1_2&types=0_1&years=1960_2024,2026-07-30
578,Norway,2,Female,1,Mortality,1967,160,Lung,C33-C34,3.205703745,4.681557178,6.747619401,5.891697216,5.312814298,101,1901064,"per 100,000 person-years",Multiple rate definitions; see rate columns,NORDCAN 9.6 (30 June 2026),https://nordcan.iarc.fr/en/dataviz/trends?cancers=160&key=asr_n&populations=208_246_352_578_752&sexes=1_2&types=0_1&years=1960_2024,2026-07-30
578,Norway,2,Female,1,Mortality,1968,160,Lung,C33-C34,3.339076746,4.811527989,6.854816199,5.961743943,5.421663351,104,1918230.5,"per 100,000 person-years",Multiple rate definitions; see rate columns,NORDCAN 9.6 (30 June 2026),https://nordcan.iarc.fr/en/dataviz/trends?cancers=160&key=asr_n&populations=208_246_352_578_752&sexes=1_2&types=0_1&years=1960_2024,2026-07-30
578,Norway,2,Female,1,Mortality,1969,160,Lung,C33-C34,3.684389777,5.323627406,7.75236138,6.622161202,6.253473973,121,1934924.5,"per 100,000 person-years",Multiple rate definitions; see rate columns,NORDCAN 9.6 (30 June 2026),https://nordcan.iarc.fr/en/dataviz/trends?cancers=160&key=asr_n&populations=208_246_352_578_752&sexes=1_2&types=0_1&years=1960_2024,2026-07-30
578,Norway,2,Female,1,Mortality,1970,160,Lung,C33-C34,3.479771616,4.995377891,7.223170785,6.218882943,5.747123488,112,1948801,"per 100,000 person-years",Multiple rate definitions; see rate columns,NORDCAN 9.6 (30 June 2026),https://nordcan.iarc.fr/en/dataviz/trends?cancers=160&key=asr_n&populations=208_246_352_578_752&sexes=1_2&types=0_1&years=1960_2024,2026-07-30
578,Norway,2,Female,1,Mortality,1971,160,Lung,C33-C34,3.849205753,5.643032723,8.630088442,7.369662755,6.625893636,130,1961999.5,"per 100,000 person-years",Multiple rate definitions; see rate columns,NORDCAN 9.6 (30 June 2026),https://nordcan.iarc.fr/en/dataviz/trends?cancers=160&key=asr_n&populations=208_246_352_578_752&sexes=1_2&types=0_1&years=1960_2024,2026-07-30
578,Norway,2,Female,1,Mortality,1972,160,Lung,C33-C34,3.791024366,5.536764435,8.063874332,6.981279256,6.523940713,129,1977332.5,"per 100,000 person-years",Multiple rate definitions; see rate columns,NORDCAN 9.6 (30 June 2026),https://nordcan.iarc.fr/en/dataviz/trends?cancers=160&key=asr_n&populations=208_246_352_578_752&sexes=1_2&types=0_1&years=1960_2024,2026-07-30
578,Norway,2,Female,1,Mortality,1973,160,Lung,C33-C34,4.321807965,6.054707123,8.124241155,7.11314619,6.877943364,137,1991874.5,"per 100,000 person-years",Multiple rate definitions; see rate columns,NORDCAN 9.6 (30 June 2026),https://nordcan.iarc.fr/en/dataviz/trends?cancers=160&key=asr_n&populations=208_246_352_578_752&sexes=1_2&types=0_1&years=1960_2024,2026-07-30
578,Norway,2,Female,1,Mortality,1974,160,Lung,C33-C34,4.031690665,5.828643957,8.311933696,7.203401971,6.883156915,138,2004894,"per 100,000 person-years",Multiple rate definitions; see rate columns,NORDCAN 9.6 (30 June 2026),https://nordcan.iarc.fr/en/dataviz/trends?cancers=160&key=asr_n&populations=208_246_352_578_752&sexes=1_2&types=0_1&years=1960_2024,2026-07-30
578,Norway,2,Female,1,Mortality,1975,160,Lung,C33-C34,4.562606749,6.580082371,9.517209546,8.251963843,7.933469921,160,2016772,"per 100,000 person-years",Multiple rate definitions; see rate columns,NORDCAN 9.6 (30 June 2026),https://nordcan.iarc.fr/en/dataviz/trends?cancers=160&key=asr_n&populations=208_246_352_578_752&sexes=1_2&types=0_1&years=1960_2024,2026-07-30
578,Norway,2,Female,1,Mortality,1976,160,Lung,C33-C34,4.507615915,6.463600965,9.112949787,7.769884579,7.695487583,156,2027162,"per 100,000 person-years",Multiple rate definitions; see rate columns,NORDCAN 9.6 (30 June 2026),https://nordcan.iarc.fr/en/dataviz/trends?cancers=160&key=asr_n&populations=208_246_352_578_752&sexes=1_2&types=0_1&years=1960_2024,2026-07-30
578,Norway,2,Female,1,Mortality,1977,160,Lung,C33-C34,4.853234717,6.96103639,9.770859195,8.36923801,8.199556586,167,2036695.5,"per 100,000 person-years",Multiple rate definitions; see rate columns,NORDCAN 9.6 (30 June 2026),https://nordcan.iarc.fr/en/dataviz/trends?cancers=160&key=asr_n&populations=208_246_352_578_752&sexes=1_2&types=0_1&years=1960_2024,2026-07-30
578,Norway,2,Female,1,Mortality,1978,160,Lung,C33-C34,4.788600991,6.960849918,10.13079109,8.743307808,8.506325847,174,2045536.5,"per 100,000 person-years",Multiple rate definitions; see rate columns,NORDCAN 9.6 (30 June 2026),https://nordcan.iarc.fr/en/dataviz/trends?cancers=160&key=asr_n&populations=208_246_352_578_752&sexes=1_2&types=0_1&years=1960_2024,2026-07-30
578,Norway,2,Female,1,Mortality,1979,160,Lung,C33-C34,5.322964201,7.680303668,10.68311989,9.349159121,9.10682057,187,2053406,"per 100,000 person-years",Multiple rate definitions; see rate columns,NORDCAN 9.6 (30 June 2026),https://nordcan.iarc.fr/en/dataviz/trends?cancers=160&key=asr_n&populations=208_246_352_578_752&sexes=1_2&types=0_1&years=1960_2024,2026-07-30
578,Norway,2,Female,1,Mortality,1980,160,Lung,C33-C34,5.785580021,8.249374429,11.63005346,9.956743236,9.995632976,206,2060900,"per 100,000 person-years",Multiple rate definitions; see rate columns,NORDCAN 9.6 (30 June 2026),https://nordcan.iarc.fr/en/dataviz/trends?cancers=160&key=asr_n&populations=208_246_352_578_752&sexes=1_2&types=0_1&years=1960_2024,2026-07-30
578,Norway,2,Female,1,Mortality,1981,160,Lung,C33-C34,5.72831809,8.106170011,11.46454972,9.81038461,9.907449919,205,2069150,"per 100,000 person-years",Multiple rate definitions; see rate columns,NORDCAN 9.6 (30 June 2026),https://nordcan.iarc.fr/en/dataviz/trends?cancers=160&key=asr_n&populations=208_246_352_578_752&sexes=1_2&types=0_1&years=1960_2024,2026-07-30
578,Norway,2,Female,1,Mortality,1982,160,Lung,C33-C34,6.93035272,9.745460963,13.43707321,11.64765657,11.64700433,242,2077787.5,"per 100,000 person-years",Multiple rate definitions; see rate columns,NORDCAN 9.6 (30 June 2026),https://nordcan.iarc.fr/en/dataviz/trends?cancers=160&key=asr_n&populations=208_246_352_578_752&sexes=1_2&types=0_1&years=1960_2024,2026-07-30
578,Norway,2,Female,1,Mortality,1983,160,Lung,C33-C34,6.667559362,9.653174757,13.55937372,11.72511802,11.93995784,249,2085434.5,"per 100,000 person-years",Multiple rate definitions; see rate columns,NORDCAN 9.6 (30 June 2026),https://nordcan.iarc.fr/en/dataviz/trends?cancers=160&key=asr_n&populations=208_246_352_578_752&sexes=1_2&types=0_1&years=1960_2024,2026-07-30
578,Norway,2,Female,1,Mortality,1984,160,Lung,C33-C34,7.742560087,10.9483459,15.24821811,13.12247378,13.28685483,278,2092293.5,"per 100,000 person-years",Multiple rate definitions; see rate columns,NORDCAN 9.6 (30 June 2026),https://nordcan.iarc.fr/en/dataviz/trends?cancers=160&key=asr_n&populations=208_246_352_578_752&sexes=1_2&types=0_1&years=1960_2024,2026-07-30
578,Norway,2,Female,1,Mortality,1985,160,Lung,C33-C34,8.476422111,12.30202055,17.54290938,15.08695313,15.43393288,324,2099270.5,"per 100,000 person-years",Multiple rate definitions; see rate columns,NORDCAN 9.6 (30 June 2026),https://nordcan.iarc.fr/en/dataviz/trends?cancers=160&key=asr_n&populations=208_246_352_578_752&sexes=1_2&types=0_1&years=1960_2024,2026-07-30
578,Norway,2,Female,1,Mortality,1986,160,Lung,C33-C34,8.770299698,12.43725044,17.33343227,14.91478096,15.28466986,322,2106686,"per 100,000 person-years",Multiple rate definitions; see rate columns,NORDCAN 9.6 (30 June 2026),https://nordcan.iarc.fr/en/dataviz/trends?cancers=160&key=asr_n&populations=208_246_352_578_752&sexes=1_2&types=0_1&years=1960_2024,2026-07-30
578,Norway,2,Female,1,Mortality,1987,160,Lung,C33-C34,8.515917953,12.1834991,17.08786355,14.56552438,15.21480996,322,2116359,"per 100,000 person-years",Multiple rate definitions; see rate columns,NORDCAN 9.6 (30 June 2026),https://nordcan.iarc.fr/en/dataviz/trends?cancers=160&key=asr_n&populations=208_246_352_578_752&sexes=1_2&types=0_1&years=1960_2024,2026-07-30
578,Norway,2,Female,1,Mortality,1988,160,Lung,C33-C34,10.2313908,14.54048783,19.70506632,17.21001251,17.15734318,365,2127369,"per 100,000 person-years",Multiple rate definitions; see rate columns,NORDCAN 9.6 (30 June 2026),https://nordcan.iarc.fr/en/dataviz/trends?cancers=160&key=asr_n&populations=208_246_352_578_752&sexes=1_2&types=0_1&years=1960_2024,2026-07-30
578,Norway,2,Female,1,Mortality,1989,160,Lung,C33-C34,9.963305106,14.33726174,20.64446547,17.51873486,18.39698158,393,2136220,"per 100,000 person-years",Multiple rate definitions; see rate columns,NORDCAN 9.6 (30 June 2026),https://nordcan.iarc.fr/en/dataviz/trends?cancers=160&key=asr_n&populations=208_246_352_578_752&sexes=1_2&types=0_1&years=1960_2024,2026-07-30
578,Norway,2,Female,1,Mortality,1990,160,Lung,C33-C34,10.54894195,15.10301579,21.48578903,18.27951644,19.07350341,409,2144336,"per 100,000 person-years",Multiple rate definitions; see rate columns,NORDCAN 9.6 (30 June 2026),https://nordcan.iarc.fr/en/dataviz/trends?cancers=160&key=asr_n&populations=208_246_352_578_752&sexes=1_2&types=0_1&years=1960_2024,2026-07-30
578,Norway,2,Female,1,Mortality,1991,160,Lung,C33-C34,10.9834386,15.75198071,22.37128956,18.96551447,19.58640657,422,2154555.5,"per 100,000 person-years",Multiple rate definitions; see rate columns,NORDCAN 9.6 (30 June 2026),https://nordcan.iarc.fr/en/dataviz/trends?cancers=160&key=asr_n&populations=208_246_352_578_752&sexes=1_2&types=0_1&years=1960_2024,2026-07-30
578,Norway,2,Female,1,Mortality,1992,160,Lung,C33-C34,10.69654109,15.19578157,21.11738463,17.91256046,18.32439346,397,2166511,"per 100,000 person-years",Multiple rate definitions; see rate columns,NORDCAN 9.6 (30 June 2026),https://nordcan.iarc.fr/en/dataviz/trends?cancers=160&key=asr_n&populations=208_246_352_578_752&sexes=1_2&types=0_1&years=1960_2024,2026-07-30
578,Norway,2,Female,1,Mortality,1993,160,Lung,C33-C34,11.09035882,16.11371859,23.35295784,19.90298147,20.60475649,449,2179108.5,"per 100,000 person-years",Multiple rate definitions; see rate columns,NORDCAN 9.6 (30 June 2026),https://nordcan.iarc.fr/en/dataviz/trends?cancers=160&key=asr_n&populations=208_246_352_578_752&sexes=1_2&types=0_1&years=1960_2024,2026-07-30
578,Norway,2,Female,1,Mortality,1994,160,Lung,C33-C34,13.47323865,19.09990555,26.70199562,22.73525943,23.08677479,506,2191731,"per 100,000 person-years",Multiple rate definitions; see rate columns,NORDCAN 9.6 (30 June 2026),https://nordcan.iarc.fr/en/dataviz/trends?cancers=160&key=asr_n&populations=208_246_352_578_752&sexes=1_2&types=0_1&years=1960_2024,2026-07-30
578,Norway,2,Female,1,Mortality,1995,160,Lung,C33-C34,12.98354191,18.50603295,26.14621794,22.31004243,22.87244302,504,2203525,"per 100,000 person-years",Multiple rate definitions; see rate columns,NORDCAN 9.6 (30 June 2026),https://nordcan.iarc.fr/en/dataviz/trends?cancers=160&key=asr_n&populations=208_246_352_578_752&sexes=1_2&types=0_1&years=1960_2024,2026-07-30
578,Norway,2,Female,1,Mortality,1996,160,Lung,C33-C34,14.42460422,20.47050819,28.81834438,24.55526066,25.10368817,556,2214814,"per 100,000 person-years",Multiple rate definitions; see rate columns,NORDCAN 9.6 (30 June 2026),https://nordcan.iarc.fr/en/dataviz/trends?cancers=160&key=asr_n&populations=208_246_352_578_752&sexes=1_2&types=0_1&years=1960_2024,2026-07-30
578,Norway,2,Female,1,Mortality,1997,160,Lung,C33-C34,16.31731383,23.24777252,32.41957768,27.6130857,27.75617592,618,2226531.5,"per 100,000 person-years",Multiple rate definitions; see rate columns,NORDCAN 9.6 (30 June 2026),https://nordcan.iarc.fr/en/dataviz/trends?cancers=160&key=asr_n&populations=208_246_352_578_752&sexes=1_2&types=0_1&years=1960_2024,2026-07-30
578,Norway,2,Female,1,Mortality,1998,160,Lung,C33-C34,14.18201498,20.55863331,29.22313312,25.04284242,25.4116384,569,2239131.5,"per 100,000 person-years",Multiple rate definitions; see rate columns,NORDCAN 9.6 (30 June 2026),https://nordcan.iarc.fr/en/dataviz/trends?cancers=160&key=asr_n&populations=208_246_352_578_752&sexes=1_2&types=0_1&years=1960_2024,2026-07-30
578,Norway,2,Female,1,Mortality,1999,160,Lung,C33-C34,13.95932442,19.83959688,28.19541106,23.76639484,24.0064236,541,2253563.5,"per 100,000 person-years",Multiple rate definitions; see rate columns,NORDCAN 9.6 (30 June 2026),https://nordcan.iarc.fr/en/dataviz/trends?cancers=160&key=asr_n&populations=208_246_352_578_752&sexes=1_2&types=0_1&years=1960_2024,2026-07-30
578,Norway,2,Female,1,Mortality,2000,160,Lung,C33-C34,15.81539607,22.93323601,33.22526834,28.16347284,28.54311864,647,2266746,"per 100,000 person-years",Multiple rate definitions; see rate columns,NORDCAN 9.6 (30 June 2026),https://nordcan.iarc.fr/en/dataviz/trends?cancers=160&key=asr_n&populations=208_246_352_578_752&sexes=1_2&types=0_1&years=1960_2024,2026-07-30
578,Norway,2,Female,1,Mortality,2001,160,Lung,C33-C34,16.59934076,23.90349665,34.37680448,28.92020254,29.15946737,664,2277133.5,"per 100,000 person-years",Multiple rate definitions; see rate columns,NORDCAN 9.6 (30 June 2026),https://nordcan.iarc.fr/en/dataviz/trends?cancers=160&key=asr_n&populations=208_246_352_578_752&sexes=1_2&types=0_1&years=1960_2024,2026-07-30
578,Norway,2,Female,1,Mortality,2002,160,Lung,C33-C34,15.85200651,23.36959313,34.20686114,29.21710678,29.74918293,681,2289138.5,"per 100,000 person-years",Multiple rate definitions; see rate columns,NORDCAN 9.6 (30 June 2026),https://nordcan.iarc.fr/en/dataviz/trends?cancers=160&key=asr_n&populations=208_246_352_578_752&sexes=1_2&types=0_1&years=1960_2024,2026-07-30
578,Norway,2,Female,1,Mortality,2003,160,Lung,C33-C34,16.39667047,24.06514086,35.84166899,30.22308895,30.795606,709,2302276.5,"per 100,000 person-years",Multiple rate definitions; see rate columns,NORDCAN 9.6 (30 June 2026),https://nordcan.iarc.fr/en/dataviz/trends?cancers=160&key=asr_n&populations=208_246_352_578_752&sexes=1_2&types=0_1&years=1960_2024,2026-07-30
578,Norway,2,Female,1,Mortality,2004,160,Lung,C33-C34,17.20448716,25.10744957,37.15088498,31.24636094,31.78784378,736,2315350.5,"per 100,000 person-years",Multiple rate definitions; see rate columns,NORDCAN 9.6 (30 June 2026),https://nordcan.iarc.fr/en/dataviz/trends?cancers=160&key=asr_n&populations=208_246_352_578_752&sexes=1_2&types=0_1&years=1960_2024,2026-07-30
578,Norway,2,Female,1,Mortality,2005,160,Lung,C33-C34,17.39589782,25.6408884,38.40256751,32.44700127,33.38675357,778,2330265.5,"per 100,000 person-years",Multiple rate definitions; see rate columns,NORDCAN 9.6 (30 June 2026),https://nordcan.iarc.fr/en/dataviz/trends?cancers=160&key=asr_n&populations=208_246_352_578_752&sexes=1_2&types=0_1&years=1960_2024,2026-07-30
578,Norway,2,Female,1,Mortality,2006,160,Lung,C33-C34,16.95597117,25.12477301,38.34558446,32.37293438,33.70558618,791,2346792,"per 100,000 person-years",Multiple rate definitions; see rate columns,NORDCAN 9.6 (30 June 2026),https://nordcan.iarc.fr/en/dataviz/trends?cancers=160&key=asr_n&populations=208_246_352_578_752&sexes=1_2&types=0_1&years=1960_2024,2026-07-30
578,Norway,2,Female,1,Mortality,2007,160,Lung,C33-C34,18.33302199,27.30127637,41.90994897,35.41070086,37.0180444,876,2366413.5,"per 100,000 person-years",Multiple rate definitions; see rate columns,NORDCAN 9.6 (30 June 2026),https://nordcan.iarc.fr/en/dataviz/trends?cancers=160&key=asr_n&populations=208_246_352_578_752&sexes=1_2&types=0_1&years=1960_2024,2026-07-30
578,Norway,2,Female,1,Mortality,2008,160,Lung,C33-C34,18.87569652,28.07836287,42.98145141,36.49164886,37.64367335,900,2390840,"per 100,000 person-years",Multiple rate definitions; see rate columns,NORDCAN 9.6 (30 June 2026),https://nordcan.iarc.fr/en/dataviz/trends?cancers=160&key=asr_n&populations=208_246_352_578_752&sexes=1_2&types=0_1&years=1960_2024,2026-07-30
578,Norway,2,Female,1,Mortality,2009,160,Lung,C33-C34,16.6433507,24.93657837,38.81468593,32.90654915,34.32840204,830,2417823,"per 100,000 person-years",Multiple rate definitions; see rate columns,NORDCAN 9.6 (30 June 2026),https://nordcan.iarc.fr/en/dataviz/trends?cancers=160&key=asr_n&populations=208_246_352_578_752&sexes=1_2&types=0_1&years=1960_2024,2026-07-30
578,Norway,2,Female,1,Mortality,2010,160,Lung,C33-C34,18.39971183,27.38850316,42.30699038,35.82718126,37.70264918,922,2445451.5,"per 100,000 person-years",Multiple rate definitions; see rate columns,NORDCAN 9.6 (30 June 2026),https://nordcan.iarc.fr/en/dataviz/trends?cancers=160&key=asr_n&populations=208_246_352_578_752&sexes=1_2&types=0_1&years=1960_2024,2026-07-30
578,Norway,2,Female,1,Mortality,2011,160,Lung,C33-C34,17.99943953,26.99669297,41.9189843,35.50618008,37.03662522,916,2473227.5,"per 100,000 person-years",Multiple rate definitions; see rate columns,NORDCAN 9.6 (30 June 2026),https://nordcan.iarc.fr/en/dataviz/trends?cancers=160&key=asr_n&populations=208_246_352_578_752&sexes=1_2&types=0_1&years=1960_2024,2026-07-30
578,Norway,2,Female,1,Mortality,2012,160,Lung,C33-C34,17.48504275,26.41569486,42.30826119,35.56865153,37.62219718,941,2501183,"per 100,000 person-years",Multiple rate definitions; see rate columns,NORDCAN 9.6 (30 June 2026),https://nordcan.iarc.fr/en/dataviz/trends?cancers=160&key=asr_n&populations=208_246_352_578_752&sexes=1_2&types=0_1&years=1960_2024,2026-07-30
578,Norway,2,Female,1,Mortality,2013,160,Lung,C33-C34,18.229006300000002,27.30005129,43.31433111,36.17218052,38.52094596,974,2528494.5,"per 100,000 person-years",Multiple rate definitions; see rate columns,NORDCAN 9.6 (30 June 2026),https://nordcan.iarc.fr/en/dataviz/trends?cancers=160&key=asr_n&populations=208_246_352_578_752&sexes=1_2&types=0_1&years=1960_2024,2026-07-30
578,Norway,2,Female,1,Mortality,2014,160,Lung,C33-C34,17.8320577,26.65580188,41.95827742,35.17207199,37.77943076,965,2554300,"per 100,000 person-years",Multiple rate definitions; see rate columns,NORDCAN 9.6 (30 June 2026),https://nordcan.iarc.fr/en/dataviz/trends?cancers=160&key=asr_n&populations=208_246_352_578_752&sexes=1_2&types=0_1&years=1960_2024,2026-07-30
578,Norway,2,Female,1,Mortality,2015,160,Lung,C33-C34,17.30295476,26.10588055,41.84938527,35.09043225,38.13142813,983,2577926,"per 100,000 person-years",Multiple rate definitions; see rate columns,NORDCAN 9.6 (30 June 2026),https://nordcan.iarc.fr/en/dataviz/trends?cancers=160&key=asr_n&populations=208_246_352_578_752&sexes=1_2&types=0_1&years=1960_2024,2026-07-30
578,Norway,2,Female,1,Mortality,2016,160,Lung,C33-C34,17.24817383,26.42806838,43.46525794,36.27085699,40.09187272,1042,2599030.5,"per 100,000 person-years",Multiple rate definitions; see rate columns,NORDCAN 9.6 (30 June 2026),https://nordcan.iarc.fr/en/dataviz/trends?cancers=160&key=asr_n&populations=208_246_352_578_752&sexes=1_2&types=0_1&years=1960_2024,2026-07-30
578,Norway,2,Female,1,Mortality,2017,160,Lung,C33-C34,16.00887509,24.43264104,39.72616719,33.20010029,37.2008819,974,2618217.5,"per 100,000 person-years",Multiple rate definitions; see rate columns,NORDCAN 9.6 (30 June 2026),https://nordcan.iarc.fr/en/dataviz/trends?cancers=160&key=asr_n&populations=208_246_352_578_752&sexes=1_2&types=0_1&years=1960_2024,2026-07-30
578,Norway,2,Female,1,Mortality,2018,160,Lung,C33-C34,16.10388797,24.90241445,41.51435772,34.72893461,39.31400104,1036,2635193.5,"per 100,000 person-years",Multiple rate definitions; see rate columns,NORDCAN 9.6 (30 June 2026),https://nordcan.iarc.fr/en/dataviz/trends?cancers=160&key=asr_n&populations=208_246_352_578_752&sexes=1_2&types=0_1&years=1960_2024,2026-07-30
578,Norway,2,Female,1,Mortality,2019,160,Lung,C33-C34,16.22347549,24.9091332,41.13771998,34.4579901,39.40305689,1045,2652078.5,"per 100,000 person-years",Multiple rate definitions; see rate columns,NORDCAN 9.6 (30 June 2026),https://nordcan.iarc.fr/en/dataviz/trends?cancers=160&key=asr_n&populations=208_246_352_578_752&sexes=1_2&types=0_1&years=1960_2024,2026-07-30
578,Norway,2,Female,1,Mortality,2020,160,Lung,C33-C34,15.2774163,23.51349318,38.94225604,32.70611259,37.98896258,1013,2666564,"per 100,000 person-years",Multiple rate definitions; see rate columns,NORDCAN 9.6 (30 June 2026),https://nordcan.iarc.fr/en/dataviz/trends?cancers=160&key=asr_n&populations=208_246_352_578_752&sexes=1_2&types=0_1&years=1960_2024,2026-07-30
578,Norway,2,Female,1,Mortality,2021,160,Lung,C33-C34,14.87963461,23.118101,39.1813045,32.78449954,39.02950123,1046,2680024,"per 100,000 person-years",Multiple rate definitions; see rate columns,NORDCAN 9.6 (30 June 2026),https://nordcan.iarc.fr/en/dataviz/trends?cancers=160&key=asr_n&populations=208_246_352_578_752&sexes=1_2&types=0_1&years=1960_2024,2026-07-30
578,Norway,2,Female,1,Mortality,2022,160,Lung,C33-C34,13.7126784,21.51905086,37.07808198,31.13965595,37.36520254,1011,2705726,"per 100,000 person-years",Multiple rate definitions; see rate columns,NORDCAN 9.6 (30 June 2026),https://nordcan.iarc.fr/en/dataviz/trends?cancers=160&key=asr_n&populations=208_246_352_578_752&sexes=1_2&types=0_1&years=1960_2024,2026-07-30
578,Norway,2,Female,1,Mortality,2023,160,Lung,C33-C34,13.36739653,20.91416557,35.68878464,29.86095367,36.43666237,998,2738999.5,"per 100,000 person-years",Multiple rate definitions; see rate columns,NORDCAN 9.6 (30 June 2026),https://nordcan.iarc.fr/en/dataviz/trends?cancers=160&key=asr_n&populations=208_246_352_578_752&sexes=1_2&types=0_1&years=1960_2024,2026-07-30
578,Norway,2,Female,1,Mortality,2024,160,Lung,C33-C34,14.13597376,22.28730746,38.42174666,32.18695588,39.82184697,1101,2764814,"per 100,000 person-years",Multiple rate definitions; see rate columns,NORDCAN 9.6 (30 June 2026),https://nordcan.iarc.fr/en/dataviz/trends?cancers=160&key=asr_n&populations=208_246_352_578_752&sexes=1_2&types=0_1&years=1960_2024,2026-07-30
752,Sweden,2,Female,1,Mortality,1960,160,Lung,C33-C34,3.478213047,5.125322853,7.807750622,6.661154858,5.758898899,216,3750717,"per 100,000 person-years",Multiple rate definitions; see rate columns,NORDCAN 9.6 (30 June 2026),https://nordcan.iarc.fr/en/dataviz/trends?cancers=160&key=asr_n&populations=208_246_352_578_752&sexes=1_2&types=0_1&years=1960_2024,2026-07-30
752,Sweden,2,Female,1,Mortality,1961,160,Lung,C33-C34,3.868427119,5.575669108,8.225573263,7.045539201,6.182959339,233,3768422,"per 100,000 person-years",Multiple rate definitions; see rate columns,NORDCAN 9.6 (30 June 2026),https://nordcan.iarc.fr/en/dataviz/trends?cancers=160&key=asr_n&populations=208_246_352_578_752&sexes=1_2&types=0_1&years=1960_2024,2026-07-30
752,Sweden,2,Female,1,Mortality,1962,160,Lung,C33-C34,3.77036479,5.574487549,8.648971857,7.34997074,6.360606258,241,3788947,"per 100,000 person-years",Multiple rate definitions; see rate columns,NORDCAN 9.6 (30 June 2026),https://nordcan.iarc.fr/en/dataviz/trends?cancers=160&key=asr_n&populations=208_246_352_578_752&sexes=1_2&types=0_1&years=1960_2024,2026-07-30
752,Sweden,2,Female,1,Mortality,1963,160,Lung,C33-C34,3.896651525,5.770392113,8.730750184,7.446080293,6.587312731,251,3810355,"per 100,000 person-years",Multiple rate definitions; see rate columns,NORDCAN 9.6 (30 June 2026),https://nordcan.iarc.fr/en/dataviz/trends?cancers=160&key=asr_n&populations=208_246_352_578_752&sexes=1_2&types=0_1&years=1960_2024,2026-07-30
752,Sweden,2,Female,1,Mortality,1964,160,Lung,C33-C34,3.476714316,5.244899643,8.407939813,7.135898179,6.279213978,241,3838060,"per 100,000 person-years",Multiple rate definitions; see rate columns,NORDCAN 9.6 (30 June 2026),https://nordcan.iarc.fr/en/dataviz/trends?cancers=160&key=asr_n&populations=208_246_352_578_752&sexes=1_2&types=0_1&years=1960_2024,2026-07-30
752,Sweden,2,Female,1,Mortality,1965,160,Lung,C33-C34,3.897778875,5.836656653,9.194845258,7.817442395,6.688749008,259,3872174,"per 100,000 person-years",Multiple rate definitions; see rate columns,NORDCAN 9.6 (30 June 2026),https://nordcan.iarc.fr/en/dataviz/trends?cancers=160&key=asr_n&populations=208_246_352_578_752&sexes=1_2&types=0_1&years=1960_2024,2026-07-30
752,Sweden,2,Female,1,Mortality,1966,160,Lung,C33-C34,3.675626462,5.43972535,8.359548841,7.117221426,6.552372138,256,3906982,"per 100,000 person-years",Multiple rate definitions; see rate columns,NORDCAN 9.6 (30 June 2026),https://nordcan.iarc.fr/en/dataviz/trends?cancers=160&key=asr_n&populations=208_246_352_578_752&sexes=1_2&types=0_1&years=1960_2024,2026-07-30
752,Sweden,2,Female,1,Mortality,1967,160,Lung,C33-C34,4.729113809,6.937355555,10.65793918,9.037456165,8.406902194,331,3937241,"per 100,000 person-years",Multiple rate definitions; see rate columns,NORDCAN 9.6 (30 June 2026),https://nordcan.iarc.fr/en/dataviz/trends?cancers=160&key=asr_n&populations=208_246_352_578_752&sexes=1_2&types=0_1&years=1960_2024,2026-07-30
752,Sweden,2,Female,1,Mortality,1968,160,Lung,C33-C34,4.328661114,6.510489392,10.22624046,8.70579718,7.825676246,310,3961319,"per 100,000 person-years",Multiple rate definitions; see rate columns,NORDCAN 9.6 (30 June 2026),https://nordcan.iarc.fr/en/dataviz/trends?cancers=160&key=asr_n&populations=208_246_352_578_752&sexes=1_2&types=0_1&years=1960_2024,2026-07-30
752,Sweden,2,Female,1,Mortality,1969,160,Lung,C33-C34,4.557862932,6.572345709,9.682963089,8.347762228,8.020225002,320,3989913,"per 100,000 person-years",Multiple rate definitions; see rate columns,NORDCAN 9.6 (30 June 2026),https://nordcan.iarc.fr/en/dataviz/trends?cancers=160&key=asr_n&populations=208_246_352_578_752&sexes=1_2&types=0_1&years=1960_2024,2026-07-30
752,Sweden,2,Female,1,Mortality,1970,160,Lung,C33-C34,4.77816327,7.017278673,10.76685513,9.240121595,8.692281081,350,4026561,"per 100,000 person-years",Multiple rate definitions; see rate columns,NORDCAN 9.6 (30 June 2026),https://nordcan.iarc.fr/en/dataviz/trends?cancers=160&key=asr_n&populations=208_246_352_578_752&sexes=1_2&types=0_1&years=1960_2024,2026-07-30
752,Sweden,2,Female,1,Mortality,1971,160,Lung,C33-C34,5.127074402,7.685864947,12.23686735,10.45677563,9.640065592,391,4055989,"per 100,000 person-years",Multiple rate definitions; see rate columns,NORDCAN 9.6 (30 June 2026),https://nordcan.iarc.fr/en/dataviz/trends?cancers=160&key=asr_n&populations=208_246_352_578_752&sexes=1_2&types=0_1&years=1960_2024,2026-07-30
752,Sweden,2,Female,1,Mortality,1972,160,Lung,C33-C34,5.092865767,7.63077197,11.78235347,10.0354036,9.798124261,399,4072208,"per 100,000 person-years",Multiple rate definitions; see rate columns,NORDCAN 9.6 (30 June 2026),https://nordcan.iarc.fr/en/dataviz/trends?cancers=160&key=asr_n&populations=208_246_352_578_752&sexes=1_2&types=0_1&years=1960_2024,2026-07-30
752,Sweden,2,Female,1,Mortality,1973,160,Lung,C33-C34,5.62173331,8.36127188,12.8289343,10.92793927,10.79859662,441,4083864,"per 100,000 person-years",Multiple rate definitions; see rate columns,NORDCAN 9.6 (30 June 2026),https://nordcan.iarc.fr/en/dataviz/trends?cancers=160&key=asr_n&populations=208_246_352_578_752&sexes=1_2&types=0_1&years=1960_2024,2026-07-30
752,Sweden,2,Female,1,Mortality,1974,160,Lung,C33-C34,5.944763732,8.875411745,13.76900387,11.71544429,11.61146383,476,4099397,"per 100,000 person-years",Multiple rate definitions; see rate columns,NORDCAN 9.6 (30 June 2026),https://nordcan.iarc.fr/en/dataviz/trends?cancers=160&key=asr_n&populations=208_246_352_578_752&sexes=1_2&types=0_1&years=1960_2024,2026-07-30
752,Sweden,2,Female,1,Mortality,1975,160,Lung,C33-C34,6.064919687,9.038701326,14.15007558,12.05750968,12.02029901,495,4118034,"per 100,000 person-years",Multiple rate definitions; see rate columns,NORDCAN 9.6 (30 June 2026),https://nordcan.iarc.fr/en/dataviz/trends?cancers=160&key=asr_n&populations=208_246_352_578_752&sexes=1_2&types=0_1&years=1960_2024,2026-07-30
752,Sweden,2,Female,1,Mortality,1976,160,Lung,C33-C34,5.885175849,8.624837927,13.06661459,11.1756579,11.34112284,469,4135393,"per 100,000 person-years",Multiple rate definitions; see rate columns,NORDCAN 9.6 (30 June 2026),https://nordcan.iarc.fr/en/dataviz/trends?cancers=160&key=asr_n&populations=208_246_352_578_752&sexes=1_2&types=0_1&years=1960_2024,2026-07-30
752,Sweden,2,Female,1,Mortality,1977,160,Lung,C33-C34,6.283694832,9.232394719,14.09199158,12.05876907,12.30417164,511,4153063,"per 100,000 person-years",Multiple rate definitions; see rate columns,NORDCAN 9.6 (30 June 2026),https://nordcan.iarc.fr/en/dataviz/trends?cancers=160&key=asr_n&populations=208_246_352_578_752&sexes=1_2&types=0_1&years=1960_2024,2026-07-30
752,Sweden,2,Female,1,Mortality,1978,160,Lung,C33-C34,6.600332741,9.788217703,15.07224367,12.88829924,13.38537477,558,4168729,"per 100,000 person-years",Multiple rate definitions; see rate columns,NORDCAN 9.6 (30 June 2026),https://nordcan.iarc.fr/en/dataviz/trends?cancers=160&key=asr_n&populations=208_246_352_578_752&sexes=1_2&types=0_1&years=1960_2024,2026-07-30
752,Sweden,2,Female,1,Mortality,1979,160,Lung,C33-C34,6.604674812,9.748387764,14.83942848,12.62189272,13.20190739,552,4181214,"per 100,000 person-years",Multiple rate definitions; see rate columns,NORDCAN 9.6 (30 June 2026),https://nordcan.iarc.fr/en/dataviz/trends?cancers=160&key=asr_n&populations=208_246_352_578_752&sexes=1_2&types=0_1&years=1960_2024,2026-07-30
752,Sweden,2,Female,1,Mortality,1980,160,Lung,C33-C34,7.317853081,10.6719138,15.87765689,13.60395181,14.38178022,603,4192805,"per 100,000 person-years",Multiple rate definitions; see rate columns,NORDCAN 9.6 (30 June 2026),https://nordcan.iarc.fr/en/dataviz/trends?cancers=160&key=asr_n&populations=208_246_352_578_752&sexes=1_2&types=0_1&years=1960_2024,2026-07-30
752,Sweden,2,Female,1,Mortality,1981,160,Lung,C33-C34,8.007649572,11.54210278,16.78116841,14.36951642,15.5667289,654,4201268,"per 100,000 person-years",Multiple rate definitions; see rate columns,NORDCAN 9.6 (30 June 2026),https://nordcan.iarc.fr/en/dataviz/trends?cancers=160&key=asr_n&populations=208_246_352_578_752&sexes=1_2&types=0_1&years=1960_2024,2026-07-30
752,Sweden,2,Female,1,Mortality,1982,160,Lung,C33-C34,7.763436979,11.29704733,16.66508938,14.31584774,15.5207423,653,4207273,"per 100,000 person-years",Multiple rate definitions; see rate columns,NORDCAN 9.6 (30 June 2026),https://nordcan.iarc.fr/en/dataviz/trends?cancers=160&key=asr_n&populations=208_246_352_578_752&sexes=1_2&types=0_1&years=1960_2024,2026-07-30
752,Sweden,2,Female,1,Mortality,1983,160,Lung,C33-C34,7.842365202,11.28133929,16.43592857,14.04787565,15.38357082,648,4212286,"per 100,000 person-years",Multiple rate definitions; see rate columns,NORDCAN 9.6 (30 June 2026),https://nordcan.iarc.fr/en/dataviz/trends?cancers=160&key=asr_n&populations=208_246_352_578_752&sexes=1_2&types=0_1&years=1960_2024,2026-07-30
752,Sweden,2,Female,1,Mortality,1984,160,Lung,C33-C34,8.299101387,12.04745757,17.83691242,15.22034504,16.85529904,711,4218258,"per 100,000 person-years",Multiple rate definitions; see rate columns,NORDCAN 9.6 (30 June 2026),https://nordcan.iarc.fr/en/dataviz/trends?cancers=160&key=asr_n&populations=208_246_352_578_752&sexes=1_2&types=0_1&years=1960_2024,2026-07-30
752,Sweden,2,Female,1,Mortality,1985,160,Lung,C33-C34,8.174119072,11.85122121,17.49943477,15.09748704,16.70390739,706,4226556,"per 100,000 person-years",Multiple rate definitions; see rate columns,NORDCAN 9.6 (30 June 2026),https://nordcan.iarc.fr/en/dataviz/trends?cancers=160&key=asr_n&populations=208_246_352_578_752&sexes=1_2&types=0_1&years=1960_2024,2026-07-30
752,Sweden,2,Female,1,Mortality,1986,160,Lung,C33-C34,8.991809289,12.89511796,18.27076983,15.74901682,17.4630403,740,4237521,"per 100,000 person-years",Multiple rate definitions; see rate columns,NORDCAN 9.6 (30 June 2026),https://nordcan.iarc.fr/en/dataviz/trends?cancers=160&key=asr_n&populations=208_246_352_578_752&sexes=1_2&types=0_1&years=1960_2024,2026-07-30
752,Sweden,2,Female,1,Mortality,1987,160,Lung,C33-C34,9.49735859,13.61462501,19.59566344,16.81662421,18.74078392,797,4252757,"per 100,000 person-years",Multiple rate definitions; see rate columns,NORDCAN 9.6 (30 June 2026),https://nordcan.iarc.fr/en/dataviz/trends?cancers=160&key=asr_n&populations=208_246_352_578_752&sexes=1_2&types=0_1&years=1960_2024,2026-07-30
752,Sweden,2,Female,1,Mortality,1988,160,Lung,C33-C34,9.91269713,14.18282802,20.50306725,17.46424439,19.75536122,844,4272258,"per 100,000 person-years",Multiple rate definitions; see rate columns,NORDCAN 9.6 (30 June 2026),https://nordcan.iarc.fr/en/dataviz/trends?cancers=160&key=asr_n&populations=208_246_352_578_752&sexes=1_2&types=0_1&years=1960_2024,2026-07-30
752,Sweden,2,Female,1,Mortality,1989,160,Lung,C33-C34,9.893359824,14.26117727,20.71691492,17.52996084,19.93492886,857,4298987,"per 100,000 person-years",Multiple rate definitions; see rate columns,NORDCAN 9.6 (30 June 2026),https://nordcan.iarc.fr/en/dataviz/trends?cancers=160&key=asr_n&populations=208_246_352_578_752&sexes=1_2&types=0_1&years=1960_2024,2026-07-30
752,Sweden,2,Female,1,Mortality,1990,160,Lung,C33-C34,9.742728237,13.99639269,20.08584316,17.17719077,19.3036419,836,4330789,"per 100,000 person-years",Multiple rate definitions; see rate columns,NORDCAN 9.6 (30 June 2026),https://nordcan.iarc.fr/en/dataviz/trends?cancers=160&key=asr_n&populations=208_246_352_578_752&sexes=1_2&types=0_1&years=1960_2024,2026-07-30
752,Sweden,2,Female,1,Mortality,1991,160,Lung,C33-C34,10.96263929,15.81585443,22.62572439,19.38868143,21.62815265,943,4360058,"per 100,000 person-years",Multiple rate definitions; see rate columns,NORDCAN 9.6 (30 June 2026),https://nordcan.iarc.fr/en/dataviz/trends?cancers=160&key=asr_n&populations=208_246_352_578_752&sexes=1_2&types=0_1&years=1960_2024,2026-07-30
752,Sweden,2,Female,1,Mortality,1992,160,Lung,C33-C34,11.21760053,16.04139299,22.91698429,19.56625736,21.98169044,964,4385468,"per 100,000 person-years",Multiple rate definitions; see rate columns,NORDCAN 9.6 (30 June 2026),https://nordcan.iarc.fr/en/dataviz/trends?cancers=160&key=asr_n&populations=208_246_352_578_752&sexes=1_2&types=0_1&years=1960_2024,2026-07-30
752,Sweden,2,Female,1,Mortality,1993,160,Lung,C33-C34,10.5294028,15.27409434,22.26476529,18.93061919,21.37935616,943,4410797,"per 100,000 person-years",Multiple rate definitions; see rate columns,NORDCAN 9.6 (30 June 2026),https://nordcan.iarc.fr/en/dataviz/trends?cancers=160&key=asr_n&populations=208_246_352_578_752&sexes=1_2&types=0_1&years=1960_2024,2026-07-30
752,Sweden,2,Female,1,Mortality,1994,160,Lung,C33-C34,11.08761151,15.87654701,22.36844737,19.2272054,21.25098995,944,4442146,"per 100,000 person-years",Multiple rate definitions; see rate columns,NORDCAN 9.6 (30 June 2026),https://nordcan.iarc.fr/en/dataviz/trends?cancers=160&key=asr_n&populations=208_246_352_578_752&sexes=1_2&types=0_1&years=1960_2024,2026-07-30
752,Sweden,2,Female,1,Mortality,1995,160,Lung,C33-C34,12.17873829,17.5798133,25.23051039,21.60641518,24.13911475,1078,4465781,"per 100,000 person-years",Multiple rate definitions; see rate columns,NORDCAN 9.6 (30 June 2026),https://nordcan.iarc.fr/en/dataviz/trends?cancers=160&key=asr_n&populations=208_246_352_578_752&sexes=1_2&types=0_1&years=1960_2024,2026-07-30
752,Sweden,2,Female,1,Mortality,1996,160,Lung,C33-C34,12.81611971,18.40564306,26.24543047,22.41468449,25.0608693,1121,4473109,"per 100,000 person-years",Multiple rate definitions; see rate columns,NORDCAN 9.6 (30 June 2026),https://nordcan.iarc.fr/en/dataviz/trends?cancers=160&key=asr_n&populations=208_246_352_578_752&sexes=1_2&types=0_1&years=1960_2024,2026-07-30
752,Sweden,2,Female,1,Mortality,1997,160,Lung,C33-C34,12.31831646,17.92491656,26.2554634,22.44080935,25.56280058,1144,4475253,"per 100,000 person-years",Multiple rate definitions; see rate columns,NORDCAN 9.6 (30 June 2026),https://nordcan.iarc.fr/en/dataviz/trends?cancers=160&key=asr_n&populations=208_246_352_578_752&sexes=1_2&types=0_1&years=1960_2024,2026-07-30
752,Sweden,2,Female,1,Mortality,1998,160,Lung,C33-C34,12.29717209,17.91699158,26.04909091,22.22593135,25.26125634,1131,4477212,"per 100,000 person-years",Multiple rate definitions; see rate columns,NORDCAN 9.6 (30 June 2026),https://nordcan.iarc.fr/en/dataviz/trends?cancers=160&key=asr_n&populations=208_246_352_578_752&sexes=1_2&types=0_1&years=1960_2024,2026-07-30
752,Sweden,2,Female,1,Mortality,1999,160,Lung,C33-C34,12.74341584,18.43116499,26.76478793,22.7838379,26.00440044,1165,4480011,"per 100,000 person-years",Multiple rate definitions; see rate columns,NORDCAN 9.6 (30 June 2026),https://nordcan.iarc.fr/en/dataviz/trends?cancers=160&key=asr_n&populations=208_246_352_578_752&sexes=1_2&types=0_1&years=1960_2024,2026-07-30
752,Sweden,2,Female,1,Mortality,2000,160,Lung,C33-C34,13.31333192,19.29513382,28.00713242,23.78597483,27.19766011,1220,4485680,"per 100,000 person-years",Multiple rate definitions; see rate columns,NORDCAN 9.6 (30 June 2026),https://nordcan.iarc.fr/en/dataviz/trends?cancers=160&key=asr_n&populations=208_246_352_578_752&sexes=1_2&types=0_1&years=1960_2024,2026-07-30
752,Sweden,2,Female,1,Mortality,2001,160,Lung,C33-C34,14.32906181,20.91266894,30.59800698,25.99697424,29.96420312,1347,4495364,"per 100,000 person-years",Multiple rate definitions; see rate columns,NORDCAN 9.6 (30 June 2026),https://nordcan.iarc.fr/en/dataviz/trends?cancers=160&key=asr_n&populations=208_246_352_578_752&sexes=1_2&types=0_1&years=1960_2024,2026-07-30
752,Sweden,2,Female,1,Mortality,2002,160,Lung,C33-C34,14.06564625,20.54001783,30.36971939,25.74864101,29.9743432,1351,4507188,"per 100,000 person-years",Multiple rate definitions; see rate columns,NORDCAN 9.6 (30 June 2026),https://nordcan.iarc.fr/en/dataviz/trends?cancers=160&key=asr_n&populations=208_246_352_578_752&sexes=1_2&types=0_1&years=1960_2024,2026-07-30
752,Sweden,2,Female,1,Mortality,2003,160,Lung,C33-C34,13.81244884,20.18938753,29.91358752,25.28871875,29.61502895,1339,4521353,"per 100,000 person-years",Multiple rate definitions; see rate columns,NORDCAN 9.6 (30 June 2026),https://nordcan.iarc.fr/en/dataviz/trends?cancers=160&key=asr_n&populations=208_246_352_578_752&sexes=1_2&types=0_1&years=1960_2024,2026-07-30
752,Sweden,2,Female,1,Mortality,2004,160,Lung,C33-C34,15.34878858,22.50953683,33.20644693,28.21365061,32.950919,1495,4537051,"per 100,000 person-years",Multiple rate definitions; see rate columns,NORDCAN 9.6 (30 June 2026),https://nordcan.iarc.fr/en/dataviz/trends?cancers=160&key=asr_n&populations=208_246_352_578_752&sexes=1_2&types=0_1&years=1960_2024,2026-07-30
752,Sweden,2,Female,1,Mortality,2005,160,Lung,C33-C34,15.78606973,23.24626107,34.48833318,29.28057364,34.41575684,1567,4553147,"per 100,000 person-years",Multiple rate definitions; see rate columns,NORDCAN 9.6 (30 June 2026),https://nordcan.iarc.fr/en/dataviz/trends?cancers=160&key=asr_n&populations=208_246_352_578_752&sexes=1_2&types=0_1&years=1960_2024,2026-07-30
752,Sweden,2,Female,1,Mortality,2006,160,Lung,C33-C34,15.32057585,22.59451782,34.33473757,28.96714164,34.61937916,1584,4575472,"per 100,000 person-years",Multiple rate definitions; see rate columns,NORDCAN 9.6 (30 June 2026),https://nordcan.iarc.fr/en/dataviz/trends?cancers=160&key=asr_n&populations=208_246_352_578_752&sexes=1_2&types=0_1&years=1960_2024,2026-07-30
752,Sweden,2,Female,1,Mortality,2007,160,Lung,C33-C34,15.69649021,23.30395302,35.80132082,30.08208103,35.87891171,1652,4604376,"per 100,000 person-years",Multiple rate definitions; see rate columns,NORDCAN 9.6 (30 June 2026),https://nordcan.iarc.fr/en/dataviz/trends?cancers=160&key=asr_n&populations=208_246_352_578_752&sexes=1_2&types=0_1&years=1960_2024,2026-07-30
752,Sweden,2,Female,1,Mortality,2008,160,Lung,C33-C34,15.61066491,23.05933616,35.27562873,29.66137339,35.78649505,1659,4635827,"per 100,000 person-years",Multiple rate definitions; see rate columns,NORDCAN 9.6 (30 June 2026),https://nordcan.iarc.fr/en/dataviz/trends?cancers=160&key=asr_n&populations=208_246_352_578_752&sexes=1_2&types=0_1&years=1960_2024,2026-07-30
752,Sweden,2,Female,1,Mortality,2009,160,Lung,C33-C34,15.42341852,22.73995126,34.95728963,29.30701181,35.48682118,1658,4672157,"per 100,000 person-years",Multiple rate definitions; see rate columns,NORDCAN 9.6 (30 June 2026),https://nordcan.iarc.fr/en/dataviz/trends?cancers=160&key=asr_n&populations=208_246_352_578_752&sexes=1_2&types=0_1&years=1960_2024,2026-07-30
752,Sweden,2,Female,1,Mortality,2010,160,Lung,C33-C34,15.01623274,22.33131657,34.54253731,28.95730898,35.27661239,1661,4708502,"per 100,000 person-years",Multiple rate definitions; see rate columns,NORDCAN 9.6 (30 June 2026),https://nordcan.iarc.fr/en/dataviz/trends?cancers=160&key=asr_n&populations=208_246_352_578_752&sexes=1_2&types=0_1&years=1960_2024,2026-07-30
752,Sweden,2,Female,1,Mortality,2011,160,Lung,C33-C34,14.69004362,22.09224841,35.06200554,29.4095209,36.09186868,1711,4740680,"per 100,000 person-years",Multiple rate definitions; see rate columns,NORDCAN 9.6 (30 June 2026),https://nordcan.iarc.fr/en/dataviz/trends?cancers=160&key=asr_n&populations=208_246_352_578_752&sexes=1_2&types=0_1&years=1960_2024,2026-07-30
752,Sweden,2,Female,1,Mortality,2012,160,Lung,C33-C34,14.34494054,21.63804123,34.58505758,28.89025218,35.74265207,1706,4773009,"per 100,000 person-years",Multiple rate definitions; see rate columns,NORDCAN 9.6 (30 June 2026),https://nordcan.iarc.fr/en/dataviz/trends?cancers=160&key=asr_n&populations=208_246_352_578_752&sexes=1_2&types=0_1&years=1960_2024,2026-07-30
752,Sweden,2,Female,1,Mortality,2013,160,Lung,C33-C34,15.03113105,22.61983841,35.9056339,30.24331751,37.2537655,1792,4810252,"per 100,000 person-years",Multiple rate definitions; see rate columns,NORDCAN 9.6 (30 June 2026),https://nordcan.iarc.fr/en/dataviz/trends?cancers=160&key=asr_n&populations=208_246_352_578_752&sexes=1_2&types=0_1&years=1960_2024,2026-07-30
752,Sweden,2,Female,1,Mortality,2014,160,Lung,C33-C34,15.08118247,22.80567037,36.41348501,30.59465103,38.08098226,1848,4852816,"per 100,000 person-years",Multiple rate definitions; see rate columns,NORDCAN 9.6 (30 June 2026),https://nordcan.iarc.fr/en/dataviz/trends?cancers=160&key=asr_n&populations=208_246_352_578_752&sexes=1_2&types=0_1&years=1960_2024,2026-07-30
752,Sweden,2,Female,1,Mortality,2015,160,Lung,C33-C34,14.24824603,21.62389346,35.11265077,29.27776243,37.05904333,1815,4897590,"per 100,000 person-years",Multiple rate definitions; see rate columns,NORDCAN 9.6 (30 June 2026),https://nordcan.iarc.fr/en/dataviz/trends?cancers=160&key=asr_n&populations=208_246_352_578_752&sexes=1_2&types=0_1&years=1960_2024,2026-07-30
752,Sweden,2,Female,1,Mortality,2016,160,Lung,C33-C34,14.22649815,21.61821967,35.07185914,29.34286342,37.00311901,1832,4950934,"per 100,000 person-years",Multiple rate definitions; see rate columns,NORDCAN 9.6 (30 June 2026),https://nordcan.iarc.fr/en/dataviz/trends?cancers=160&key=asr_n&populations=208_246_352_578_752&sexes=1_2&types=0_1&years=1960_2024,2026-07-30
752,Sweden,2,Female,1,Mortality,2017,160,Lung,C33-C34,14.3021005,21.92428786,36.17033025,30.11508367,38.58515252,1933,5009699,"per 100,000 person-years",Multiple rate definitions; see rate columns,NORDCAN 9.6 (30 June 2026),https://nordcan.iarc.fr/en/dataviz/trends?cancers=160&key=asr_n&populations=208_246_352_578_752&sexes=1_2&types=0_1&years=1960_2024,2026-07-30
752,Sweden,2,Female,1,Mortality,2018,160,Lung,C33-C34,13.44537013,20.57846955,33.99647714,28.456231,36.40372302,1843,5062669,"per 100,000 person-years",Multiple rate definitions; see rate columns,NORDCAN 9.6 (30 June 2026),https://nordcan.iarc.fr/en/dataviz/trends?cancers=160&key=asr_n&populations=208_246_352_578_752&sexes=1_2&types=0_1&years=1960_2024,2026-07-30
752,Sweden,2,Female,1,Mortality,2019,160,Lung,C33-C34,13.14799609,20.34585833,34.06163498,28.46840539,36.89015053,1885,5109765,"per 100,000 person-years",Multiple rate definitions; see rate columns,NORDCAN 9.6 (30 June 2026),https://nordcan.iarc.fr/en/dataviz/trends?cancers=160&key=asr_n&populations=208_246_352_578_752&sexes=1_2&types=0_1&years=1960_2024,2026-07-30
752,Sweden,2,Female,1,Mortality,2020,160,Lung,C33-C34,12.18791823,19.11873121,32.71353272,27.33601682,35.92453282,1848,5144117,"per 100,000 person-years",Multiple rate definitions; see rate columns,NORDCAN 9.6 (30 June 2026),https://nordcan.iarc.fr/en/dataviz/trends?cancers=160&key=asr_n&populations=208_246_352_578_752&sexes=1_2&types=0_1&years=1960_2024,2026-07-30
752,Sweden,2,Female,1,Mortality,2021,160,Lung,C33-C34,12.271266,19.17877074,32.75063397,27.31248853,36.27728914,1877,5174036,"per 100,000 person-years",Multiple rate definitions; see rate columns,NORDCAN 9.6 (30 June 2026),https://nordcan.iarc.fr/en/dataviz/trends?cancers=160&key=asr_n&populations=208_246_352_578_752&sexes=1_2&types=0_1&years=1960_2024,2026-07-30
752,Sweden,2,Female,1,Mortality,2022,160,Lung,C33-C34,11.74400937,18.55063502,32.41979272,27.08670053,36.56313449,1904,5207431,"per 100,000 person-years",Multiple rate definitions; see rate columns,NORDCAN 9.6 (30 June 2026),https://nordcan.iarc.fr/en/dataviz/trends?cancers=160&key=asr_n&populations=208_246_352_578_752&sexes=1_2&types=0_1&years=1960_2024,2026-07-30
752,Sweden,2,Female,1,Mortality,2023,160,Lung,C33-C34,11.79430994,18.70660767,32.54360268,27.26376873,37.18066208,1945,5231214,"per 100,000 person-years",Multiple rate definitions; see rate columns,NORDCAN 9.6 (30 June 2026),https://nordcan.iarc.fr/en/dataviz/trends?cancers=160&key=asr_n&populations=208_246_352_578_752&sexes=1_2&types=0_1&years=1960_2024,2026-07-30
752,Sweden,2,Female,1,Mortality,2024,160,Lung,C33-C34,11.73686589,18.55574633,32.37976576,27.06671291,37.45909636,1967,5251061,"per 100,000 person-years",Multiple rate definitions; see rate columns,NORDCAN 9.6 (30 June 2026),https://nordcan.iarc.fr/en/dataviz/trends?cancers=160&key=asr_n&populations=208_246_352_578_752&sexes=1_2&types=0_1&years=1960_2024,2026-07-30
